Closure ID,Source Batch,Source Image ID,Previous Status,No-Pay Status,Manifest Action,Priority,Image Need Category,Crop / System,Subject / Process,Visible Cue / Target Cue,Existing File / Source Record,Source Type,Original Source URL,License,Commercial Use Allowed?,Modification Allowed?,Attribution Required?,Rights / Production Risk,Recommended Manuscript Treatment,Self-Photo Opportunity?,Caption / Label Action,Reason for Closure Decision,Verification Still Needed,Search Terms / Rejected Alternatives,Notes
B30_001,B26_AbioticRootSoilWater_PestLifecycle,B26_01,Use candidate,Use Candidate,Keep in active candidate pool — not final cleared,High,Abiotic stress and lookalikes,Pepper,Sunscald on exposed fruit,Large pale sunken/bleached patch on exposed bell pepper fruit,LSE_FOUND_B26_ABIOTIC_Pepper_Sunscald_ExposedFruit_DonFerrin_Bugwood_CC-BY-3.jpg,Wikimedia / Bugwood,https://commons.wikimedia.org/wiki/File:5411486-PPT-Suncald_on_exposed_bell_pepper_fruit.jpg,Creative Commons Attribution 3.0,Yes,Yes,Yes,None identified,"Use existing clean image; complete final caption, alt text, factual-label, figure-numbering, and layout review.",No,Do not imply every pale fruit lesion is sunscald; note exposure history and canopy loss.,No-pay usable candidate carried forward because existing metadata indicates commercial-safe/public-use/CC0/CC BY/USDA-style rights and useful instructional value.,Final caption/pathology review before layout.,pepper sunscald fruit CC BY Bugwood; bell pepper sunscald exposed fruit Wikimedia | Rejected: Tomato sunscald Bugwood/invasive.org result not downloaded because direct exact image page/access was unreliable in this pass.,Strong candidate for abiotic lookalike set.
B30_002,B26_AbioticRootSoilWater_PestLifecycle,B26_02,Use candidate,Use Candidate,Keep in active candidate pool — not final cleared,High,Abiotic stress and lookalikes,Tomato,Fruit cracking / irregular water uptake cue,Cracked ripe tomato fruit,LSE_FOUND_B26_ABIOTIC_Tomato_FruitCracking_IrregularIrrigationCue_Fructibus_CC0.jpg,Wikimedia,https://commons.wikimedia.org/wiki/File:Cracked_tomato_2017_C.jpg,CC0 1.0,Yes,Yes,No,None identified,"Use existing clean image; complete final caption, alt text, factual-label, figure-numbering, and layout review.",No,Do not state that irregular irrigation is the only cause.,No-pay usable candidate carried forward because existing metadata indicates commercial-safe/public-use/CC0/CC BY/USDA-style rights and useful instructional value.,Final horticulture caption review.,cracked tomato fruit CC0; tomato fruit cracking Wikimedia Commons | Rejected: Generic harvested tomato photos without diagnostic cracking rejected.,Good harvest/abiotic failure-mode candidate.
B30_003,B26_AbioticRootSoilWater_PestLifecycle,B26_03,Conditional,Conditional,Keep only if production accepts obligations; otherwise substitute text/self-photo,Medium,Abiotic stress and lookalikes,Tomato,Catfacing / physiological fruit deformity,Deeply distorted tomato blossom-end scar / catface deformity,LSE_FOUND_B26_ABIOTIC_Tomato_Catfacing_FruitDeformity_ParthasarathySeethapathy_CC-BY-SA-4.jpg,Wikimedia,https://commons.wikimedia.org/wiki/File:Cat_face_of_tomato.jpg,Creative Commons Attribution-ShareAlike 4.0,Yes,Yes,Yes,ShareAlike production review needed,Conditional image; do not final-clear until ShareAlike/GFDL/caption/host mismatch/review issue is resolved.,No,Avoid attributing to heat alone; multiple weather and flower-development stresses can contribute.,"Image remains useful but carries ShareAlike/GFDL, host/crop mismatch, resolution, or provenance/caption review risk.",Confirm ShareAlike handling and final horticulture wording. | ShareAlike/GFDL production compatibility review required.,tomato catfacing CC BY-SA; cat face of tomato Wikimedia | Rejected: Stock-like deformity photos without license clarity rejected.,Potential inset in fruit-disorder plate.
B30_004,B26_AbioticRootSoilWater_PestLifecycle,B26_04,Use candidate,Use Candidate,Keep in active candidate pool — not final cleared,Medium,Abiotic / physical damage,Tomato,Hail injury / storm damage,Hail-damaged tomato plants with broken foliage/stems and fruit damage,LSE_FOUND_B26_ABIOTIC_Tomato_HailDamage_BruisedBrokenStems_DwightSipler_CC-BY-2.jpg,Wikimedia,https://commons.wikimedia.org/wiki/File:Hail_Damage_on_Tomatoes.jpg,Creative Commons Attribution 2.0,Yes,Yes,Yes,None identified,"Use existing clean image; complete final caption, alt text, factual-label, figure-numbering, and layout review.",No,Use only where storm context is explicit; do not diagnose from torn leaves alone.,No-pay usable candidate carried forward because existing metadata indicates commercial-safe/public-use/CC0/CC BY/USDA-style rights and useful instructional value.,Final caption review.,hail damage tomatoes CC BY Wikimedia; tomato hail damage photo Creative Commons | Rejected: Generic storm-damaged plant photos with unclear crop context rejected.,Useful North Texas storm-cycle failure-mode photo.
B30_005,B26_AbioticRootSoilWater_PestLifecycle,B26_05,Use candidate,Use Candidate,Keep in active candidate pool — not final cleared,High,Root and hidden-cause diagnostics,Container / transplant roots,Rootbound transplant / circling roots,Dense circling roots around a containerized root ball,LSE_FOUND_B26_ROOTS_Container_Rootbound_CirclingRoots_B137_CC0.jpg,Wikimedia,https://commons.wikimedia.org/wiki/File:Root_bound_palm_tree.jpg,CC0 1.0,Yes,Yes,No,None identified,"Use existing clean image; complete final caption, alt text, factual-label, figure-numbering, and layout review.",No,Do not label as vegetable crop roots; source host is palm.,No-pay usable candidate carried forward because existing metadata indicates commercial-safe/public-use/CC0/CC BY/USDA-style rights and useful instructional value.,Decide whether host mismatch is acceptable for final placement.,rootbound transplant roots CC0; circling roots container plant Wikimedia | Rejected: Extension rootbound vegetable images with unclear reuse rights rejected.,"May be better than no photo for rootbound diagnosis, but a vegetable-specific replacement would be preferable."
B30_006,B26_AbioticRootSoilWater_PestLifecycle,B26_06,Use candidate,Use Candidate,Keep in active candidate pool — not final cleared,High,Root and hidden-cause diagnostics,Tomato,Root-knot nematode galling,Galled tomato root system,LSE_FOUND_B26_ROOTS_Tomato_RootKnotNematode_GalledRoots_PlantPestsDiseases_CC0.jpg,Wikimedia,https://commons.wikimedia.org/wiki/File:Tomato_(Solanum_lycopersicum)-_Root_knot_nematodes_-_27421750599.jpg,CC0 1.0,Yes,Yes,No,None identified,"Use existing clean image; complete final caption, alt text, factual-label, figure-numbering, and layout review.",No,Do not state that all root swellings are root-knot; distinguish from nodules and other root deformities.,No-pay usable candidate carried forward because existing metadata indicates commercial-safe/public-use/CC0/CC BY/USDA-style rights and useful instructional value.,Final nematology caption review.,Meloidogyne incognita tomato root gall CC0; tomato root-knot nematode galled roots Wikimedia | Rejected: Generic root-knot images on non-vegetable hosts rejected or deprioritized.,Strong root-diagnostics candidate.
B30_007,B26_AbioticRootSoilWater_PestLifecycle,B26_07,Use candidate,Use Candidate,Keep in active candidate pool — not final cleared,High,"Compost, mulch, soil structure, and organic matter",Compost / food-waste compost,"Compost maturity, temperature, and contamination inspection",People checking compost temperature and inspecting harvested food-waste compost for non-decomposed contaminants,LSE_FOUND_B26_COMPOST_Compost_MaturityContamination_TemperatureInspection_StephenAusmus_USDA-PD.jpg,USDA,https://www.ars.usda.gov/oc/images/photos/sep09/d1635-8/,USDA ARS public domain / copyright-free unless otherwise indicated N/A,Yes,Yes,No legally required; ARS credit requested,None identified,"Use existing clean image; complete final caption, alt text, factual-label, figure-numbering, and layout review.",No,Do not present as a home-scale pile unless caption specifies source context.,No-pay usable candidate carried forward because existing metadata indicates commercial-safe/public-use/CC0/CC BY/USDA-style rights and useful instructional value.,Commercial layout review for identifiable people; final credit line.,USDA ARS compost temperature inspection D1635-8; compost contamination inspection USDA photo | Rejected: Generic compost pile photos without maturity/contamination cue rejected.,Best found compost QC photo in this batch.
B30_008,B26_AbioticRootSoilWater_PestLifecycle,B26_08,Use candidate,Use Candidate,Keep in active candidate pool — not final cleared,High,"Compost, mulch, soil structure, and organic matter",Soil structure / aggregate stability,Aggregate stability / slake comparison,Side-by-side soil aggregate stability comparison in water,LSE_FOUND_B26_SOIL_AggregateStability_SlakeComparison_LanceCheung_USDA-PD.jpg,USDA / Wikimedia mirror,https://commons.wikimedia.org/wiki/File:The_Bundled_Benefits_of_Soil_Health_11.jpg,Public domain / USDA work N/A,Yes,Yes,No legally required; credit recommended,None identified,"Use existing clean image; complete final caption, alt text, factual-label, figure-numbering, and layout review.",No,Do not overclaim as a complete soil-health test; it is one indicator.,No-pay usable candidate carried forward because existing metadata indicates commercial-safe/public-use/CC0/CC BY/USDA-style rights and useful instructional value.,Final soil-diagnostics caption review.,USDA aggregate stability slake test Lance Cheung; soil aggregate stability public domain photo | Rejected: Soil hand/crumb beauty shots rejected as less instructional.,Excellent process/diagnostic photo.
B30_009,B26_AbioticRootSoilWater_PestLifecycle,B26_09,Use candidate,Use Candidate,Keep in active candidate pool — not final cleared,High,Water management and irrigation,Drip irrigation / root-zone water,Subsurface drip wetting pattern,Soil wetting pattern and water-content measurement probes around subsurface drip irrigation,LSE_FOUND_B26_WATER_DripIrrigation_WettingPattern_PeggyGreb_USDA-PD.jpg,USDA,https://www.ars.usda.gov/oc/images/photos/apr08/d1094-1/,USDA ARS public domain / copyright-free unless otherwise indicated N/A,Yes,Yes,No legally required; ARS credit requested,None identified,"Use existing clean image; complete final caption, alt text, factual-label, figure-numbering, and layout review.",No,"Cotton/research context; use as process photo, not vegetable-specific layout.",No-pay usable candidate carried forward because existing metadata indicates commercial-safe/public-use/CC0/CC BY/USDA-style rights and useful instructional value.,Commercial layout review for identifiable person; final credit line.,D1094-1 drip wetting pattern USDA ARS; subsurface drip irrigation wetting pattern photo | Rejected: Generic drip line photos rejected because they do not reveal wetting front.,Strong water-management process photo.
B30_010,B26_AbioticRootSoilWater_PestLifecycle,B26_10,Conditional,Conditional,Keep only if production accepts obligations; otherwise substitute text/self-photo,High,Pest lifecycle and scouting gaps,Cucurbits / pumpkin/squash,Squash bug egg cluster,Bronze/brown egg cluster on underside of pumpkin leaf,LSE_FOUND_B26_PEST_SquashBug_EggCluster_UndersidePumpkinLeaf_Bdm25_CC-BY-SA-4.jpg,Wikimedia,https://commons.wikimedia.org/wiki/File:Squash_bug_eggs.jpg,Creative Commons Attribution-ShareAlike 4.0,Yes,Yes,Yes,ShareAlike production review needed,Conditional image; do not final-clear until ShareAlike/GFDL/caption/host mismatch/review issue is resolved.,No,Do not identify as Anasa tristis with certainty unless a reviewer accepts the source/title evidence.,"Image remains useful but carries ShareAlike/GFDL, host/crop mismatch, resolution, or provenance/caption review risk.",Entomology/source-ID review and ShareAlike production review. | ShareAlike/GFDL production compatibility review required.,squash bug eggs CC BY-SA pumpkin leaf; Anasa tristis egg cluster Wikimedia | Rejected: Lower-resolution source-confirmed Anasa tristis egg image also included as B26_11.,High-resolution but ID nuance.
B30_011,B26_AbioticRootSoilWater_PestLifecycle,B26_11,Conditional,Conditional,Keep only if production accepts obligations; otherwise substitute text/self-photo,High,Pest lifecycle and scouting gaps,Cucurbits / squash,Squash bug egg cluster,Eggs of Anasa tristis on squash leaf,LSE_FOUND_B26_PEST_SquashBug_EggCluster_AnasaTristis_BeatrizMoisset_CC-BY-SA-4.jpg,Wikimedia,https://commons.wikimedia.org/wiki/File:Anasa_tristis_eggs.jpg,Creative Commons Attribution-ShareAlike 4.0,Yes,Yes,Yes,ShareAlike production review needed,Conditional image; do not final-clear until ShareAlike/GFDL/caption/host mismatch/review issue is resolved.,No,Use as inset or source-confirmed reference; check print resolution.,"Image remains useful but carries ShareAlike/GFDL, host/crop mismatch, resolution, or provenance/caption review risk.",ShareAlike production review; resolution check for print size. | ShareAlike/GFDL production compatibility review required.,Anasa tristis eggs Wikimedia; squash bug eggs source-confirmed CC BY-SA | Rejected: High-resolution Coreidae egg image included separately because visual quality is better but ID confidence lower.,"ID-strong, resolution-weaker egg candidate."
B30_012,B26_AbioticRootSoilWater_PestLifecycle,B26_12,Use candidate,Use Candidate,Keep in active candidate pool — not final cleared,High,Pest lifecycle and scouting gaps,Summer squash,Squash bug nymphs,Cluster of squash bug nymphs on yellow summer squash plant,LSE_FOUND_B26_PEST_SquashBug_Nymphs_OnSummerSquash_Pollinator_CC-BY-2-5.jpg,Wikimedia,https://commons.wikimedia.org/wiki/File:Squash_bug_nymph_1736.JPG,Creative Commons Attribution 2.5,Yes,Yes,Yes,No ShareAlike if using CC BY 2.5 option,"Use existing clean image; complete final caption, alt text, factual-label, figure-numbering, and layout review.",No,Pair with egg and adult image for lifecycle context.,No-pay usable candidate carried forward because existing metadata indicates commercial-safe/public-use/CC0/CC BY/USDA-style rights and useful instructional value.,Final entomology caption review.,squash bug nymphs Anasa tristis yellow summer squash CC BY; squash bug nymph Wikimedia | Rejected: Isolated adult photos without crop context deprioritized.,Strong lifecycle/action-window photo.
B30_013,B26_AbioticRootSoilWater_PestLifecycle,B26_13,Conditional,Conditional,Keep only if production accepts obligations; otherwise substitute text/self-photo,Medium,Pest lifecycle and scouting gaps,Cucurbits / squash,Adult squash bug identification,Adult Anasa tristis on a hand/finger,LSE_FOUND_B26_PEST_SquashBug_Adult_MarginalResolution_Downtowngal_CC0.jpg,Wikimedia,https://commons.wikimedia.org/wiki/File:Squash_bug_adult.jpg,CC0 1.0,Yes,Yes,No,None identified,Conditional image; do not final-clear until ShareAlike/GFDL/caption/host mismatch/review issue is resolved.,No,Do not use as main crop-damage photo; better adult-in-crop replacement preferred.,"Image remains useful but carries ShareAlike/GFDL, host/crop mismatch, resolution, or provenance/caption review risk.",Print-resolution check; search for stronger adult crop-context photo.,adult Anasa tristis CC0; squash bug adult Wikimedia | Rejected: Stock-like adult squash bug images and unclear-rights extension photos rejected.,"Conditional due image quality/context, not rights."
B30_014,B26_AbioticRootSoilWater_PestLifecycle,B26_NS_01,No suitable found photo,Text-Only Coverage,Do not keep searching broadly; cover with text/table/confirm-by box,High,Abiotic stress and lookalikes,Vegetable crops,Heat stress progression,"leaf rolling, scorch, blossom drop progression in source-confirmed vegetable crops",,No suitable found photo,,,VERIFY,VERIFY,VERIFY,N/A,"Use conservative diagnostic text, comparison table, checklist, or existing clean substitute rather than an image.",No,"Commission, obtain permission, or leave unfilled rather than using a weak/unclear photo.","Need remains useful, but Batch 26–29 results show it is too specific, rights-locked, or not cleanly available online; no-pay policy prevents permission or paid licensing.",No photo to verify; manuscript text still requires source review.,site:commons.wikimedia.org heat stress tomato leaves; vegetable heat stress photo extension reuse; tomato heat stress leaf rolling sun scorch CC BY | Rejected: Delaware/UMD extension heat-stress references reviewed for symptom evidence but not used as direct image sources.,Gap recorded for next pass or production licensing.
B30_015,B26_AbioticRootSoilWater_PestLifecycle,B26_NS_02,No suitable found photo,Text-Only Coverage,Do not keep searching broadly; cover with text/table/confirm-by box,High,Abiotic stress and lookalikes,Tomato / vegetables,Herbicide drift injury,"cupped, twisted, strapped new growth from 2,4-D/dicamba/glyphosate-type exposure",,No suitable found photo,,,VERIFY,VERIFY,VERIFY,N/A,"Use conservative diagnostic text, comparison table, checklist, or existing clean substitute rather than an image.",No,"Commission, obtain permission, or leave unfilled rather than using a weak/unclear photo.","Need remains useful, but Batch 26–29 results show it is too specific, rights-locked, or not cleanly available online; no-pay policy prevents permission or paid licensing.",No photo to verify; manuscript text still requires source review.,"tomato herbicide drift symptom photo extension; UADA herbicide injury image database tomato 2,4-D; glyphosate injury tomato Bugwood | Rejected: UADA image database states photos not copyrighted, but direct S3 asset links failed/expired; hold for manual retrieval/permission.",Gap recorded for next pass or production licensing.
B30_016,B26_AbioticRootSoilWater_PestLifecycle,B26_NS_03,No suitable found photo,Self-Photo Opportunity,Add to self-photo shot list; leave unfilled for now,High,Abiotic stress and lookalikes,Vegetables / containers,Salt or fertilizer burn,leaf-edge scorch or salt-stress injury in a source-confirmed vegetable/container crop,,No suitable found photo,,,VERIFY,VERIFY,VERIFY,N/A,Photograph locally later with real North Texas setup or root/soil condition; otherwise cover with text/checklist.,Yes,"Commission, obtain permission, or leave unfilled rather than using a weak/unclear photo.","No clean found photo was located, but the subject can realistically be photographed later without paying or licensing.","Future self-photo must document crop/system, visible cue, date/location context, and caption-safe diagnosis.","fertilizer burn vegetable leaves CC BY; salt burn vegetable container photo extension; leaf scorch fertilizer burn vegetables image rights | Rejected: Maryland Extension fertilizer/pesticide burn page reviewed for symptom language, not used as image source.",Gap recorded for next pass or production licensing.
B30_017,B26_AbioticRootSoilWater_PestLifecycle,B26_NS_04,No suitable found photo,Self-Photo Opportunity,Add to self-photo shot list; leave unfilled for now,High,Root and hidden-cause diagnostics,Vegetable containers / raised beds,Waterlogging / anaerobic roots,"waterlogged root system, root death, yellowing/wilt cue with source confirmation",,No suitable found photo,,,VERIFY,VERIFY,VERIFY,N/A,Photograph locally later with real North Texas setup or root/soil condition; otherwise cover with text/checklist.,Yes,"Commission, obtain permission, or leave unfilled rather than using a weak/unclear photo.","No clean found photo was located, but the subject can realistically be photographed later without paying or licensing.","Future self-photo must document crop/system, visible cue, date/location context, and caption-safe diagnosis.",waterlogged roots vegetable photo extension; anaerobic roots tomato container photo; overwatered vegetable roots CC BY | Rejected: Purdue waterlogging article reviewed for symptom evidence but not a reusable image source.,Gap recorded for next pass or production licensing.
B30_018,B26_AbioticRootSoilWater_PestLifecycle,B26_NS_05,No suitable found photo,Text-Only Coverage,Do not keep searching broadly; cover with text/table/confirm-by box,High,Root and hidden-cause diagnostics,Vegetable seedlings,Damping-off,"collapsed seedling at soil line in vegetable crop, source-confirmed pathogen/process",,No suitable found photo,,,VERIFY,VERIFY,VERIFY,N/A,"Use conservative diagnostic text, comparison table, checklist, or existing clean substitute rather than an image.",No,"Commission, obtain permission, or leave unfilled rather than using a weak/unclear photo.","Need remains useful, but Batch 26–29 results show it is too specific, rights-locked, or not cleanly available online; no-pay policy prevents permission or paid licensing.",No photo to verify; manuscript text still requires source review.,damping off vegetable seedlings image CC BY; site:commons.wikimedia.org damping off seedlings; Pythium damping off vegetable photo | Rejected: Non-vegetable “possibly damping off” images rejected due diagnostic uncertainty.,Gap recorded for next pass or production licensing.
B30_019,B26_AbioticRootSoilWater_PestLifecycle,B26_NS_06,No suitable found photo,Text-Only Coverage,Do not keep searching broadly; cover with text/table/confirm-by box,High,Root and hidden-cause diagnostics,Tomato / pepper,Vascular wilt stem cross-section,"brown vascular discoloration in split tomato or pepper stem, source-confirmed Fusarium/Verticillium",,No suitable found photo,,,VERIFY,VERIFY,VERIFY,N/A,"Use conservative diagnostic text, comparison table, checklist, or existing clean substitute rather than an image.",No,"Commission, obtain permission, or leave unfilled rather than using a weak/unclear photo.","Need remains useful, but Batch 26–29 results show it is too specific, rights-locked, or not cleanly available online; no-pay policy prevents permission or paid licensing.",No photo to verify; manuscript text still requires source review.,tomato Fusarium wilt stem vascular browning image CC BY; Verticillium wilt tomato stem cross-section rights; split stem vascular discoloration tomato extension photo | Rejected: Extension pages useful for symptom descriptions but image rights unclear.,Gap recorded for next pass or production licensing.
B30_020,B26_AbioticRootSoilWater_PestLifecycle,B26_NS_07,No suitable found photo,Text-Only Coverage,Do not keep searching broadly; cover with text/table/confirm-by box,High,Pest lifecycle and scouting gaps,Cowpea / southern pea,Cowpea curculio pod damage / larva inside pod,"adult puncture, damaged pod/peas, larva inside pod",,No suitable found photo,,,VERIFY,VERIFY,VERIFY,N/A,"Use conservative diagnostic text, comparison table, checklist, or existing clean substitute rather than an image.",No,"Commission, obtain permission, or leave unfilled rather than using a weak/unclear photo.","Need remains useful, but Batch 26–29 results show it is too specific, rights-locked, or not cleanly available online; no-pay policy prevents permission or paid licensing.",No photo to verify; manuscript text still requires source review.,cowpea curculio pod damage Bugwood; cowpea curculio larva in pod image; southern pea curculio damage CC BY | Rejected: UGA/NC State/IPMImages leads reviewed; exact per-image rights and downloads remain unresolved.,Gap recorded for next pass or production licensing.
B30_021,B26_AbioticRootSoilWater_PestLifecycle,B26_NS_08,No suitable found photo,Text-Only Coverage,Do not keep searching broadly; cover with text/table/confirm-by box,High,Pest lifecycle and scouting gaps,Okra,Stink bug / leaffooted bug pod injury,"warted, curled, misshapen okra pod from feeding, source-confirmed",,No suitable found photo,,,VERIFY,VERIFY,VERIFY,N/A,"Use conservative diagnostic text, comparison table, checklist, or existing clean substitute rather than an image.",Yes,"Commission, obtain permission, or leave unfilled rather than using a weak/unclear photo.","Need remains useful, but Batch 26–29 results show it is too specific, rights-locked, or not cleanly available online; no-pay policy prevents permission or paid licensing.",No photo to verify; manuscript text still requires source review.,okra leaffooted bug pod injury photo; stink bug damage okra pods extension; okra warted pods leaffooted bug | Rejected: NC State pest text reviewed for symptom description but not used as image source.,Gap recorded for next pass or production licensing.
B30_022,Batch27_HardGap_DriftRootCrownPestExclusion,B27_01,Conditional,Conditional,Keep only if production accepts obligations; otherwise substitute text/self-photo,High,Abiotic stress and lookalikes,Tomato,"2,4-D / growth-regulator herbicide drift injury","Cupped, curled tomato leaves associated with non-lethal 2,4-D drift.",LSE_FOUND_B27_ABIOTIC_Tomato_2-4DDrift_CuppedNewGrowth_MaryAnnHansen-Bugwood_CONDITIONAL.jpg,Extension / Bugwood-linked,https://www.canr.msu.edu/news/protecting-tomatoes-from-herbicide-drift,CC BY [VERIFY exact Bugwood page] 3.0 US [VERIFY],VERIFY,VERIFY,Yes if CC BY is confirmed,No known SA/GFDL/NC/ND if CC BY confirmed,Conditional image; do not final-clear until ShareAlike/GFDL/caption/host mismatch/review issue is resolved.,No,Do not overdiagnose; require exposure history and pattern across the planting.,"Image remains useful but carries ShareAlike/GFDL, host/crop mismatch, resolution, or provenance/caption review risk.","Open exact Bugwood/Invasive image 5333084 record and confirm license, creator, commercial use, and modification permissions. | ShareAlike/GFDL production compatibility review required.","tomato 2,4-D damage Bugwood 5333084; tomato herbicide drift MSU Mary Ann Hansen | Rejected: NC State PPO/flumioxazin images rejected due NC license; UK/Mississippi images held due unclear rights.",Direct MSU derivative image downloaded for review only.
B30_023,Batch27_HardGap_DriftRootCrownPestExclusion,B27_02,Hold,Reject — Rights,Move out of active candidate pool under no-pay workflow,High,Abiotic stress and lookalikes,Tomato,Glyphosate injury,Yellow/distorted new growth associated with glyphosate injury.,LSE_FOUND_B27_ABIOTIC_Tomato_GlyphosateInjury_YellowDistortedNewGrowth_NathanHoward-Bugwood_VERIFY.jpg,Extension / Bugwood-linked,https://www.canr.msu.edu/news/protecting-tomatoes-from-herbicide-drift,VERIFY VERIFY,VERIFY,VERIFY,VERIFY,VERIFY,"Do not use image. Cover in text, use an existing clean substitute, or self-photograph later if practical.",No,Do not diagnose glyphosate from yellowing alone; require exposure pattern/history.,"Prior status was Hold due to permission, unclear source, unclear commercial use, unclear modification rights, or unresolved ID; no outreach/no-pay rule makes it unusable.",No further permission outreach under current policy; keep source note only for future optional licensing.,tomato glyphosate injury Nathan Howard Bugwood 5368741; tomato glyphosate injury MSU | Rejected: General glyphosate weed images rejected as not vegetable-specific.,Downloaded from MSU page for review; not production-cleared.
B30_024,Batch27_HardGap_DriftRootCrownPestExclusion,B27_03,Hold,Reject — Rights,Move out of active candidate pool under no-pay workflow,High,Abiotic stress and lookalikes,Tomato,"2,4-D injury / herbicide drift","Twisted, curling tomato shoot with severe growth-regulator injury pattern.",LSE_FOUND_B27_ABIOTIC_Tomato_2-4DInjury_TwistedCurlingShoot_PBacchi-Bugwood_VERIFY.png,Extension / Bugwood-linked,https://extension.msstate.edu/newsletters/bug%E2%80%99s-eye-view/2024/tomato-troubles-vol-10-no-07,VERIFY VERIFY,VERIFY,VERIFY,VERIFY,VERIFY,"Do not use image. Cover in text, use an existing clean substitute, or self-photograph later if practical.",No,"Use as drift pattern cue, not definitive diagnosis.","Prior status was Hold due to permission, unclear source, unclear commercial use, unclear modification rights, or unresolved ID; no outreach/no-pay rule makes it unusable.",No further permission outreach under current policy; keep source note only for future optional licensing.,"P. Bacchi 2,4-D injury tomato Bugwood; Mississippi State tomato troubles 2,4-D injury | Rejected: NC BY-NC-SA PPO herbicide images rejected.",Good comparison candidate if rights can be cleared.
B30_025,Batch27_HardGap_DriftRootCrownPestExclusion,B27_04,Hold,Reject — Rights,Move out of active candidate pool under no-pay workflow,High,Root and soilborne diagnostics,Tomato,Fusarium wilt vascular browning,Split tomato stem with longitudinal light-brown vascular streaking near the base.,LSE_FOUND_B27_ROOTS_Tomato_FusariumWilt_VascularBrowningStemSplit_NCSU-IngaMeadows_VERIFY.jpg,Extension,https://content.ces.ncsu.edu/fusarium-wilt-of-tomato,VERIFY VERIFY,VERIFY,VERIFY,VERIFY,VERIFY,"Do not use image. Cover in text, use an existing clean substitute, or self-photograph later if practical.",No,Do not imply all vascular browning is Fusarium; include lookalikes such as Verticillium and bacterial wilt.,"Prior status was Hold due to permission, unclear source, unclear commercial use, unclear modification rights, or unresolved ID; no outreach/no-pay rule makes it unusable.",No further permission outreach under current policy; keep source note only for future optional licensing.,tomato Fusarium wilt vascular browning stem split extension photo; Inga Meadows Fusarium wilt tomato vascular streaks | Rejected: Bugwood/UK copies found but rights not cleaner.,Strong priority permission candidate.
B30_026,Batch27_HardGap_DriftRootCrownPestExclusion,B27_05,Hold,Reject — Rights,Move out of active candidate pool under no-pay workflow,High,Root and soilborne diagnostics,Pepper seedlings,Damping-off / Fusarium stem canker,Pepper seedling rotting/cankered at ground level.,LSE_FOUND_B27_ROOTS_Pepper_DampingOff_StemCankerSoilLine_UMass-TSmith_VERIFY.jpg,Extension,https://www.umass.edu/agriculture-food-environment/greenhouse-floriculture/photos/pepper-seedling-damping-fusarium,VERIFY VERIFY,VERIFY,VERIFY,VERIFY,VERIFY,"Do not use image. Cover in text, use an existing clean substitute, or self-photograph later if practical.",No,Damping-off has multiple causal organisms; avoid naming Fusarium as sole cause unless source-specific.,"Prior status was Hold due to permission, unclear source, unclear commercial use, unclear modification rights, or unresolved ID; no outreach/no-pay rule makes it unusable.",No further permission outreach under current policy; keep source note only for future optional licensing.,vegetable seedling damping off soil line photo extension; pepper damping off Fusarium UMass | Rejected: UMN image not downloaded due unclear rights; Plantwise images not cleaner enough for production.,High-priority permission or replacement candidate.
B30_027,Batch27_HardGap_DriftRootCrownPestExclusion,B27_06,Hold,Reject — Rights,Move out of active candidate pool under no-pay workflow,High,Pest lifecycle and scouting gaps,Cowpea / southern pea,Cowpea curculio lifecycle and pod damage,Cross-sectioned cowpea pod with larva and adult inset.,LSE_FOUND_B27_PEST_Cowpea_CowpeaCurculio_PodCrossSectionLarvaAdult_UGA_VERIFY.jpg,Extension,https://fieldreport.caes.uga.edu/publications/C1038/cowpea-curculio-in-southern-pea/,VERIFY VERIFY,VERIFY,VERIFY,VERIFY,VERIFY,"Do not use image. Cover in text, use an existing clean substitute, or self-photograph later if practical.",No,Use only as UGA-source-identified cowpea curculio; do not generalize to all pod injury.,"Prior status was Hold due to permission, unclear source, unclear commercial use, unclear modification rights, or unresolved ID; no outreach/no-pay rule makes it unusable.",No further permission outreach under current policy; keep source note only for future optional licensing.,cowpea curculio pod damage larva inside pod UGA; cowpea curculio larva adult pod cross-section | Rejected: IPMImages/Invasive results found but direct records inaccessible/403 during this pass.,Probably needs permission or Bugwood/IPMImages original with compatible license.
B30_028,Batch27_HardGap_DriftRootCrownPestExclusion,B27_07,Hold,Reject — Rights,Move out of active candidate pool under no-pay workflow,High,Pest lifecycle and scouting gaps,Cowpea / southern pea,Cowpea curculio lifecycle and pod damage,Cowpea curculio larva close-up.,LSE_FOUND_B27_PEST_Cowpea_CowpeaCurculio_LarvaInsidePodRisk_UGA_VERIFY.jpg,Extension,https://fieldreport.caes.uga.edu/publications/C1038/cowpea-curculio-in-southern-pea/,VERIFY VERIFY,VERIFY,VERIFY,VERIFY,VERIFY,"Do not use image. Cover in text, use an existing clean substitute, or self-photograph later if practical.",No,Use only as UGA-source-identified cowpea curculio; do not generalize to all pod injury.,"Prior status was Hold due to permission, unclear source, unclear commercial use, unclear modification rights, or unresolved ID; no outreach/no-pay rule makes it unusable.",No further permission outreach under current policy; keep source note only for future optional licensing.,cowpea curculio pod damage larva inside pod UGA; cowpea curculio larva adult pod cross-section | Rejected: IPMImages/Invasive results found but direct records inaccessible/403 during this pass.,Probably needs permission or Bugwood/IPMImages original with compatible license.
B30_029,Batch27_HardGap_DriftRootCrownPestExclusion,B27_08,Hold,Reject — Rights,Move out of active candidate pool under no-pay workflow,High,Pest lifecycle and scouting gaps,Cowpea / southern pea,Cowpea curculio lifecycle and pod damage,Adult cowpea curculio morphology.,LSE_FOUND_B27_PEST_Cowpea_CowpeaCurculio_AdultScouting_UGA_VERIFY.jpg,Extension,https://fieldreport.caes.uga.edu/publications/C1038/cowpea-curculio-in-southern-pea/,VERIFY VERIFY,VERIFY,VERIFY,VERIFY,VERIFY,"Do not use image. Cover in text, use an existing clean substitute, or self-photograph later if practical.",No,Use only as UGA-source-identified cowpea curculio; do not generalize to all pod injury.,"Prior status was Hold due to permission, unclear source, unclear commercial use, unclear modification rights, or unresolved ID; no outreach/no-pay rule makes it unusable.",No further permission outreach under current policy; keep source note only for future optional licensing.,cowpea curculio pod damage larva inside pod UGA; cowpea curculio larva adult pod cross-section | Rejected: IPMImages/Invasive results found but direct records inaccessible/403 during this pass.,Probably needs permission or Bugwood/IPMImages original with compatible license.
B30_030,Batch27_HardGap_DriftRootCrownPestExclusion,B27_09,Hold,Reject — Rights,Move out of active candidate pool under no-pay workflow,High,Pest lifecycle and scouting gaps,Eggplant,Eggplant flea beetle damage,Tiny shiny black flea beetles and pitted/shot-hole feeding injury on eggplant leaf.,LSE_FOUND_B27_PEST_Eggplant_FleaBeetle_ShotHolePittedLeaf_DavidCappaert-Bugwood_VERIFY.jpg,Extension / Bugwood-linked,https://content.ces.ncsu.edu/insect-and-related-pests-of-vegetables/pests-of-eggplant,VERIFY; possible CC BY-NC in other extension snippets VERIFY,VERIFY,VERIFY,VERIFY,Possible NC risk [VERIFY],"Do not use image. Cover in text, use an existing clean substitute, or self-photograph later if practical.",No,Avoid implying all small holes are flea beetles; confirm pest presence on leaves.,"Prior status was Hold due to permission, unclear source, unclear commercial use, unclear modification rights, or unresolved ID; no outreach/no-pay rule makes it unusable.",No further permission outreach under current policy; keep source note only for future optional licensing.,eggplant flea beetle shot-hole damage David Cappaert Bugwood UGA5381045; Epitrix fuscula damage photo | Rejected: Penn State/VCE pages indicated Bugwood source but did not resolve commercial-safe rights.,Permission or replacement candidate.
B30_031,Batch27_HardGap_DriftRootCrownPestExclusion,B27_10,Use candidate,Use Candidate,Keep in active candidate pool — not final cleared,High,"Wildlife, exclusion, and physical damage",Corn / seedlings,Black cutworm seedling damage,Cutworm larva next to severed young corn plant.,LSE_FOUND_B27_PEST_Corn_BlackCutworm_SeveredSeedlingDamage_WM-Hantsbarger_CC-BY-3.0-US.jpg,Wikimedia / Bugwood,https://commons.wikimedia.org/wiki/File:Agrotis_ipsilon_larva.jpg,Creative Commons Attribution 3.0 United States,Yes,Yes,Yes,None identified,"Use existing clean image; complete final caption, alt text, factual-label, figure-numbering, and layout review.",No,"Corn image; caption as cutworm damage pattern, not vegetable-specific proof for every crop.",No-pay usable candidate carried forward because existing metadata indicates commercial-safe/public-use/CC0/CC BY/USDA-style rights and useful instructional value.,Final caption review and attribution placement.,black cutworm severed seedling damage CC BY; Agrotis ipsilon larva Bugwood 5361045 | Rejected: Generic cutworm photos without plant damage rejected.,One of the strongest new found-only keepers.
B30_032,Batch27_HardGap_DriftRootCrownPestExclusion,B27_11,Use candidate,Use Candidate,Keep in active candidate pool — not final cleared,High,"Wildlife, exclusion, and physical damage",Vegetable seedlings,Cutworm physical exclusion collars,"Cardboard collars around young seedlings, inserted around stems to block cutworms.",LSE_FOUND_B27_EXCLUSION_Seedlings_CutwormCollars_CardboardBarrier_KathleenMoore_CC-BY-2.0.jpg,Extension,https://content.ces.ncsu.edu/extension-gardener-handbook/8-integrated-pest-management-ipm,Creative Commons Attribution 2.0 Generic,Yes,Yes,Yes,None identified,"Use existing clean image; complete final caption, alt text, factual-label, figure-numbering, and layout review.",No,"Mention barrier is for cutworms, not all chewing damage.",No-pay usable candidate carried forward because existing metadata indicates commercial-safe/public-use/CC0/CC BY/USDA-style rights and useful instructional value.,Final placement/caption review.,cutworm collars seedlings CC BY; NC State cardboard collars cutworms Kathleen Moore | Rejected: Retail product collar photos rejected; no rights strategy.,Good practical setup image.
B30_033,Batch27_HardGap_DriftRootCrownPestExclusion,B27_12,Conditional,Conditional,Keep only if production accepts obligations; otherwise substitute text/self-photo,High,North Texas / hot-climate practical systems,Vegetable beds,Floating row cover / physical barrier,Floating row cover installed over garden bed.,LSE_FOUND_B27_EXCLUSION_VegetableBeds_FloatingRowCover_PhysicalBarrier_ScotNelson_CONDITIONAL.jpg,Extension / Wikimedia-or-Flickr-derived,https://content.ces.ncsu.edu/extension-gardener-handbook/8-integrated-pest-management-ipm,CC0 1.0 stated in page text; filename suggests CC BY 2.0 CC0 1.0 / CC BY 2.0 conflict,"Yes, pending resolving license-record conflict","Yes, pending resolving license-record conflict",VERIFY; recommended regardless,License-record conflict,Conditional image; do not final-clear until ShareAlike/GFDL/caption/host mismatch/review issue is resolved.,No,"For North Texas, include heat buildup caution and pollination removal timing.","Image remains useful but carries ShareAlike/GFDL, host/crop mismatch, resolution, or provenance/caption review risk.",Resolve CC0 vs CC BY 2.0 record conflict and confirm exact credit line.,floating row cover vegetable bed Scot Nelson CC0; NC State floating row covers figure 8-12 | Rejected: Generic row-cover stock photos rejected.,Useful practical systems candidate.
B30_034,Batch27_HardGap_DriftRootCrownPestExclusion,B27_13,Use candidate,Use Candidate,Keep in active candidate pool — not final cleared,Medium,"Wildlife, exclusion, and physical damage",Containers / small beds,Slug/snail barrier using copper tape,Copper tape installed around a container as a physical slug barrier.,LSE_FOUND_B27_EXCLUSION_Containers_SlugBarrier_CopperTape_KathleenMoore_CC-BY-2.0.jpg,Extension,https://content.ces.ncsu.edu/extension-gardener-handbook/8-integrated-pest-management-ipm,Creative Commons Attribution 2.0 Generic,Yes,Yes,Yes,None identified,"Use existing clean image; complete final caption, alt text, factual-label, figure-numbering, and layout review.",No,Do not overstate efficacy; use as one barrier option.,No-pay usable candidate carried forward because existing metadata indicates commercial-safe/public-use/CC0/CC BY/USDA-style rights and useful instructional value.,Final placement/caption review.,copper tape slug barrier Kathleen Moore CC BY; NC State copper tape slug barrier | Rejected: Retail copper-tape photos rejected.,Good for herb barrel / patio chapter.
B30_035,Batch27_HardGap_DriftRootCrownPestExclusion,B27_14,Hold,Reject — Rights,Move out of active candidate pool under no-pay workflow,High,Abiotic stress and lookalikes,Squash,Pesticide burn / phytotoxicity from soap and pyrethrins,Leaf scorch/burn pattern after soap + pyrethrin application,LSE_FOUND_B27_ABIOTIC_Squash_PesticideBurn_SoapPyrethrinLeafScorch_UMD_VERIFY.jpg,Extension,https://extension.umd.edu/resource/fertilizer-or-pesticide-burn-vegetable-leaves/,VERIFY VERIFY,VERIFY,VERIFY,VERIFY,VERIFY,"Do not use image. Cover in text, use an existing clean substitute, or self-photograph later if practical.",No,"Do not diagnose from image alone; compare with disease, nutrient, water, and weather history.","Prior status was Hold due to permission, unclear source, unclear commercial use, unclear modification rights, or unresolved ID; no outreach/no-pay rule makes it unusable.",No further permission outreach under current policy; keep source note only for future optional licensing.,fertilizer burn vegetable leaves photo extension; pesticide burn squash soap pyrethrin; cold damage vegetable transplant photo | Rejected: NC BY-NC-SA herbicide injury images rejected; generic blog images rejected.,Hold candidate; may require replacement if UMD reuse is not granted.
B30_036,Batch27_HardGap_DriftRootCrownPestExclusion,B27_15,Hold,Reject — Rights,Move out of active candidate pool under no-pay workflow,High,Abiotic stress and lookalikes,Bean,Pesticide burn / phytotoxicity,Leaf scorch pattern after pesticide injury,LSE_FOUND_B27_ABIOTIC_Bean_PesticideBurn_LeafScorch_UMD_VERIFY.png,Extension,https://extension.umd.edu/resource/fertilizer-or-pesticide-burn-vegetable-leaves/,VERIFY VERIFY,VERIFY,VERIFY,VERIFY,VERIFY,"Do not use image. Cover in text, use an existing clean substitute, or self-photograph later if practical.",No,"Do not diagnose from image alone; compare with disease, nutrient, water, and weather history.","Prior status was Hold due to permission, unclear source, unclear commercial use, unclear modification rights, or unresolved ID; no outreach/no-pay rule makes it unusable.",No further permission outreach under current policy; keep source note only for future optional licensing.,fertilizer burn vegetable leaves photo extension; pesticide burn squash soap pyrethrin; cold damage vegetable transplant photo | Rejected: NC BY-NC-SA herbicide injury images rejected; generic blog images rejected.,Hold candidate; may require replacement if UMD reuse is not granted.
B30_037,Batch27_HardGap_DriftRootCrownPestExclusion,B27_16,Hold,Reject — Rights,Move out of active candidate pool under no-pay workflow,High,Abiotic stress and lookalikes,Vegetable transplant,Cold / frost injury,White leaves after freeze/cold injury,LSE_FOUND_B27_ABIOTIC_VegetableTransplant_ColdFreezeDamage_WhiteLeaves_UMD_VERIFY.jpg,Extension,https://extension.umd.edu/resource/vegetable-seedlings-or-transplant-leaves-yellowing-turning-white-or-are-spotted-or-scorched/,VERIFY VERIFY,VERIFY,VERIFY,VERIFY,VERIFY,"Do not use image. Cover in text, use an existing clean substitute, or self-photograph later if practical.",No,"Do not diagnose from image alone; compare with disease, nutrient, water, and weather history.","Prior status was Hold due to permission, unclear source, unclear commercial use, unclear modification rights, or unresolved ID; no outreach/no-pay rule makes it unusable.",No further permission outreach under current policy; keep source note only for future optional licensing.,fertilizer burn vegetable leaves photo extension; pesticide burn squash soap pyrethrin; cold damage vegetable transplant photo | Rejected: NC BY-NC-SA herbicide injury images rejected; generic blog images rejected.,Hold candidate; may require replacement if UMD reuse is not granted.
B30_038,Batch27_HardGap_DriftRootCrownPestExclusion,B27_17,Hold,Reject — Rights,Move out of active candidate pool under no-pay workflow,High,Abiotic stress and lookalikes,Tomato,Fertilizer burn / phytotoxicity,Young tomato leaf scorch associated with fertilizer burn,LSE_FOUND_B27_ABIOTIC_Tomato_FertilizerBurn_YoungLeafScorch_UMD_VERIFY.jpg,Extension,https://extension.umd.edu/resource/vegetable-seedlings-or-transplant-leaves-yellowing-turning-white-or-are-spotted-or-scorched/,VERIFY VERIFY,VERIFY,VERIFY,VERIFY,VERIFY,"Do not use image. Cover in text, use an existing clean substitute, or self-photograph later if practical.",No,"Do not diagnose from image alone; compare with disease, nutrient, water, and weather history.","Prior status was Hold due to permission, unclear source, unclear commercial use, unclear modification rights, or unresolved ID; no outreach/no-pay rule makes it unusable.",No further permission outreach under current policy; keep source note only for future optional licensing.,fertilizer burn vegetable leaves photo extension; pesticide burn squash soap pyrethrin; cold damage vegetable transplant photo | Rejected: NC BY-NC-SA herbicide injury images rejected; generic blog images rejected.,Hold candidate; may require replacement if UMD reuse is not granted.
B30_039,Batch27_HardGap_DriftRootCrownPestExclusion,B27_18,Reject,Reject — Rights,Keep rejected / do not use,High,Abiotic stress and lookalikes,Tomato,PPO herbicide drift injury,Necrosis on young tomato fruit from flumioxazin/PPO herbicide drift,LSE_FOUND_B27_ABIOTIC_Tomato_FlumioxazinDrift_FruitNecrosis_NCSU-CC-BY-NC-SA_REJECT.png,Extension,https://content.ces.ncsu.edu/ppo-inhibitor-herbicide-injury-in-vegetables,Creative Commons Attribution-NonCommercial-ShareAlike 4.0 International,No,Yes only under NC-SA; not compatible with commercial book without permission,Yes,NC-SA risk: commercial use not allowed under posted license,No replacement image required unless a clean source is found later; use text-only if the concept is important.,No,Reference only; not production-use under current rights.,"Prior row was rejected, generally due to NC/ND/unclear rights or unusable source/licensing; under no-pay policy it remains rejected.",None for active production; only revisit if a separate clean license appears.,tomato herbicide drift flumioxazin fruit necrosis CC BY-NC-SA; PPO herbicide injury vegetables NC State | Rejected: These images themselves are rejected under NC license.,Kept in reject folder to document review and avoid accidental use.
B30_040,Batch27_HardGap_DriftRootCrownPestExclusion,B27_19,Reject,Reject — Rights,Keep rejected / do not use,High,Abiotic stress and lookalikes,Tomato,PPO herbicide drift injury,Tomato foliage and stem necrosis from flumioxazin/PPO herbicide drift,LSE_FOUND_B27_ABIOTIC_Tomato_FlumioxazinDrift_FoliageStemNecrosis_NCSU-CC-BY-NC-SA_REJECT.png,Extension,https://content.ces.ncsu.edu/ppo-inhibitor-herbicide-injury-in-vegetables,Creative Commons Attribution-NonCommercial-ShareAlike 4.0 International,No,Yes only under NC-SA; not compatible with commercial book without permission,Yes,NC-SA risk: commercial use not allowed under posted license,No replacement image required unless a clean source is found later; use text-only if the concept is important.,No,Reference only; not production-use under current rights.,"Prior row was rejected, generally due to NC/ND/unclear rights or unusable source/licensing; under no-pay policy it remains rejected.",None for active production; only revisit if a separate clean license appears.,tomato herbicide drift flumioxazin fruit necrosis CC BY-NC-SA; PPO herbicide injury vegetables NC State | Rejected: These images themselves are rejected under NC license.,Kept in reject folder to document review and avoid accidental use.
B30_041,Batch27_HardGap_DriftRootCrownPestExclusion,B27_NS_01,No suitable found photo,Self-Photo Opportunity,Add to self-photo shot list; leave unfilled for now,High,Abiotic stress and lookalikes,Vegetable crops / containers,Waterlogging / anaerobic root-zone symptoms,"Waterlogged roots, anaerobic container roots, pulled vegetable roots in saturated media",LSE_FOUND_B27_NO-SUITABLE_B27_NS_01_Waterlogging_anaerobic_root_zone_symptoms.txt,No suitable found photo,,VERIFY,,VERIFY,VERIFY,No usable found photo selected.,Photograph locally later with real North Texas setup or root/soil condition; otherwise cover with text/checklist.,Yes,Use conservative caption; do not overdiagnose from image alone.,"No clean found photo was located, but the subject can realistically be photographed later without paying or licensing.","Future self-photo must document crop/system, visible cue, date/location context, and caption-safe diagnosis.","Commission, obtain permission, or continue source-specific search. | Rejected: waterlogged vegetable roots photo extension; anaerobic roots vegetable container; overwatered roots vegetable seedlings","Vague wilted-plant photos, rights-unclear extension photos, retail/blog images, and/or noncommercial-licensed images."
B30_042,Batch27_HardGap_DriftRootCrownPestExclusion,B27_NS_02,No suitable found photo,Self-Photo Opportunity,Add to self-photo shot list; leave unfilled for now,High,Abiotic stress and lookalikes,Vegetables / containers,Salt or fertilizer burn in containers and beds,"Marginal scorch, tip burn, salt-crust/media injury",LSE_FOUND_B27_NO-SUITABLE_B27_NS_02_Salt_or_fertilizer_burn_in_containers_and_beds.txt,No suitable found photo,,VERIFY,,VERIFY,VERIFY,No usable found photo selected.,Photograph locally later with real North Texas setup or root/soil condition; otherwise cover with text/checklist.,Yes,Use conservative caption; do not overdiagnose from image alone.,"No clean found photo was located, but the subject can realistically be photographed later without paying or licensing.","Future self-photo must document crop/system, visible cue, date/location context, and caption-safe diagnosis.","Commission, obtain permission, or continue source-specific search. | Rejected: salt burn vegetable leaves photo CC BY; fertilizer burn tomato leaves extension; soluble salts container vegetable photo","Vague wilted-plant photos, rights-unclear extension photos, retail/blog images, and/or noncommercial-licensed images."
B30_043,Batch27_HardGap_DriftRootCrownPestExclusion,B27_NS_03,No suitable found photo,Text-Only Coverage,Do not keep searching broadly; cover with text/table/confirm-by box,High,Pest lifecycle and scouting gaps,Okra,Stink bug / leaffooted bug pod injury,"Warted, curled, distorted okra pods from feeding injury",LSE_FOUND_B27_NO-SUITABLE_B27_NS_03_Stink_bug_leaffooted_bug_pod_injury.txt,No suitable found photo,,VERIFY,,VERIFY,VERIFY,No usable found photo selected.,"Use conservative diagnostic text, comparison table, checklist, or existing clean substitute rather than an image.",Yes,Use conservative caption; do not overdiagnose from image alone.,"Need remains useful, but Batch 26–29 results show it is too specific, rights-locked, or not cleanly available online; no-pay policy prevents permission or paid licensing.",No photo to verify; manuscript text still requires source review.,"Commission, obtain permission, or continue source-specific search. | Rejected: okra stink bug damage pod photo; okra leaffooted bug pod injury extension; curled warted okra pod damage","Vague wilted-plant photos, rights-unclear extension photos, retail/blog images, and/or noncommercial-licensed images."
B30_044,Batch27_HardGap_DriftRootCrownPestExclusion,B27_NS_04,No suitable found photo,Text-Only Coverage,Do not keep searching broadly; cover with text/table/confirm-by box,High,Root and soilborne diagnostics,Tomato / pepper,Rights-clear vascular wilt stem cross-section,Split stem with vascular discoloration; Fusarium/Verticillium lookalike comparison,LSE_FOUND_B27_NO-SUITABLE_B27_NS_04_Rights_clear_vascular_wilt_stem_cross_section.txt,No suitable found photo,,VERIFY,,VERIFY,VERIFY,No usable found photo selected.,"Use conservative diagnostic text, comparison table, checklist, or existing clean substitute rather than an image.",No,Use conservative caption; do not overdiagnose from image alone.,"Need remains useful, but Batch 26–29 results show it is too specific, rights-locked, or not cleanly available online; no-pay policy prevents permission or paid licensing.",No photo to verify; manuscript text still requires source review.,"Commission, obtain permission, or continue source-specific search. | Rejected: tomato vascular browning Fusarium CC BY; Fusarium wilt stem cross section tomato Bugwood; Verticillium wilt vascular browning pepper","Vague wilted-plant photos, rights-unclear extension photos, retail/blog images, and/or noncommercial-licensed images."
B30_045,Batch28_RootCrownAbioticPestDamage,B28_01,Use candidate,Use Candidate,Keep in active candidate pool — not final cleared,High,Abiotic stress / physical damage,Tomato,Hail injury / physical fruit damage,Bruises and punched holes on developing green tomato fruit after hail,LSE_FOUND_B28_ABIOTIC_Tomato_HailDamage_FruitBruisesHoles_DwightSipler_CC-BY-2.0.jpg,Wikimedia,https://commons.wikimedia.org/wiki/File:Hail_Damage_on_Tomatoes_(2634477599).jpg,Creative Commons Attribution 2.0 Generic,Yes,Yes,Yes,None identified,"Use existing clean image; complete final caption, alt text, factual-label, figure-numbering, and layout review.",No,Do not imply all circular fruit lesions are hail injury; use weather history and distribution pattern.,No-pay usable candidate carried forward because existing metadata indicates commercial-safe/public-use/CC0/CC BY/USDA-style rights and useful instructional value.,Final caption review and layout/crop decision.,tomato hail damage Wikimedia Commons; hail damage on tomatoes CC BY | Rejected: Whole-plant hail images with less visible fruit injury.,Good candidate for abiotic disorder/lookalike section.
B30_046,Batch28_RootCrownAbioticPestDamage,B28_02,Use candidate,Use Candidate,Keep in active candidate pool — not final cleared,High,Root and soilborne diagnostics,Tomato,Bacterial wilt / stem cross-section symptom,Cut tomato stem section with brown internal vascular discoloration / damaged tissue,LSE_FOUND_B28_ROOTS_Tomato_BacterialWilt_StemCrossSection_ClemsonUSDA_CC-BY-3.0.jpg,Wikimedia,https://commons.wikimedia.org/wiki/File:Ralstonia_solanacearum_symptoms.jpg,Creative Commons Attribution / PD USDA noted in Commons categories 3.0 Unported,Yes,Yes,Yes,None identified,"Use existing clean image; complete final caption, alt text, factual-label, figure-numbering, and layout review.",No,"Do not state that vascular browning alone proves Ralstonia; Fusarium, Verticillium, and other crown/stem disorders can resemble wilt.",No-pay usable candidate carried forward because existing metadata indicates commercial-safe/public-use/CC0/CC BY/USDA-style rights and useful instructional value.,Confirm desired caption against manuscript wilt-diagnostics source; decide whether to pair with ooze/streaming-test text.,Ralstonia solanacearum symptoms tomato Wikimedia Commons; bacterial wilt tomato ForestryImages 1234208 | Rejected: Whole-plant wilt images that lacked internal cue.,"Use as stem-inspection visual, not as final diagnostic proof."
B30_047,Batch28_RootCrownAbioticPestDamage,B28_03,Use candidate,Use Candidate,Keep in active candidate pool — not final cleared,Medium,Disease progression / soilborne disease,Tomato,Rhizoctonia damping-off/blight/fruit rot,Blackish discoloration and rot on tomato fruit/stems near soil line,LSE_FOUND_B28_DISEASE_Tomato_RhizoctoniaSolani_FruitRotBlackLesions_JGKühn_CC-BY-3.0.jpg,Wikimedia,"https://commons.wikimedia.org/wiki/File:Tomaten_Rhizoctonia_damping-off,_blight_and_rot_(Rhizoctonia_solani),_J.G.K%C3%BChn.jpg",Creative Commons Attribution 3.0 Unported,Yes,Yes,Yes,None identified,"Use existing clean image; complete final caption, alt text, factual-label, figure-numbering, and layout review.",No,"Do not imply all black fruit lesions are Rhizoctonia; other rots, cold injury, or physical damage may look similar.",No-pay usable candidate carried forward because existing metadata indicates commercial-safe/public-use/CC0/CC BY/USDA-style rights and useful instructional value.,Final pathology-caption review; decide whether visible catalog ID can remain or be credited elsewhere.,Tomaten Rhizoctonia damping-off blight rot J.G. Kühn; Rhizoctonia solani tomato IPMImages 1534037 | Rejected: Lower-quality damping-off images without reuse terms.,Better rights status than many extension-only damping-off examples.
B30_048,Batch28_RootCrownAbioticPestDamage,B28_04,Use candidate,Use Candidate,Keep in active candidate pool — not final cleared,High,Pest lifecycle / hidden root damage,Brassicas / kohlrabi,Cabbage root fly / cabbage maggot root damage,White maggots and damaged kohlrabi roots/crown tissue,LSE_FOUND_B28_PEST_Brassica_CabbageFlyMaggot_RootDamage_Kohlrabi_SchlagheckenJosef_CC-BY-4.0.jpg,Wikimedia,https://commons.wikimedia.org/wiki/File:Kohlrabi_Kohlfliegen-Maden_im_Strunk--Josef_Schlaghecken.jpg,Creative Commons Attribution 4.0 International,Yes,Yes,Yes,None identified,"Use existing clean image; complete final caption, alt text, factual-label, figure-numbering, and layout review.",No,Species-level ID should be kept to source-stated cabbage fly/root maggot; do not overstate if local species differs.,No-pay usable candidate carried forward because existing metadata indicates commercial-safe/public-use/CC0/CC BY/USDA-style rights and useful instructional value.,Final entomology-caption review and crop-placement decision.,cabbage root maggot larva kohlrabi Commons; Delia radicum root damage Wikimedia | Rejected: Adult fly images and generic wilted brassicas without root inspection view.,One of the strongest new candidates in the batch.
B30_049,Batch28_RootCrownAbioticPestDamage,B28_05,Use candidate,Use Candidate,Keep in active candidate pool — not final cleared,Medium,Soil / water / drought process,Soil / Blackland clay analog,Drying shrinkage / cracking soil surface,Large mud cracks in dry soil surface with scale,LSE_FOUND_B28_SOIL_DroughtDrySoil_CrackingScale_VladislavNekrasov_CC-BY-4.0.jpg,Wikimedia,https://commons.wikimedia.org/wiki/File:Cracks_in_soil_surface.jpg,Creative Commons Attribution 4.0 International,Yes,Yes,Yes,None identified,"Use existing clean image; complete final caption, alt text, factual-label, figure-numbering, and layout review.",No,"Caption as a general cracking process image, not a direct Blackland Prairie site unless a Texas source is later found.",No-pay usable candidate carried forward because existing metadata indicates commercial-safe/public-use/CC0/CC BY/USDA-style rights and useful instructional value.,Decide if a North Texas-specific replacement is needed.,cracked soil surface CC BY Wikimedia; clay cracked dry soil Commons | Rejected: CC BY-SA clay images and decorative drought photos.,Useful but lower priority than crop-specific diagnostics.
B30_050,Batch28_RootCrownAbioticPestDamage,B28_06,Conditional,Conditional,Keep only if production accepts obligations; otherwise substitute text/self-photo,High,Abiotic stress and lookalikes,Tomato,Frost / freeze injury,"Blackened, curled, damaged tomato leaves and fruit after frost exposure",LSE_FOUND_B28_ABIOTIC_Tomato_FrostDamage_LeafFruitBurn_AmroBinKulthoum_CC-BY-SA-3.0.jpg,Wikimedia,https://commons.wikimedia.org/wiki/File:%D8%A8%D9%86%D8%AF%D9%88%D8%B1%D8%A9_%D8%A3%D8%B5%D8%A7%D8%A8%D9%87%D8%A7_%D8%B5%D9%82%D9%8A%D8%B9.jpg,Creative Commons Attribution-ShareAlike 3.0 Unported,Yes,"Yes, but ShareAlike applies",Yes,ShareAlike,Conditional image; do not final-clear until ShareAlike/GFDL/caption/host mismatch/review issue is resolved.,No,Do not imply frost is the only cause of blackened leaves; use recent temperature history.,"Image remains useful but carries ShareAlike/GFDL, host/crop mismatch, resolution, or provenance/caption review risk.",ShareAlike compatibility review; final caption review. | ShareAlike/GFDL production compatibility review required.,tomato frost injury Wikimedia Commons; cherry tomato frost damage CC BY-SA | Rejected: Low-resolution extension frost images with unclear reuse.,Good visual; not production-clear until SA handling is accepted.
B30_051,Batch28_RootCrownAbioticPestDamage,B28_07,Conditional,Conditional,Keep only if production accepts obligations; otherwise substitute text/self-photo,High,Root/crown disease diagnostics,Tomato,Southern blight / Athelia rolfsii sclerotia,Small brown sclerotia on tomato debris/fruits near crown area,LSE_FOUND_B28_DISEASE_Tomato_SouthernBlight_SclerotiaAtCrown_PersleyCooke_CC-BY-SA-3.0_LOWRES.jpg,Wikimedia,https://commons.wikimedia.org/wiki/File:Athelia_rolfsii_sclerotia.jpg,Creative Commons Attribution-ShareAlike 3.0 Unported,Yes,"Yes, but ShareAlike applies",Yes,ShareAlike; low-resolution production risk,Conditional image; do not final-clear until ShareAlike/GFDL/caption/host mismatch/review issue is resolved.,No,"Do not diagnose southern blight from sclerotia alone without host, crown symptoms, and moisture/temperature context.","Image remains useful but carries ShareAlike/GFDL, host/crop mismatch, resolution, or provenance/caption review risk.",ShareAlike review; pathology caption review; consider higher-resolution replacement. | ShareAlike/GFDL production compatibility review required.,Athelia rolfsii sclerotia tomato Commons; southern blight sclerotia tomato CC BY | Rejected: Extension images with unclear reuse and noncommercial restrictions.,Use only if no cleaner high-resolution replacement is found.
B30_052,Batch28_RootCrownAbioticPestDamage,B28_08,Conditional,Conditional,Keep only if production accepts obligations; otherwise substitute text/self-photo,High,Pest lifecycle / hidden root damage,Brassica / pak choi,Cabbage fly larva / root maggot damage,Small whitish cabbage fly larva beside destroyed pak choi stalk/root zone,LSE_FOUND_B28_PEST_Brassica_CabbageFlyLarva_StalkDamage_PakChoi_SchlagheckenJosef_CC-BY-SA-4.0.jpg,Wikimedia,https://commons.wikimedia.org/wiki/File:Pak_Choi_(Brassica_rapa_subsp._chinensis_)_Kohlfliegen-Schaden-3-Josef_Schlaghecken.jpg,Creative Commons Attribution-ShareAlike 4.0 International,Yes,"Yes, but ShareAlike applies",Yes,ShareAlike,Conditional image; do not final-clear until ShareAlike/GFDL/caption/host mismatch/review issue is resolved.,No,Do not assume every brassica root maggot species is Delia radicum unless source or regional expert confirms.,"Image remains useful but carries ShareAlike/GFDL, host/crop mismatch, resolution, or provenance/caption review risk.",ShareAlike production review; final local species caption check. | ShareAlike/GFDL production compatibility review required.,pak choi cabbage fly larva damage CC BY-SA; Delia radicum larva plant damage Wikimedia | Rejected: Adult fly photos and low-resolution larva images without host context.,Could replace B28_04 if production accepts ShareAlike.
B30_053,Batch28_RootCrownAbioticPestDamage,B28_09,Conditional,Conditional,Keep only if production accepts obligations; otherwise substitute text/self-photo,Medium,Pest lifecycle / scouting,Brassica pest reference,Cabbage root fly maggot and pupa stages,White maggots and brown pupa on wood background,LSE_FOUND_B28_PEST_Brassica_DeliaRadicum_MaggotPupaLifeStages_Rasbak_CC-BY-SA-GFDL.jpg,Wikimedia,"https://commons.wikimedia.org/wiki/File:Delia_radicum,_koolvlieg_pop_en_maden.jpg",Creative Commons Attribution-ShareAlike and GFDL options CC BY-SA 3.0/2.5/2.0/1.0; GFDL 1.2+,Yes,"Yes, but ShareAlike/GFDL obligations apply depending selected license",Yes,ShareAlike / GFDL,Conditional image; do not final-clear until ShareAlike/GFDL/caption/host mismatch/review issue is resolved.,No,Do not use alone to diagnose root maggot damage; pair with root/stem damage photo and host symptoms.,"Image remains useful but carries ShareAlike/GFDL, host/crop mismatch, resolution, or provenance/caption review risk.",Production review for ShareAlike/GFDL; final species/caption check. | ShareAlike/GFDL production compatibility review required.,Delia radicum pupa maggots Wikimedia Commons; cabbage fly maggot pupa photo | Rejected: No-host adult fly photos.,"Good lifecycle supplement, not primary diagnostic image."
B30_054,Batch28_RootCrownAbioticPestDamage,B28_10,Conditional,Conditional,Keep only if production accepts obligations; otherwise substitute text/self-photo,High,Pest lifecycle / scouting,Squash / cucurbits,Squash vine borer frass at stem,Orange-tan sawdust-like frass at squash stem/crown,LSE_FOUND_B28_PEST_SquashVineBorer_FrassAtStem_Pollinator_CC-BY-2.5_CONDITIONAL.jpg,Wikimedia,https://commons.wikimedia.org/wiki/File:Frass_1310.JPG,Creative Commons Attribution; alternative CC BY-SA/GFDL legacy tags noted CC BY 2.5 selected from available options,Yes,Yes,Yes,"Legacy CC BY-SA/GFDL options present; selected CC BY 2.5, but provenance review advised.",Conditional image; do not final-clear until ShareAlike/GFDL/caption/host mismatch/review issue is resolved.,No,Do not imply frass appears before larvae enter; use as a cue for inspection and prevention timing next season.,"Image remains useful but carries ShareAlike/GFDL, host/crop mismatch, resolution, or provenance/caption review risk.",Review Commons provenance and credit wording; confirm no duplicate already chosen in earlier package. | ShareAlike/GFDL production compatibility review required.,squash vine borer frass Wikimedia Commons; Melittia cucurbitae frass photo | Rejected: Adult moth-only images and low-resolution frass photos.,Strong diagnostic value despite conditional provenance.
B30_055,Batch28_RootCrownAbioticPestDamage,B28_11,Conditional,Conditional,Keep only if production accepts obligations; otherwise substitute text/self-photo,High,Pest lifecycle / hidden damage,Squash / cucurbits,Squash vine borer larva inside split stem,Larvae inside cut-open squash stem with associated frass,LSE_FOUND_B28_PEST_SquashVineBorer_LarvaeSplitStemFrass_Pollinator_CC-BY-2.5_CONDITIONAL.jpg,Wikimedia,https://commons.wikimedia.org/wiki/File:Squash_borer_1741.jpg,Creative Commons Attribution; alternative CC BY-SA/GFDL legacy tags noted CC BY 2.5 selected from available options,Yes,Yes,Yes,"Legacy CC BY-SA/GFDL options present; selected CC BY 2.5, but review advised.",Conditional image; do not final-clear until ShareAlike/GFDL/caption/host mismatch/review issue is resolved.,No,"Do not imply every wilting squash has vine borer; inspect stem base and consider drought, bacterial wilt, and root damage lookalikes.","Image remains useful but carries ShareAlike/GFDL, host/crop mismatch, resolution, or provenance/caption review risk.",Provenance review; duplicate review against earlier squash vine borer candidates. | ShareAlike/GFDL production compatibility review required.,squash vine borer larva split stem Wikimedia Commons; Melittia cucurbitae larva frass | Rejected: Moth-only images; generic wilted squash photos.,Useful if not already represented by earlier image folder.
B30_056,Batch28_RootCrownAbioticPestDamage,B28_12,Conditional,Conditional,Keep only if production accepts obligations; otherwise substitute text/self-photo,Medium,Abiotic stress and lookalikes,Leaf scorch pattern cue; non-vegetable host,Fertilizer burn / salt injury pattern cue,Brown leaf-edge and spot scorch attributed by source to fertilizer burn,LSE_FOUND_B28_ABIOTIC_FertilizerBurn_LeafScorchPattern_CannabisCropMismatch_Fenrisulfir_CC-BY-SA-GFDL.jpg,Wikimedia,https://commons.wikimedia.org/wiki/File:Fertilizer-Burn.jpg,Creative Commons Attribution-ShareAlike / GNU Free Documentation License CC BY-SA 3.0; GFDL 1.2+,Yes,"Yes, but ShareAlike/GFDL obligations apply",Yes,ShareAlike / GFDL; crop mismatch,Conditional image; do not final-clear until ShareAlike/GFDL/caption/host mismatch/review issue is resolved.,No,Must state crop mismatch; do not use as direct vegetable diagnosis.,"Image remains useful but carries ShareAlike/GFDL, host/crop mismatch, resolution, or provenance/caption review risk.",Find a vegetable-specific replacement; ShareAlike/GFDL production review if retained. | ShareAlike/GFDL production compatibility review required.,fertilizer burn vegetable leaf CC BY Wikimedia; salt injury tomato leaf CC BY; fertilizer burn Commons | Rejected: Extension vegetable fertilizer-burn photos with unclear or noncommercial rights.,Included because the gap remains unresolved; not a preferred final image.
B30_057,Batch28_RootCrownAbioticPestDamage,B28_NS_01,No suitable found photo,Self-Photo Opportunity,Add to self-photo shot list; leave unfilled for now,High,Abiotic/root-zone diagnostics,Vegetable containers / beds,Waterlogging / anaerobic roots,No suitable found photo selected,,,,,VERIFY,VERIFY,VERIFY,Not applicable / unresolved,Photograph locally later with real North Texas setup or root/soil condition; otherwise cover with text/checklist.,Yes,Do not substitute a vague or decorative image for this gap.,"No clean found photo was located, but the subject can realistically be photographed later without paying or licensing.","Future self-photo must document crop/system, visible cue, date/location context, and caption-safe diagnosis.","waterlogged vegetable roots; anaerobic root-zone symptoms | Rejected: Generic, decorative, unclear-license, noncommercial, low-resolution, or source-uncertain images were not selected.",No found photo should be forced into this slot.
B30_058,Batch28_RootCrownAbioticPestDamage,B28_NS_02,No suitable found photo,Text-Only Coverage,Do not keep searching broadly; cover with text/table/confirm-by box,High,Pest damage / okra,Okra,Stink bug or leaffooted bug pod injury,No suitable found photo selected,,,,,VERIFY,VERIFY,VERIFY,Not applicable / unresolved,"Use conservative diagnostic text, comparison table, checklist, or existing clean substitute rather than an image.",Yes,Do not substitute a vague or decorative image for this gap.,"Need remains useful, but Batch 26–29 results show it is too specific, rights-locked, or not cleanly available online; no-pay policy prevents permission or paid licensing.",No photo to verify; manuscript text still requires source review.,"okra stink bug pod injury; okra leaffooted bug damage Bugwood Commons | Rejected: Generic, decorative, unclear-license, noncommercial, low-resolution, or source-uncertain images were not selected.",No found photo should be forced into this slot.
B30_059,Batch28_RootCrownAbioticPestDamage,B28_NS_03,No suitable found photo,Omit,Omit photo; include short diagnostic text if needed,High,Root/stem disease diagnostics,Tomato / pepper,Bacterial wilt ooze / streaming test,No suitable found photo selected,,,,,VERIFY,VERIFY,VERIFY,Not applicable / unresolved,No photo required. Use a short text box describing the streaming test and lab/extension confirmation.,No,Do not substitute a vague or decorative image for this gap.,"Need remains useful, but Batch 26–29 results show it is too specific, rights-locked, or not cleanly available online; no-pay policy prevents permission or paid licensing.",No photo to verify; manuscript text still requires source review.,"bacterial wilt ooze test tomato photo CC BY; Ralstonia streaming test image | Rejected: Generic, decorative, unclear-license, noncommercial, low-resolution, or source-uncertain images were not selected.",No found photo should be forced into this slot.
B30_060,Batch28_RootCrownAbioticPestDamage,B28_NS_04,No suitable found photo,Text-Only Coverage,Do not keep searching broadly; cover with text/table/confirm-by box,High,Abiotic lookalikes,Tomato / pepper,Herbicide drift with clean commercial rights,No suitable found photo selected,,,,,VERIFY,VERIFY,VERIFY,Not applicable / unresolved,"Use conservative diagnostic text, comparison table, checklist, or existing clean substitute rather than an image.",No,Do not substitute a vague or decorative image for this gap.,"Need remains useful, but Batch 26–29 results show it is too specific, rights-locked, or not cleanly available online; no-pay policy prevents permission or paid licensing.",No photo to verify; manuscript text still requires source review.,"tomato 2,4-D drift CC BY; glyphosate injury tomato Bugwood license | Rejected: Generic, decorative, unclear-license, noncommercial, low-resolution, or source-uncertain images were not selected.",No found photo should be forced into this slot.
B30_061,Batch28_RootCrownAbioticPestDamage,B28_NS_05,No suitable found photo,Self-Photo Opportunity,Add to self-photo shot list; leave unfilled for now,High,Abiotic lookalikes,Vegetable crops / containers,Salt or fertilizer burn in vegetables,No suitable found photo selected,,,,,VERIFY,VERIFY,VERIFY,Not applicable / unresolved,Photograph locally later with real North Texas setup or root/soil condition; otherwise cover with text/checklist.,Yes,Do not substitute a vague or decorative image for this gap.,"No clean found photo was located, but the subject can realistically be photographed later without paying or licensing.","Future self-photo must document crop/system, visible cue, date/location context, and caption-safe diagnosis.","salt burn cucumber leaf CC BY; fertilizer burn tomato vegetable Wikimedia | Rejected: Generic, decorative, unclear-license, noncommercial, low-resolution, or source-uncertain images were not selected.",No found photo should be forced into this slot.
B30_062,Batch28_RootCrownAbioticPestDamage,B28_NS_06,No suitable found photo,Self-Photo Opportunity,Add to self-photo shot list; leave unfilled for now,Medium,North Texas practical systems,Vegetable garden setup,Shade cloth + drip + mulch hot-climate setup,No suitable found photo selected,,,,,VERIFY,VERIFY,VERIFY,Not applicable / unresolved,Photograph locally later with real North Texas setup or root/soil condition; otherwise cover with text/checklist.,Yes,Do not substitute a vague or decorative image for this gap.,"No clean found photo was located, but the subject can realistically be photographed later without paying or licensing.","Future self-photo must document crop/system, visible cue, date/location context, and caption-safe diagnosis.","shade cloth vegetable garden drip mulch Commons; USDA shade cloth vegetable garden | Rejected: Generic, decorative, unclear-license, noncommercial, low-resolution, or source-uncertain images were not selected.",No found photo should be forced into this slot.
B30_063,Batch28_RootCrownAbioticPestDamage,B28_NS_07,No suitable found photo,Self-Photo Opportunity,Add to self-photo shot list; leave unfilled for now,Medium,Water management / soil failure,Raised beds / clay soil,Standing water / ponding / wet-clay smearing in vegetable bed,No suitable found photo selected,,,,,VERIFY,VERIFY,VERIFY,Not applicable / unresolved,Photograph locally later with real North Texas setup or root/soil condition; otherwise cover with text/checklist.,Yes,Do not substitute a vague or decorative image for this gap.,"No clean found photo was located, but the subject can realistically be photographed later without paying or licensing.","Future self-photo must document crop/system, visible cue, date/location context, and caption-safe diagnosis.","raised bed drainage failure standing water vegetable garden CC BY; Blackland clay ponding photo | Rejected: Generic, decorative, unclear-license, noncommercial, low-resolution, or source-uncertain images were not selected.",No found photo should be forced into this slot.
B30_064,Batch28_RootCrownAbioticPestDamage,B28_NS_08,No suitable found photo,Self-Photo Opportunity,Add to self-photo shot list; leave unfilled for now,Medium,Root diagnostics,Vegetable transplants,Healthy vs diseased roots side-by-side,No suitable found photo selected,,,,,VERIFY,VERIFY,VERIFY,Not applicable / unresolved,Photograph locally later with real North Texas setup or root/soil condition; otherwise cover with text/checklist.,Yes,Do not substitute a vague or decorative image for this gap.,"No clean found photo was located, but the subject can realistically be photographed later without paying or licensing.","Future self-photo must document crop/system, visible cue, date/location context, and caption-safe diagnosis.","healthy diseased vegetable roots comparison photo CC BY; root rot progression vegetable roots | Rejected: Generic, decorative, unclear-license, noncommercial, low-resolution, or source-uncertain images were not selected.",No found photo should be forced into this slot.
B30_065,Batch28_RootCrownAbioticPestDamage,B28_NS_09,No suitable found photo,Text-Only Coverage,Use broader clean root-knot image as substitute if needed; no okra-specific photo required,High,Root-knot nematode / okra,Okra,Okra root-knot nematode galling,No suitable found photo selected,,,,,VERIFY,VERIFY,VERIFY,Not applicable / unresolved,Cross-reference existing clean tomato/sweet potato/pepper root-knot galling photos; describe okra in text.,Yes,Do not substitute a vague or decorative image for this gap.,Okra-specific root-knot photo remains hard to source; broader clean root-knot visuals already teach the hidden-cause cue.,"Future self-photo must document crop/system, visible cue, date/location context, and caption-safe diagnosis.","okra root knot nematode galling photo; Meloidogyne okra roots image CC BY | Rejected: Generic, decorative, unclear-license, noncommercial, low-resolution, or source-uncertain images were not selected.",No found photo should be forced into this slot.
B30_066,Batch28_RootCrownAbioticPestDamage,B28_NS_10,No suitable found photo,Text-Only Coverage,Do not keep searching broadly; cover with text/table/confirm-by box,High,Pest lifecycle / cowpea,Cowpea / southern pea,Cowpea curculio larva inside pod with clean rights,No suitable found photo selected,,,,,VERIFY,VERIFY,VERIFY,Not applicable / unresolved,"Use conservative diagnostic text, comparison table, checklist, or existing clean substitute rather than an image.",No,Do not substitute a vague or decorative image for this gap.,"Need remains useful, but Batch 26–29 results show it is too specific, rights-locked, or not cleanly available online; no-pay policy prevents permission or paid licensing.",No photo to verify; manuscript text still requires source review.,"cowpea curculio larva inside pod photo CC BY; Chalcodermus aeneus pod damage Bugwood | Rejected: Generic, decorative, unclear-license, noncommercial, low-resolution, or source-uncertain images were not selected.",No found photo should be forced into this slot.
B30_067,Batch 29 PermissionCommission,B29_01,Use candidate,Use Candidate,Keep in active candidate pool — not final cleared,High,Vegetable-specific fertilizer / salt burn,Container herbs / vegetables,soluble salt buildup,White soluble salt crust around container drainage holes,LSE_FOUND_B29_ABIOTIC_ContainerHerbs_SaltBuildup_WhiteSaltCrust_DianeMays_CC-BY-2.0.jpg,Extension,https://content.ces.ncsu.edu/extension-gardener-handbook/18-plants-grown-in-containers,CC BY 2.0,Yes,Yes,Yes,None identified,"Use existing clean image; complete final caption, alt text, factual-label, figure-numbering, and layout review.",No,Pair with fertilizer/irrigation history.,No-pay usable candidate carried forward because existing metadata indicates commercial-safe/public-use/CC0/CC BY/USDA-style rights and useful instructional value.,"Final rights, factual label, caption, alt-text, figure numbering and layout review.",vegetable fertilizer salt burn; waterlogged roots vegetable; tomato herbicide drift; bacterial wilt streaming test; okra stink bug pod damage; cowpea curculio larva; row cover shade cloth container garden CC BY | Rejected: Decorative garden photos; stock/blog/social media; NC or ND images; vague yellowing/wilt; unverified diagnosis images.,No image is final-cleared. Use candidate is the highest status.
B30_068,Batch 29 PermissionCommission,B29_02,Use candidate,Use Candidate,Keep in active candidate pool — not final cleared,Medium,Clean-rights North Texas-style practical setup photos,Container herbs / vegetables,container watering setup,Reservoir/headspace measured after watering,LSE_FOUND_B29_PRACTICAL_ContainerVegetables_ReservoirSpace_WateringDepth_KathleenMoore_CC-BY-2.0.jpg,Extension,https://content.ces.ncsu.edu/extension-gardener-handbook/18-plants-grown-in-containers,CC BY 2.0,Yes,Yes,Yes,None identified,"Use existing clean image; complete final caption, alt text, factual-label, figure-numbering, and layout review.",No,Use as setup photo only.,No-pay usable candidate carried forward because existing metadata indicates commercial-safe/public-use/CC0/CC BY/USDA-style rights and useful instructional value.,"Final rights, factual label, caption, alt-text, figure numbering and layout review.",vegetable fertilizer salt burn; waterlogged roots vegetable; tomato herbicide drift; bacterial wilt streaming test; okra stink bug pod damage; cowpea curculio larva; row cover shade cloth container garden CC BY | Rejected: Decorative garden photos; stock/blog/social media; NC or ND images; vague yellowing/wilt; unverified diagnosis images.,No image is final-cleared. Use candidate is the highest status.
B30_069,Batch 29 PermissionCommission,B29_03,Use candidate,Use Candidate,Keep in active candidate pool — not final cleared,Medium,Clean-rights North Texas-style practical setup photos,Small-space vegetables/herbs,container production setup,Outdoor containers with vegetables and herbs,LSE_FOUND_B29_PRACTICAL_SmallSpaceVegetables_OutdoorRailingContainers_LucyBradley_CC-BY-2.0.jpg,Extension,https://content.ces.ncsu.edu/extension-gardener-handbook/18-plants-grown-in-containers,CC BY 2.0,Yes,Yes,Yes,None identified,"Use existing clean image; complete final caption, alt text, factual-label, figure-numbering, and layout review.",No,Do not imply exact setup is sufficient for DFW summer.,No-pay usable candidate carried forward because existing metadata indicates commercial-safe/public-use/CC0/CC BY/USDA-style rights and useful instructional value.,"Final rights, factual label, caption, alt-text, figure numbering and layout review.",vegetable fertilizer salt burn; waterlogged roots vegetable; tomato herbicide drift; bacterial wilt streaming test; okra stink bug pod damage; cowpea curculio larva; row cover shade cloth container garden CC BY | Rejected: Decorative garden photos; stock/blog/social media; NC or ND images; vague yellowing/wilt; unverified diagnosis images.,No image is final-cleared. Use candidate is the highest status.
B30_070,Batch 29 PermissionCommission,B29_04,Use candidate,Use Candidate,Keep in active candidate pool — VCE public-use statement verified; not final cleared,High,Herbicide drift with commercial-safe rights,Tomato,growth-regulator herbicide residue/injury,"Downward cupping, epinasty, distorted new growth",LSE_FOUND_B29_ABIOTIC_Tomato_HerbicideResidue_CuppedNewGrowth_VCE_PublicUse.jpg,Extension,https://www.pubs.ext.vt.edu/PPWS/PPWS-77/PPWS-77.html,VCE public use/reprint/citation statement,Yes,Yes/VERIFY,Yes,None identified,"Use existing clean image; complete final caption, alt text, factual-label, figure-numbering, and layout review.",No,Require exposure history and pattern check.,VCE page states materials are available for public use/reprint/citation without further permission when credit is included.,Preserve VCE author/organization credit; final caption must avoid diagnosing herbicide injury without exposure history.,vegetable fertilizer salt burn; waterlogged roots vegetable; tomato herbicide drift; bacterial wilt streaming test; okra stink bug pod damage; cowpea curculio larva; row cover shade cloth container garden CC BY | Rejected: Decorative garden photos; stock/blog/social media; NC or ND images; vague yellowing/wilt; unverified diagnosis images.,No image is final-cleared. Use candidate is the highest status.
B30_071,Batch 29 PermissionCommission,B29_05,Use candidate,Use Candidate,Keep in active candidate pool — VCE public-use statement verified; not final cleared,High,Herbicide drift with commercial-safe rights,Snap bean,growth-regulator herbicide injury,"Stunting, epinasty, swollen stems",LSE_FOUND_B29_ABIOTIC_Bean_HerbicideInjury_EpinastySwollenStems_VCE_PublicUse.jpg,Extension,https://www.pubs.ext.vt.edu/PPWS/PPWS-77/PPWS-77.html,VCE public use/reprint/citation statement,Yes,Yes/VERIFY,Yes,None identified,"Use existing clean image; complete final caption, alt text, factual-label, figure-numbering, and layout review.",No,Do not imply all bean distortion is herbicide.,VCE page states materials are available for public use/reprint/citation without further permission when credit is included.,Preserve VCE author/organization credit; final caption must avoid diagnosing herbicide injury without exposure history.,vegetable fertilizer salt burn; waterlogged roots vegetable; tomato herbicide drift; bacterial wilt streaming test; okra stink bug pod damage; cowpea curculio larva; row cover shade cloth container garden CC BY | Rejected: Decorative garden photos; stock/blog/social media; NC or ND images; vague yellowing/wilt; unverified diagnosis images.,No image is final-cleared. Use candidate is the highest status.
B30_072,Batch 29 PermissionCommission,B29_06,Use candidate,Use Candidate,Keep in active candidate pool — VCE public-use statement verified; not final cleared,Medium,Herbicide drift with commercial-safe rights,Squash / cucurbits,herbicide residue in straw mulch,"Field-scale wilting, epinasty, twisting",LSE_FOUND_B29_ABIOTIC_Squash_HerbicideResidue_FieldEpinastyTwisting_VCE_PublicUse.jpg,Extension,https://www.pubs.ext.vt.edu/PPWS/PPWS-77/PPWS-77.html,VCE public use/reprint/citation statement,Yes,Yes/VERIFY,Yes,None identified,"Use existing clean image; complete final caption, alt text, factual-label, figure-numbering, and layout review.",No,Do not present as drought wilt.,VCE page states materials are available for public use/reprint/citation without further permission when credit is included.,Preserve VCE author/organization credit; final caption must avoid diagnosing herbicide injury without exposure history.,vegetable fertilizer salt burn; waterlogged roots vegetable; tomato herbicide drift; bacterial wilt streaming test; okra stink bug pod damage; cowpea curculio larva; row cover shade cloth container garden CC BY | Rejected: Decorative garden photos; stock/blog/social media; NC or ND images; vague yellowing/wilt; unverified diagnosis images.,No image is final-cleared. Use candidate is the highest status.
B30_073,Batch 29 PermissionCommission,B29_07,Use candidate,Use Candidate,Keep in active candidate pool — not final cleared,High,Clean-rights North Texas-style practical setup photos,Vegetable beds,row cover / low tunnel,Row-cover fabric over hoops,LSE_FOUND_B29_PRACTICAL_RowCover_LowTunnel_FabricOverHoops_KathleenMoore_CC-BY-2.0.jpg,Extension,https://content.ces.ncsu.edu/extension-gardener-handbook/appendix-e-season-extenders-and-greenhouses,CC BY 2.0,Yes,Yes,Yes,None identified,"Use existing clean image; complete final caption, alt text, factual-label, figure-numbering, and layout review.",No,Include heat buildup and pollination caveats.,No-pay usable candidate carried forward because existing metadata indicates commercial-safe/public-use/CC0/CC BY/USDA-style rights and useful instructional value.,"Final rights, factual label, caption, alt-text, figure numbering and layout review.",vegetable fertilizer salt burn; waterlogged roots vegetable; tomato herbicide drift; bacterial wilt streaming test; okra stink bug pod damage; cowpea curculio larva; row cover shade cloth container garden CC BY | Rejected: Decorative garden photos; stock/blog/social media; NC or ND images; vague yellowing/wilt; unverified diagnosis images.,No image is final-cleared. Use candidate is the highest status.
B30_074,Batch 29 PermissionCommission,B29_08,Use candidate,Use Candidate,Keep in active candidate pool — not final cleared,Medium,Clean-rights North Texas-style practical setup photos,Vegetable beds,high tunnel / hoop house,High tunnel with side/entry open,LSE_FOUND_B29_PRACTICAL_HighTunnel_Vegetables_RollUpVentilation_KathleenMoore_CC-BY-2.0.jpg,Extension,https://content.ces.ncsu.edu/extension-gardener-handbook/appendix-e-season-extenders-and-greenhouses,CC BY 2.0,Yes,Yes,Yes,None identified,"Use existing clean image; complete final caption, alt text, factual-label, figure-numbering, and layout review.",No,Do not imply sealed summer use is safe.,No-pay usable candidate carried forward because existing metadata indicates commercial-safe/public-use/CC0/CC BY/USDA-style rights and useful instructional value.,"Final rights, factual label, caption, alt-text, figure numbering and layout review.",vegetable fertilizer salt burn; waterlogged roots vegetable; tomato herbicide drift; bacterial wilt streaming test; okra stink bug pod damage; cowpea curculio larva; row cover shade cloth container garden CC BY | Rejected: Decorative garden photos; stock/blog/social media; NC or ND images; vague yellowing/wilt; unverified diagnosis images.,No image is final-cleared. Use candidate is the highest status.
B30_075,Batch 29 PermissionCommission,B29_09,Use candidate,Use Candidate,Keep in active candidate pool — not final cleared,Medium,Clean-rights North Texas-style practical setup photos,Herbs and lettuce,cold frame / winter protection,Herbs and lettuce inside open cold frame,LSE_FOUND_B29_PRACTICAL_HerbsLettuce_ColdFrame_OpenLid_ChrisAlberti_CC-BY-2.0.jpg,Extension,https://content.ces.ncsu.edu/extension-gardener-handbook/appendix-e-season-extenders-and-greenhouses,CC BY 2.0,Yes,Yes,Yes,None identified,"Use existing clean image; complete final caption, alt text, factual-label, figure-numbering, and layout review.",No,Address overheating and moisture management.,No-pay usable candidate carried forward because existing metadata indicates commercial-safe/public-use/CC0/CC BY/USDA-style rights and useful instructional value.,"Final rights, factual label, caption, alt-text, figure numbering and layout review.",vegetable fertilizer salt burn; waterlogged roots vegetable; tomato herbicide drift; bacterial wilt streaming test; okra stink bug pod damage; cowpea curculio larva; row cover shade cloth container garden CC BY | Rejected: Decorative garden photos; stock/blog/social media; NC or ND images; vague yellowing/wilt; unverified diagnosis images.,No image is final-cleared. Use candidate is the highest status.
B30_076,Batch 29 PermissionCommission,B29_10,Conditional,Conditional,Keep conditional only if ShareAlike handling is accepted,Medium,Waterlogging / root rot / root-zone failure,Container transplants,rootbound / girdled roots,Dense circling/girdled roots,LSE_FOUND_B29_ROOTS_ContainerRootbound_GirdledRoots_BrendanLandis_CC-BY-SA-2.0.jpg,Extension,https://content.ces.ncsu.edu/extension-gardener-handbook/18-plants-grown-in-containers,CC BY-SA 2.0,Yes,"Yes, but ShareAlike applies",Yes,ShareAlike production review,Conditional image; do not final-clear until ShareAlike/GFDL/caption/host mismatch/review issue is resolved.,No,Do not call it vegetable-specific root disease.,"Useful rootbound/girdled-root cue, but CC BY-SA 2.0 requires ShareAlike production review.","Final rights, factual label, caption, alt-text, figure numbering and layout review. | ShareAlike/GFDL production compatibility review required.",vegetable fertilizer salt burn; waterlogged roots vegetable; tomato herbicide drift; bacterial wilt streaming test; okra stink bug pod damage; cowpea curculio larva; row cover shade cloth container garden CC BY | Rejected: Decorative garden photos; stock/blog/social media; NC or ND images; vague yellowing/wilt; unverified diagnosis images.,No image is final-cleared. Use candidate is the highest status.
B30_077,Batch 29 PermissionCommission,B29_11,Hold,Reject — Rights,Move to 05_Reject_Do_Not_Use under no-pay workflow,High,Vegetable-specific fertilizer / salt burn,Squash / vegetable leaves,pesticide burn / phytotoxicity,Scorched/blotchy vegetable leaves,LSE_FOUND_B29_HOLD_ABIOTIC_Squash_PesticideBurn_Phytotoxicity_UMD_VERIFY.jpg,Extension,https://extension.umd.edu/resource/fertilizer-or-pesticide-burn-vegetable-leaves,VERIFY,VERIFY,VERIFY,VERIFY,Rights/permission review,Permission-only/NC/unclear image; replace with text-only coverage or self-photo opportunity.,No,Do not diagnose from scorch alone.,Latest no-pay instruction explicitly moves this permission-only/NC/unclear rights class out of the active pool.,No outreach/no payment; do not use unless an independently clean license is later verified.,vegetable fertilizer salt burn; waterlogged roots vegetable; tomato herbicide drift; bacterial wilt streaming test; okra stink bug pod damage; cowpea curculio larva; row cover shade cloth container garden CC BY | Rejected: Decorative garden photos; stock/blog/social media; NC or ND images; vague yellowing/wilt; unverified diagnosis images.,No image is final-cleared. Use candidate is the highest status.
B30_078,Batch 29 PermissionCommission,B29_12,Hold,Reject — Rights,Move to 05_Reject_Do_Not_Use under no-pay workflow,High,Vegetable-specific fertilizer / salt burn,Bean / vegetable leaves,pesticide burn / phytotoxicity,Source-confirmed burn pattern on bean leaves,LSE_FOUND_B29_HOLD_ABIOTIC_Bean_PesticideBurn_ScorchedLeaves_UMD_VERIFY.png,Extension,https://extension.umd.edu/resource/fertilizer-or-pesticide-burn-vegetable-leaves,VERIFY,VERIFY,VERIFY,VERIFY,Rights/permission review,Permission-only/NC/unclear image; replace with text-only coverage or self-photo opportunity.,No,Require exposure history.,Latest no-pay instruction explicitly moves this permission-only/NC/unclear rights class out of the active pool.,No outreach/no payment; do not use unless an independently clean license is later verified.,vegetable fertilizer salt burn; waterlogged roots vegetable; tomato herbicide drift; bacterial wilt streaming test; okra stink bug pod damage; cowpea curculio larva; row cover shade cloth container garden CC BY | Rejected: Decorative garden photos; stock/blog/social media; NC or ND images; vague yellowing/wilt; unverified diagnosis images.,No image is final-cleared. Use candidate is the highest status.
B30_079,Batch 29 PermissionCommission,B29_13,Hold,Reject — Rights,Move to 05_Reject_Do_Not_Use under no-pay workflow,High,Okra and cowpea pest damage,Okra,stink bug / leaffooted bug damage,Twisted/distorted okra pods,LSE_FOUND_B29_HOLD_PEST_Okra_StinkBugDamage_TwistedPods_Clemson_PERMISSION.jpg,Extension,https://hgic.clemson.edu/factsheet/how-to-grow-okra-in-south-carolina-including-planting-dates-watering-fertilizing-ratooning-pest-management-and-harvesting-tips-for-healthy-pod-production/,All rights reserved / ©2018 HGIC,VERIFY,VERIFY,Yes/VERIFY,Rights/permission review,Permission-only/NC/unclear image; replace with text-only coverage or self-photo opportunity.,Yes,Mention leaffooted bugs can cause similar damage.,Latest no-pay instruction explicitly moves this permission-only/NC/unclear rights class out of the active pool.,No outreach/no payment; do not use unless an independently clean license is later verified.,vegetable fertilizer salt burn; waterlogged roots vegetable; tomato herbicide drift; bacterial wilt streaming test; okra stink bug pod damage; cowpea curculio larva; row cover shade cloth container garden CC BY | Rejected: Decorative garden photos; stock/blog/social media; NC or ND images; vague yellowing/wilt; unverified diagnosis images.,No image is final-cleared. Use candidate is the highest status.
B30_080,Batch 29 PermissionCommission,B29_14,Hold,Reject — Rights,Move to 05_Reject_Do_Not_Use under no-pay workflow,High,Waterlogging / root rot / root-zone failure,Basil,Rhizoctonia root rot,Dark diseased basil roots/crown,LSE_FOUND_B29_HOLD_ROOTS_Basil_RhizoctoniaRootRot_DarkRoots_MSU_PERMISSION.jpg,Extension,https://www.canr.msu.edu/news/vegetable_garden_issues,VERIFY,VERIFY,VERIFY,Yes/VERIFY,Rights/permission review,Permission-only/NC/unclear image; replace with text-only coverage or self-photo opportunity.,No,Do not imply all dark roots are Rhizoctonia.,Latest no-pay instruction explicitly moves this permission-only/NC/unclear rights class out of the active pool.,No outreach/no payment; do not use unless an independently clean license is later verified.,vegetable fertilizer salt burn; waterlogged roots vegetable; tomato herbicide drift; bacterial wilt streaming test; okra stink bug pod damage; cowpea curculio larva; row cover shade cloth container garden CC BY | Rejected: Decorative garden photos; stock/blog/social media; NC or ND images; vague yellowing/wilt; unverified diagnosis images.,No image is final-cleared. Use candidate is the highest status.
B30_081,Batch 29 PermissionCommission,B29_15,Hold,Reject — Rights,Move to 05_Reject_Do_Not_Use under no-pay workflow,High,Waterlogging / root rot / root-zone failure,Strawberry,black root rot complex,Healthy vs black/diseased root systems side-by-side,LSE_FOUND_B29_HOLD_ROOTS_Strawberry_BlackRootRot_HealthyVsDiseased_NCSU_PERMISSION.jpg,Extension,https://content.ces.ncsu.edu/black-root-rot-of-strawberry-1,VERIFY,VERIFY,VERIFY,Yes/VERIFY,Rights/permission review,Permission-only/NC/unclear image; replace with text-only coverage or self-photo opportunity.,No,BRR is a complex; do not name one pathogen.,Latest no-pay instruction explicitly moves this permission-only/NC/unclear rights class out of the active pool.,No outreach/no payment; do not use unless an independently clean license is later verified.,vegetable fertilizer salt burn; waterlogged roots vegetable; tomato herbicide drift; bacterial wilt streaming test; okra stink bug pod damage; cowpea curculio larva; row cover shade cloth container garden CC BY | Rejected: Decorative garden photos; stock/blog/social media; NC or ND images; vague yellowing/wilt; unverified diagnosis images.,No image is final-cleared. Use candidate is the highest status.
B30_082,Batch 29 PermissionCommission,B29_16,Hold,Reject — Rights,Move to 05_Reject_Do_Not_Use under no-pay workflow,High,Bacterial wilt ooze / streaming test,Tomato,bacterial wilt streaming test,Cut stem in water with milky exudate/streaming,LSE_FOUND_B29_HOLD_DISEASE_Tomato_BacterialWilt_StreamingTest_UAEX_PERMISSION.jpg,Extension,https://www.uaex.uada.edu/yard-garden/plant-health-clinic/disease-notes/posts/disease-note-17.aspx,VERIFY,VERIFY,VERIFY,Yes/VERIFY,Rights/permission review,Permission-only/NC/unclear image; replace with text-only coverage or self-photo opportunity.,No,Not a universal proof for all wilts.,Latest no-pay instruction explicitly moves this permission-only/NC/unclear rights class out of the active pool.,No outreach/no payment; do not use unless an independently clean license is later verified.,vegetable fertilizer salt burn; waterlogged roots vegetable; tomato herbicide drift; bacterial wilt streaming test; okra stink bug pod damage; cowpea curculio larva; row cover shade cloth container garden CC BY | Rejected: Decorative garden photos; stock/blog/social media; NC or ND images; vague yellowing/wilt; unverified diagnosis images.,No image is final-cleared. Use candidate is the highest status.
B30_083,Batch 29 PermissionCommission,B29_17,Hold,Reject — Rights,Move out of active candidate pool under no-pay workflow,High,Okra and cowpea pest damage,Okra,root-knot nematode galling,Search result identifies signs on okra roots,B29_17_HOLD_SOURCE_RECORD.txt,Bugwood,https://www.invasive.org/browse/image/5577107,Creative Commons [VERIFY],VERIFY,VERIFY,VERIFY,Rights/permission review,"Do not use image. Cover in text, use an existing clean substitute, or self-photograph later if practical.",No,Do not use without exact license.,"Prior status was Hold due to permission, unclear source, unclear commercial use, unclear modification rights, or unresolved ID; no outreach/no-pay rule makes it unusable.",No further permission outreach under current policy; keep source note only for future optional licensing.,vegetable fertilizer salt burn; waterlogged roots vegetable; tomato herbicide drift; bacterial wilt streaming test; okra stink bug pod damage; cowpea curculio larva; row cover shade cloth container garden CC BY | Rejected: Decorative garden photos; stock/blog/social media; NC or ND images; vague yellowing/wilt; unverified diagnosis images.,No image is final-cleared. Use candidate is the highest status.
B30_084,Batch 29 PermissionCommission,B29_18,Hold,Reject — Rights,Move out of active candidate pool under no-pay workflow,High,Herbicide drift with commercial-safe rights,Pepper,herbicide damage / cupping,Search result identifies pepper herbicide damage and cupping,B29_18_HOLD_SOURCE_RECORD.txt,Bugwood/IPMImages,https://www.ipmimages.org/browse/image/5392914,Creative Commons [VERIFY],VERIFY,VERIFY,VERIFY,Rights/permission review,"Do not use image. Cover in text, use an existing clean substitute, or self-photograph later if practical.",No,Do not use without exact license.,"Prior status was Hold due to permission, unclear source, unclear commercial use, unclear modification rights, or unresolved ID; no outreach/no-pay rule makes it unusable.",No further permission outreach under current policy; keep source note only for future optional licensing.,vegetable fertilizer salt burn; waterlogged roots vegetable; tomato herbicide drift; bacterial wilt streaming test; okra stink bug pod damage; cowpea curculio larva; row cover shade cloth container garden CC BY | Rejected: Decorative garden photos; stock/blog/social media; NC or ND images; vague yellowing/wilt; unverified diagnosis images.,No image is final-cleared. Use candidate is the highest status.
B30_085,Batch 29 PermissionCommission,B29_19,Hold,Reject — Rights,Move out of active candidate pool under no-pay workflow,High,Bacterial wilt ooze / streaming test,Tomato,bacterial streaming test,Search result identifies bacterial streaming test image,B29_19_HOLD_SOURCE_RECORD.txt,Bugwood/Invasive,https://www.invasive.org/browse/image/5606060,Creative Commons [VERIFY],VERIFY,VERIFY,VERIFY,Rights/permission review,"Do not use image. Cover in text, use an existing clean substitute, or self-photograph later if practical.",No,Do not use without exact license.,"Prior status was Hold due to permission, unclear source, unclear commercial use, unclear modification rights, or unresolved ID; no outreach/no-pay rule makes it unusable.",No further permission outreach under current policy; keep source note only for future optional licensing.,vegetable fertilizer salt burn; waterlogged roots vegetable; tomato herbicide drift; bacterial wilt streaming test; okra stink bug pod damage; cowpea curculio larva; row cover shade cloth container garden CC BY | Rejected: Decorative garden photos; stock/blog/social media; NC or ND images; vague yellowing/wilt; unverified diagnosis images.,No image is final-cleared. Use candidate is the highest status.
B30_086,Batch 29 PermissionCommission,B29_20,Reject,Reject — Rights,Move to 05_Reject_Do_Not_Use under no-pay workflow,High,Bacterial wilt ooze / streaming test,Tomato,bacterial streaming test,Source-identified streaming test; NC license,B29_20_REJECT_SOURCE_RECORD.txt,Bugwood/ForestryImages,https://www.forestryimages.org/browse/image/5472887,CC BY-NC 3.0,No,"Yes under NC, not commercial",Yes,NC commercial-use block,Permission-only/NC/unclear image; replace with text-only coverage or self-photo opportunity.,No,Permission target only.,Latest no-pay instruction explicitly moves this permission-only/NC/unclear rights class out of the active pool.,No outreach/no payment; do not use unless an independently clean license is later verified.,vegetable fertilizer salt burn; waterlogged roots vegetable; tomato herbicide drift; bacterial wilt streaming test; okra stink bug pod damage; cowpea curculio larva; row cover shade cloth container garden CC BY | Rejected: Decorative garden photos; stock/blog/social media; NC or ND images; vague yellowing/wilt; unverified diagnosis images.,No image is final-cleared. Use candidate is the highest status.
B30_087,Batch 29 PermissionCommission,B29_21,Reject,Reject — Rights,Move to 05_Reject_Do_Not_Use under no-pay workflow,High,Bacterial wilt ooze / streaming test,Tomato,bacterial wilt ooze test,PlantwisePlus ooze-test reference; NC/unclear figure rights,B29_21_REJECT_SOURCE_RECORD.txt,Other / PlantwisePlus,https://plantwiseplusknowledgebank.org/doi/full/10.1079/pwkb.20167801480,CC BY-NC-SA [VERIFY] 4.0,No,No for commercial without permission,Yes,ShareAlike production review,Permission-only/NC/unclear image; replace with text-only coverage or self-photo opportunity.,No,Reference only.,Latest no-pay instruction explicitly moves this permission-only/NC/unclear rights class out of the active pool.,No outreach/no payment; do not use unless an independently clean license is later verified.,vegetable fertilizer salt burn; waterlogged roots vegetable; tomato herbicide drift; bacterial wilt streaming test; okra stink bug pod damage; cowpea curculio larva; row cover shade cloth container garden CC BY | Rejected: Decorative garden photos; stock/blog/social media; NC or ND images; vague yellowing/wilt; unverified diagnosis images.,No image is final-cleared. Use candidate is the highest status.
B30_088,Batch 29 PermissionCommission,B29_22,Reject,Reject — Rights,Move to 05_Reject_Do_Not_Use under no-pay workflow,High,Okra and cowpea pest damage,Cowpea,cowpea curculio larva inside pod,Larva emerging from cowpea pod,B29_22_REJECT_SOURCE_RECORD.txt,Bugwood/Invasive,https://www.invasive.org/browse/image/5619676,CC BY-NC 3.0,No,"Yes under NC, not commercial",Yes,NC commercial-use block,Permission-only/NC/unclear image; replace with text-only coverage or self-photo opportunity.,No,"Permission target, not use candidate.",Latest no-pay instruction explicitly moves this permission-only/NC/unclear rights class out of the active pool.,No outreach/no payment; do not use unless an independently clean license is later verified.,vegetable fertilizer salt burn; waterlogged roots vegetable; tomato herbicide drift; bacterial wilt streaming test; okra stink bug pod damage; cowpea curculio larva; row cover shade cloth container garden CC BY | Rejected: Decorative garden photos; stock/blog/social media; NC or ND images; vague yellowing/wilt; unverified diagnosis images.,No image is final-cleared. Use candidate is the highest status.
B30_089,Batch 29 PermissionCommission,B29_23,Reject,Reject — Rights,Move to 05_Reject_Do_Not_Use under no-pay workflow,Medium,Okra and cowpea pest damage,Cowpea,cowpea curculio adult,Adult cowpea curculio,B29_23_REJECT_SOURCE_RECORD.txt,Bugwood/Invasive,https://www.invasive.org/browse/image/5619671,CC BY-NC 3.0,No,"Yes under NC, not commercial",Yes,NC commercial-use block,Permission-only/NC/unclear image; replace with text-only coverage or self-photo opportunity.,No,Permission target only.,Latest no-pay instruction explicitly moves this permission-only/NC/unclear rights class out of the active pool.,No outreach/no payment; do not use unless an independently clean license is later verified.,vegetable fertilizer salt burn; waterlogged roots vegetable; tomato herbicide drift; bacterial wilt streaming test; okra stink bug pod damage; cowpea curculio larva; row cover shade cloth container garden CC BY | Rejected: Decorative garden photos; stock/blog/social media; NC or ND images; vague yellowing/wilt; unverified diagnosis images.,No image is final-cleared. Use candidate is the highest status.
B30_090,Batch 29 PermissionCommission,B29_NS_01,No suitable found photo / Commission,Text-Only Coverage,Do not keep searching broadly; cover with text/table/confirm-by box,High,Vegetable-specific fertilizer / salt burn,tomato/pepper/cucumber/squash/bean/lettuce/basil/strawberry,fertilizer or salt burn,Vegetable-specific marginal scorch/tip burn/salt crust with confirmed fertilizer/salt cause,B29_NS_01_COMMISSION_SHOT_LIST.txt,No suitable found photo,,,VERIFY,VERIFY,VERIFY,Rights/permission review,"Use conservative diagnostic text, comparison table, checklist, or existing clean substitute rather than an image.",Yes,Do not create AI diagnostic substitute; use real source-confirmed photo only.,"Need remains useful, but Batch 26–29 results show it is too specific, rights-locked, or not cleanly available online; no-pay policy prevents permission or paid licensing.",No photo to verify; manuscript text still requires source review.,vegetable fertilizer salt burn; waterlogged roots vegetable; tomato herbicide drift; bacterial wilt streaming test; okra stink bug pod damage; cowpea curculio larva; row cover shade cloth container garden CC BY | Rejected: Decorative garden photos; stock/blog/social media; NC or ND images; vague yellowing/wilt; unverified diagnosis images.,No image is final-cleared. Use candidate is the highest status.
B30_091,Batch 29 PermissionCommission,B29_NS_02,No suitable found photo / Commission,Self-Photo Opportunity,Add to self-photo shot list; leave unfilled for now,High,Waterlogging / root rot / root-zone failure,tomato/pepper/basil/lettuce/container herbs/raised beds,waterlogging / anaerobic roots,"Pulled roots showing brown/mushy roots, saturated mix, or healthy-vs-failed roots",B29_NS_02_COMMISSION_SHOT_LIST.txt,No suitable found photo,,,VERIFY,VERIFY,VERIFY,Rights/permission review,Photograph locally later with real North Texas setup or root/soil condition; otherwise cover with text/checklist.,Yes,Do not create AI diagnostic substitute; use real source-confirmed photo only.,"No clean found photo was located, but the subject can realistically be photographed later without paying or licensing.","Future self-photo must document crop/system, visible cue, date/location context, and caption-safe diagnosis.",vegetable fertilizer salt burn; waterlogged roots vegetable; tomato herbicide drift; bacterial wilt streaming test; okra stink bug pod damage; cowpea curculio larva; row cover shade cloth container garden CC BY | Rejected: Decorative garden photos; stock/blog/social media; NC or ND images; vague yellowing/wilt; unverified diagnosis images.,No image is final-cleared. Use candidate is the highest status.
B30_092,Batch 29 PermissionCommission,B29_NS_03,No suitable found photo / Commission,Omit,Omit photo; include short diagnostic text if needed,High,Bacterial wilt ooze / streaming test,tomato/cucurbits/pepper,bacterial wilt streaming test,Cut stem in water with milky bacterial streaming,B29_NS_03_COMMISSION_SHOT_LIST.txt,No suitable found photo,,,VERIFY,VERIFY,VERIFY,Rights/permission review,No photo required. Use a short text box describing the streaming test and lab/extension confirmation.,No,Do not create AI diagnostic substitute; use real source-confirmed photo only.,"Need remains useful, but Batch 26–29 results show it is too specific, rights-locked, or not cleanly available online; no-pay policy prevents permission or paid licensing.",No photo to verify; manuscript text still requires source review.,vegetable fertilizer salt burn; waterlogged roots vegetable; tomato herbicide drift; bacterial wilt streaming test; okra stink bug pod damage; cowpea curculio larva; row cover shade cloth container garden CC BY | Rejected: Decorative garden photos; stock/blog/social media; NC or ND images; vague yellowing/wilt; unverified diagnosis images.,No image is final-cleared. Use candidate is the highest status.
B30_093,Batch 29 PermissionCommission,B29_NS_04,No suitable found photo / Commission,Text-Only Coverage,Do not keep searching broadly; cover with text/table/confirm-by box,High,Okra and cowpea pest damage,okra,stink bug / leaffooted bug pod injury,Warted/curled/distorted pods with confirmed stink bug/leaffooted bug cause,B29_NS_04_COMMISSION_SHOT_LIST.txt,No suitable found photo,,,VERIFY,VERIFY,VERIFY,Rights/permission review,"Use conservative diagnostic text, comparison table, checklist, or existing clean substitute rather than an image.",Yes,Do not create AI diagnostic substitute; use real source-confirmed photo only.,"Need remains useful, but Batch 26–29 results show it is too specific, rights-locked, or not cleanly available online; no-pay policy prevents permission or paid licensing.",No photo to verify; manuscript text still requires source review.,vegetable fertilizer salt burn; waterlogged roots vegetable; tomato herbicide drift; bacterial wilt streaming test; okra stink bug pod damage; cowpea curculio larva; row cover shade cloth container garden CC BY | Rejected: Decorative garden photos; stock/blog/social media; NC or ND images; vague yellowing/wilt; unverified diagnosis images.,No image is final-cleared. Use candidate is the highest status.
B30_094,Batch 29 PermissionCommission,B29_NS_05,No suitable found photo / Commission,Text-Only Coverage,Do not keep searching broadly; cover with text/table/confirm-by box,High,Okra and cowpea pest damage,cowpea,cowpea curculio pod damage / larva inside pod,"Larva inside pod, emergence hole, seed damage, adult nearby",B29_NS_05_COMMISSION_SHOT_LIST.txt,No suitable found photo,,,VERIFY,VERIFY,VERIFY,Rights/permission review,"Use conservative diagnostic text, comparison table, checklist, or existing clean substitute rather than an image.",Yes,Do not create AI diagnostic substitute; use real source-confirmed photo only.,"Need remains useful, but Batch 26–29 results show it is too specific, rights-locked, or not cleanly available online; no-pay policy prevents permission or paid licensing.",No photo to verify; manuscript text still requires source review.,vegetable fertilizer salt burn; waterlogged roots vegetable; tomato herbicide drift; bacterial wilt streaming test; okra stink bug pod damage; cowpea curculio larva; row cover shade cloth container garden CC BY | Rejected: Decorative garden photos; stock/blog/social media; NC or ND images; vague yellowing/wilt; unverified diagnosis images.,No image is final-cleared. Use candidate is the highest status.
B30_095,Batch 29 PermissionCommission,B29_NS_06,No suitable found photo / Commission,Self-Photo Opportunity,Add to self-photo shot list; leave unfilled for now,High,Clean-rights North Texas-style practical setup photos,North Texas vegetable beds,shade cloth + drip + mulch heat setup,"Real bed with shade cloth, drip line, mulch, and anchoring visible",B29_NS_06_COMMISSION_SHOT_LIST.txt,No suitable found photo,,,VERIFY,VERIFY,VERIFY,Rights/permission review,Photograph locally later with real North Texas setup or root/soil condition; otherwise cover with text/checklist.,Yes,Do not create AI diagnostic substitute; use real source-confirmed photo only.,"No clean found photo was located, but the subject can realistically be photographed later without paying or licensing.","Future self-photo must document crop/system, visible cue, date/location context, and caption-safe diagnosis.",vegetable fertilizer salt burn; waterlogged roots vegetable; tomato herbicide drift; bacterial wilt streaming test; okra stink bug pod damage; cowpea curculio larva; row cover shade cloth container garden CC BY | Rejected: Decorative garden photos; stock/blog/social media; NC or ND images; vague yellowing/wilt; unverified diagnosis images.,No image is final-cleared. Use candidate is the highest status.
B30_096,Batch 29 PermissionCommission,B29_NS_07,No suitable found photo / Commission,Self-Photo Opportunity,Add to self-photo shot list; leave unfilled for now,High,Clean-rights North Texas-style practical setup photos,Blackland clay raised beds,ponding / smearing / cracking / compaction,Standing water or smeared wet clay in vegetable bed; cracked dry clay counterpart,B29_NS_07_COMMISSION_SHOT_LIST.txt,No suitable found photo,,,VERIFY,VERIFY,VERIFY,Rights/permission review,Photograph locally later with real North Texas setup or root/soil condition; otherwise cover with text/checklist.,Yes,Do not create AI diagnostic substitute; use real source-confirmed photo only.,"No clean found photo was located, but the subject can realistically be photographed later without paying or licensing.","Future self-photo must document crop/system, visible cue, date/location context, and caption-safe diagnosis.",vegetable fertilizer salt burn; waterlogged roots vegetable; tomato herbicide drift; bacterial wilt streaming test; okra stink bug pod damage; cowpea curculio larva; row cover shade cloth container garden CC BY | Rejected: Decorative garden photos; stock/blog/social media; NC or ND images; vague yellowing/wilt; unverified diagnosis images.,No image is final-cleared. Use candidate is the highest status.
B30_097,Batch 29 PermissionCommission,B29_NS_08,No suitable found photo / Commission,Self-Photo Opportunity,Add to self-photo shot list; leave unfilled for now,Medium,Clean-rights North Texas-style practical setup photos,herb barrel / patio herb garden,barrel drainage setup,"Barrel herb garden with holes, risers, overflow path and separated water-use groups",B29_NS_08_COMMISSION_SHOT_LIST.txt,No suitable found photo,,,VERIFY,VERIFY,VERIFY,Rights/permission review,Photograph locally later with real North Texas setup or root/soil condition; otherwise cover with text/checklist.,Yes,Do not create AI diagnostic substitute; use real source-confirmed photo only.,"No clean found photo was located, but the subject can realistically be photographed later without paying or licensing.","Future self-photo must document crop/system, visible cue, date/location context, and caption-safe diagnosis.",vegetable fertilizer salt burn; waterlogged roots vegetable; tomato herbicide drift; bacterial wilt streaming test; okra stink bug pod damage; cowpea curculio larva; row cover shade cloth container garden CC BY | Rejected: Decorative garden photos; stock/blog/social media; NC or ND images; vague yellowing/wilt; unverified diagnosis images.,No image is final-cleared. Use candidate is the highest status.
B30_098,Batch 29 PermissionCommission,B29_NS_09,No suitable found photo / Commission,Text-Only Coverage,Use broader clean root-knot image as substitute if needed; no okra-specific photo required,High,Okra and cowpea pest damage,okra,root-knot nematode galling,Pulled okra roots with confirmed root-knot galling,B29_NS_09_COMMISSION_SHOT_LIST.txt,No suitable found photo,,,VERIFY,VERIFY,VERIFY,Rights/permission review,Cross-reference existing clean tomato/sweet potato/pepper root-knot galling photos; describe okra in text.,Yes,Do not create AI diagnostic substitute; use real source-confirmed photo only.,Okra-specific root-knot photo remains hard to source; broader clean root-knot visuals already teach the hidden-cause cue.,No photo to verify; manuscript text still requires source review.,vegetable fertilizer salt burn; waterlogged roots vegetable; tomato herbicide drift; bacterial wilt streaming test; okra stink bug pod damage; cowpea curculio larva; row cover shade cloth container garden CC BY | Rejected: Decorative garden photos; stock/blog/social media; NC or ND images; vague yellowing/wilt; unverified diagnosis images.,No image is final-cleared. Use candidate is the highest status.
B30_099,Batch 29 PermissionCommission,B29_NS_10,No suitable found photo / Commission,Self-Photo Opportunity,Add to self-photo shot list; leave unfilled for now,High,Waterlogging / root rot / root-zone failure,vegetable seedlings,damping-off at soil line,Collapsed seedlings at soil line with confirmed damping-off,B29_NS_10_COMMISSION_SHOT_LIST.txt,No suitable found photo,,,VERIFY,VERIFY,VERIFY,Rights/permission review,Photograph locally later with real North Texas setup or root/soil condition; otherwise cover with text/checklist.,Yes,Do not create AI diagnostic substitute; use real source-confirmed photo only.,"No clean found photo was located, but the subject can realistically be photographed later without paying or licensing.","Future self-photo must document crop/system, visible cue, date/location context, and caption-safe diagnosis.",vegetable fertilizer salt burn; waterlogged roots vegetable; tomato herbicide drift; bacterial wilt streaming test; okra stink bug pod damage; cowpea curculio larva; row cover shade cloth container garden CC BY | Rejected: Decorative garden photos; stock/blog/social media; NC or ND images; vague yellowing/wilt; unverified diagnosis images.,No image is final-cleared. Use candidate is the highest status.
