"from_file","from_loc","from_name","line","raw_src","resolved","status","cand_count","cand_locs","best_candidate"
"C:\Users\dstor\lse-repo\LSE_BOOK_1_THE_LIVING_SOIL_WORKING.html","repo","LSE_BOOK_1_THE_LIVING_SOIL_WORKING.html","23","assets/lse_figures/LSE_A02_Soil_Food_Web_Functional_Map_Ch02.png","C:\Users\dstor\lse-repo\assets\lse_figures\LSE_A02_Soil_Food_Web_Functional_Map_Ch02.png","resolved","1","repo","C:\Users\dstor\lse-repo\assets\lse_figures\LSE_A02_Soil_Food_Web_Functional_Map_Ch02.png"
"C:\Users\dstor\lse-repo\LSE_BOOK_1_THE_LIVING_SOIL_WORKING.html","repo","LSE_BOOK_1_THE_LIVING_SOIL_WORKING.html","75","assets/lse_figures/LSE_A04_Mycorrhizal_Exchange_Defense_Priming_Ch06.jpg","C:\Users\dstor\lse-repo\assets\lse_figures\LSE_A04_Mycorrhizal_Exchange_Defense_Priming_Ch06.jpg","resolved","1","repo","C:\Users\dstor\lse-repo\assets\lse_figures\LSE_A04_Mycorrhizal_Exchange_Defense_Priming_Ch06.jpg"
"C:\Users\dstor\lse-repo\LSE_BOOK_1_THE_LIVING_SOIL_WORKING.html","repo","LSE_BOOK_1_THE_LIVING_SOIL_WORKING.html","80","assets/user_created_web/UCI_005_ISR_and_SAR_The_Plant_Immune_System.jpg","C:\Users\dstor\lse-repo\assets\user_created_web\UCI_005_ISR_and_SAR_The_Plant_Immune_System.jpg","resolved","1","repo","C:\Users\dstor\lse-repo\assets\user_created_web\UCI_005_ISR_and_SAR_The_Plant_Immune_System.jpg"
"C:\Users\dstor\lse-repo\LSE_BOOK_1_THE_LIVING_SOIL_WORKING.html","repo","LSE_BOOK_1_THE_LIVING_SOIL_WORKING.html","80","assets/lse_figures/LSE_B05_Mycorrhizal_Inoculation_Failure_Modes_Ch06_17.jpg","C:\Users\dstor\lse-repo\assets\lse_figures\LSE_B05_Mycorrhizal_Inoculation_Failure_Modes_Ch06_17.jpg","resolved","1","repo","C:\Users\dstor\lse-repo\assets\lse_figures\LSE_B05_Mycorrhizal_Inoculation_Failure_Modes_Ch06_17.jpg"
"C:\Users\dstor\lse-repo\LSE_BOOK_1_THE_LIVING_SOIL_WORKING.html","repo","LSE_BOOK_1_THE_LIVING_SOIL_WORKING.html","110","assets/lse_figures/LSE_B02_Predator_Driven_Nitrogen_Mineralization_Loop_Ch05.jpg","C:\Users\dstor\lse-repo\assets\lse_figures\LSE_B02_Predator_Driven_Nitrogen_Mineralization_Loop_Ch05.jpg","resolved","1","repo","C:\Users\dstor\lse-repo\assets\lse_figures\LSE_B02_Predator_Driven_Nitrogen_Mineralization_Loop_Ch05.jpg"
"C:\Users\dstor\lse-repo\LSE_BOOK_1_THE_LIVING_SOIL_WORKING.html","repo","LSE_BOOK_1_THE_LIVING_SOIL_WORKING.html","110","assets/user_created_web/UCI_003_The_Nutrient_Mineralization_Loop.jpg","C:\Users\dstor\lse-repo\assets\user_created_web\UCI_003_The_Nutrient_Mineralization_Loop.jpg","resolved","1","repo","C:\Users\dstor\lse-repo\assets\user_created_web\UCI_003_The_Nutrient_Mineralization_Loop.jpg"
"C:\Users\dstor\lse-repo\LSE_BOOK_1_THE_LIVING_SOIL_WORKING.html","repo","LSE_BOOK_1_THE_LIVING_SOIL_WORKING.html","117","assets/lse_figures/LSE_B03_Nematode_Mouthpart_Comparison_Ch05_44.png","C:\Users\dstor\lse-repo\assets\lse_figures\LSE_B03_Nematode_Mouthpart_Comparison_Ch05_44.png","resolved","1","repo","C:\Users\dstor\lse-repo\assets\lse_figures\LSE_B03_Nematode_Mouthpart_Comparison_Ch05_44.png"
"C:\Users\dstor\lse-repo\LSE_BOOK_1_THE_LIVING_SOIL_WORKING.html","repo","LSE_BOOK_1_THE_LIVING_SOIL_WORKING.html","126","assets/lse_figures/LSE_D04_Root_Knot_Nematode_Diagnosis_Workflow_Ch05_Ch29_Ch42_Ch44.png","C:\Users\dstor\lse-repo\assets\lse_figures\LSE_D04_Root_Knot_Nematode_Diagnosis_Workflow_Ch05_Ch29_Ch42_Ch44.png","resolved","1","repo","C:\Users\dstor\lse-repo\assets\lse_figures\LSE_D04_Root_Knot_Nematode_Diagnosis_Workflow_Ch05_Ch29_Ch42_Ch44.png"
"C:\Users\dstor\lse-repo\LSE_BOOK_1_THE_LIVING_SOIL_WORKING.html","repo","LSE_BOOK_1_THE_LIVING_SOIL_WORKING.html","126","assets/lse_figures/LSE_D18_Root_Inspection_Nodules_Galls_Root_Disease_Ch05_Ch29_Ch44.jpg","C:\Users\dstor\lse-repo\assets\lse_figures\LSE_D18_Root_Inspection_Nodules_Galls_Root_Disease_Ch05_Ch29_Ch44.jpg","resolved","1","repo","C:\Users\dstor\lse-repo\assets\lse_figures\LSE_D18_Root_Inspection_Nodules_Galls_Root_Disease_Ch05_Ch29_Ch44.jpg"
"C:\Users\dstor\lse-repo\LSE_BOOK_1_THE_LIVING_SOIL_WORKING.html","repo","LSE_BOOK_1_THE_LIVING_SOIL_WORKING.html","128","assets/user_created_web/UCI_002_Bacterial_vs_Fungal_Soil_Dominance.jpg","C:\Users\dstor\lse-repo\assets\user_created_web\UCI_002_Bacterial_vs_Fungal_Soil_Dominance.jpg","resolved","1","repo","C:\Users\dstor\lse-repo\assets\user_created_web\UCI_002_Bacterial_vs_Fungal_Soil_Dominance.jpg"
"C:\Users\dstor\lse-repo\LSE_BOOK_1_THE_LIVING_SOIL_WORKING.html","repo","LSE_BOOK_1_THE_LIVING_SOIL_WORKING.html","128","assets/lse_figures/LSE_B06_Fungal_Bacterial_Succession_Strip_Ch07.jpg","C:\Users\dstor\lse-repo\assets\lse_figures\LSE_B06_Fungal_Bacterial_Succession_Strip_Ch07.jpg","resolved","1","repo","C:\Users\dstor\lse-repo\assets\lse_figures\LSE_B06_Fungal_Bacterial_Succession_Strip_Ch07.jpg"
"C:\Users\dstor\lse-repo\LSE_BOOK_1_THE_LIVING_SOIL_WORKING.html","repo","LSE_BOOK_1_THE_LIVING_SOIL_WORKING.html","144","assets/user_created_web/UCI_009_Fungal_Bacterial_Input_Guide.png","C:\Users\dstor\lse-repo\assets\user_created_web\UCI_009_Fungal_Bacterial_Input_Guide.png","resolved","1","repo","C:\Users\dstor\lse-repo\assets\user_created_web\UCI_009_Fungal_Bacterial_Input_Guide.png"
"C:\Users\dstor\lse-repo\LSE_BOOK_1_THE_LIVING_SOIL_WORKING.html","repo","LSE_BOOK_1_THE_LIVING_SOIL_WORKING.html","151","assets/user_created_web/UCI_007_Composite_Method_Reference.png","C:\Users\dstor\lse-repo\assets\user_created_web\UCI_007_Composite_Method_Reference.png","resolved","1","repo","C:\Users\dstor\lse-repo\assets\user_created_web\UCI_007_Composite_Method_Reference.png"
"C:\Users\dstor\lse-repo\LSE_BOOK_1_THE_LIVING_SOIL_WORKING.html","repo","LSE_BOOK_1_THE_LIVING_SOIL_WORKING.html","151","assets/lse_figures/LSE_B07_Five_Soil_Health_Principles_Wheel_Ch08.jpg","C:\Users\dstor\lse-repo\assets\lse_figures\LSE_B07_Five_Soil_Health_Principles_Wheel_Ch08.jpg","resolved","1","repo","C:\Users\dstor\lse-repo\assets\lse_figures\LSE_B07_Five_Soil_Health_Principles_Wheel_Ch08.jpg"
"C:\Users\dstor\lse-repo\LSE_BOOK_1_THE_LIVING_SOIL_WORKING.html","repo","LSE_BOOK_1_THE_LIVING_SOIL_WORKING.html","157","assets/lse_figures/LSE_A05_Regenerative_Permaculture_Garden_System_Ch08.jpg","C:\Users\dstor\lse-repo\assets\lse_figures\LSE_A05_Regenerative_Permaculture_Garden_System_Ch08.jpg","resolved","1","repo","C:\Users\dstor\lse-repo\assets\lse_figures\LSE_A05_Regenerative_Permaculture_Garden_System_Ch08.jpg"
"C:\Users\dstor\lse-repo\LSE_BOOK_1_THE_LIVING_SOIL_WORKING.html","repo","LSE_BOOK_1_THE_LIVING_SOIL_WORKING.html","157","assets/user_created_web/UCI_006_Permaculture_Zone_Map.png","C:\Users\dstor\lse-repo\assets\user_created_web\UCI_006_Permaculture_Zone_Map.png","resolved","1","repo","C:\Users\dstor\lse-repo\assets\user_created_web\UCI_006_Permaculture_Zone_Map.png"
"C:\Users\dstor\lse-repo\LSE_BOOK_1_THE_LIVING_SOIL_WORKING.html","repo","LSE_BOOK_1_THE_LIVING_SOIL_WORKING.html","178","assets/lse_figures/LSE_B08_Thermal_Compost_Process_Ch09_Ch13.jpg","C:\Users\dstor\lse-repo\assets\lse_figures\LSE_B08_Thermal_Compost_Process_Ch09_Ch13.jpg","resolved","1","repo","C:\Users\dstor\lse-repo\assets\lse_figures\LSE_B08_Thermal_Compost_Process_Ch09_Ch13.jpg"
"C:\Users\dstor\lse-repo\LSE_BOOK_1_THE_LIVING_SOIL_WORKING.html","repo","LSE_BOOK_1_THE_LIVING_SOIL_WORKING.html","181","assets/lse_figures/LSE_B09_Compost_Extract_vs_AACT_Ch09_19.jpg","C:\Users\dstor\lse-repo\assets\lse_figures\LSE_B09_Compost_Extract_vs_AACT_Ch09_19.jpg","resolved","1","repo","C:\Users\dstor\lse-repo\assets\lse_figures\LSE_B09_Compost_Extract_vs_AACT_Ch09_19.jpg"
"C:\Users\dstor\lse-repo\LSE_BOOK_1_THE_LIVING_SOIL_WORKING.html","repo","LSE_BOOK_1_THE_LIVING_SOIL_WORKING.html","187","assets/lse_figures/LSE_A06_Compost_Microscope_Soil_Food_Web_Workflow_Ch09.png","C:\Users\dstor\lse-repo\assets\lse_figures\LSE_A06_Compost_Microscope_Soil_Food_Web_Workflow_Ch09.png","resolved","1","repo","C:\Users\dstor\lse-repo\assets\lse_figures\LSE_A06_Compost_Microscope_Soil_Food_Web_Workflow_Ch09.png"
"C:\Users\dstor\lse-repo\LSE_BOOK_1_THE_LIVING_SOIL_WORKING.html","repo","LSE_BOOK_1_THE_LIVING_SOIL_WORKING.html","204","assets/lse_figures/LSE_B10_Coots_Mix_1_1_1_Triangle_Ch10_23.jpg","C:\Users\dstor\lse-repo\assets\lse_figures\LSE_B10_Coots_Mix_1_1_1_Triangle_Ch10_23.jpg","resolved","1","repo","C:\Users\dstor\lse-repo\assets\lse_figures\LSE_B10_Coots_Mix_1_1_1_Triangle_Ch10_23.jpg"
"C:\Users\dstor\lse-repo\LSE_BOOK_1_THE_LIVING_SOIL_WORKING.html","repo","LSE_BOOK_1_THE_LIVING_SOIL_WORKING.html","233","assets/lse_figures/LSE_B11_Plant_Health_Pyramid_Evidence_Boundary_Ch11_Ch41.jpg","C:\Users\dstor\lse-repo\assets\lse_figures\LSE_B11_Plant_Health_Pyramid_Evidence_Boundary_Ch11_Ch41.jpg","resolved","1","repo","C:\Users\dstor\lse-repo\assets\lse_figures\LSE_B11_Plant_Health_Pyramid_Evidence_Boundary_Ch11_Ch41.jpg"
"C:\Users\dstor\lse-repo\LSE_BOOK_1_THE_LIVING_SOIL_WORKING.html","repo","LSE_BOOK_1_THE_LIVING_SOIL_WORKING.html","233","assets/lse_figures/LSE_A18_IPM_Pyramid_Scouting_Ch39.jpg","C:\Users\dstor\lse-repo\assets\lse_figures\LSE_A18_IPM_Pyramid_Scouting_Ch39.jpg","resolved","1","repo","C:\Users\dstor\lse-repo\assets\lse_figures\LSE_A18_IPM_Pyramid_Scouting_Ch39.jpg"
"C:\Users\dstor\lse-repo\LSE_BOOK_1_THE_LIVING_SOIL_WORKING.html","repo","LSE_BOOK_1_THE_LIVING_SOIL_WORKING.html","238","assets/lse_figures/LSE_B16_Trace_Element_Deficiency_vs_Toxicity_Ch14.jpg","C:\Users\dstor\lse-repo\assets\lse_figures\LSE_B16_Trace_Element_Deficiency_vs_Toxicity_Ch14.jpg","resolved","1","repo","C:\Users\dstor\lse-repo\assets\lse_figures\LSE_B16_Trace_Element_Deficiency_vs_Toxicity_Ch14.jpg"
"C:\Users\dstor\lse-repo\LSE_BOOK_1_THE_LIVING_SOIL_WORKING.html","repo","LSE_BOOK_1_THE_LIVING_SOIL_WORKING.html","257","assets/lse_figures/LSE_B12_KNF_IMO_1_4_Workflow_Ch12_Ch19.png","C:\Users\dstor\lse-repo\assets\lse_figures\LSE_B12_KNF_IMO_1_4_Workflow_Ch12_Ch19.png","resolved","1","repo","C:\Users\dstor\lse-repo\assets\lse_figures\LSE_B12_KNF_IMO_1_4_Workflow_Ch12_Ch19.png"
"C:\Users\dstor\lse-repo\LSE_BOOK_1_THE_LIVING_SOIL_WORKING.html","repo","LSE_BOOK_1_THE_LIVING_SOIL_WORKING.html","264","assets/lse_figures/LSE_B13_JADAM_Safety_Plate_Ch12_19_41.jpg","C:\Users\dstor\lse-repo\assets\lse_figures\LSE_B13_JADAM_Safety_Plate_Ch12_19_41.jpg","resolved","1","repo","C:\Users\dstor\lse-repo\assets\lse_figures\LSE_B13_JADAM_Safety_Plate_Ch12_19_41.jpg"
"C:\Users\dstor\lse-repo\LSE_BOOK_1_THE_LIVING_SOIL_WORKING.html","repo","LSE_BOOK_1_THE_LIVING_SOIL_WORKING.html","298","assets/lse_figures/LSE_E01_North_Texas_Soil_Failure_Modes_Ch20_Ch21_Ch33.jpg","C:\Users\dstor\lse-repo\assets\lse_figures\LSE_E01_North_Texas_Soil_Failure_Modes_Ch20_Ch21_Ch33.jpg","resolved","1","repo","C:\Users\dstor\lse-repo\assets\lse_figures\LSE_E01_North_Texas_Soil_Failure_Modes_Ch20_Ch21_Ch33.jpg"
"C:\Users\dstor\lse-repo\LSE_BOOK_1_THE_LIVING_SOIL_WORKING.html","repo","LSE_BOOK_1_THE_LIVING_SOIL_WORKING.html","318","assets/user_created_web/UCI_012_Raised_Bed_Cross_Section_Layers_and_Fill_Strategy.jpg","C:\Users\dstor\lse-repo\assets\user_created_web\UCI_012_Raised_Bed_Cross_Section_Layers_and_Fill_Strategy.jpg","resolved","1","repo","C:\Users\dstor\lse-repo\assets\user_created_web\UCI_012_Raised_Bed_Cross_Section_Layers_and_Fill_Strategy.jpg"
"C:\Users\dstor\lse-repo\LSE_BOOK_1_THE_LIVING_SOIL_WORKING.html","repo","LSE_BOOK_1_THE_LIVING_SOIL_WORKING.html","330","assets/B30_068__LSE_FOUND_B29_PRACTICAL_ContainerVegetables_ReservoirSpace_WateringDepth_KathleenMoore_CC-BY-2.0.jpg","C:\Users\dstor\lse-repo\assets\B30_068__LSE_FOUND_B29_PRACTICAL_ContainerVegetables_ReservoirSpace_WateringDepth_KathleenMoore_CC-BY-2.0.jpg","resolved","1","repo","C:\Users\dstor\lse-repo\assets\B30_068__LSE_FOUND_B29_PRACTICAL_ContainerVegetables_ReservoirSpace_WateringDepth_KathleenMoore_CC-BY-2.0.jpg"
"C:\Users\dstor\lse-repo\LSE_BOOK_1_THE_LIVING_SOIL_WORKING.html","repo","LSE_BOOK_1_THE_LIVING_SOIL_WORKING.html","330","assets/B30_067__LSE_FOUND_B29_ABIOTIC_ContainerHerbs_SaltBuildup_WhiteSaltCrust_DianeMays_CC-BY-2.0.jpg","C:\Users\dstor\lse-repo\assets\B30_067__LSE_FOUND_B29_ABIOTIC_ContainerHerbs_SaltBuildup_WhiteSaltCrust_DianeMays_CC-BY-2.0.jpg","resolved","1","repo","C:\Users\dstor\lse-repo\assets\B30_067__LSE_FOUND_B29_ABIOTIC_ContainerHerbs_SaltBuildup_WhiteSaltCrust_DianeMays_CC-BY-2.0.jpg"
"C:\Users\dstor\lse-repo\LSE_BOOK_1_THE_LIVING_SOIL_WORKING.html","repo","LSE_BOOK_1_THE_LIVING_SOIL_WORKING.html","330","assets/B30_069__LSE_FOUND_B29_PRACTICAL_SmallSpaceVegetables_OutdoorRailingContainers_LucyBradley_CC-BY-2.0.jpg","C:\Users\dstor\lse-repo\assets\B30_069__LSE_FOUND_B29_PRACTICAL_SmallSpaceVegetables_OutdoorRailingContainers_LucyBradley_CC-BY-2.0.jpg","resolved","1","repo","C:\Users\dstor\lse-repo\assets\B30_069__LSE_FOUND_B29_PRACTICAL_SmallSpaceVegetables_OutdoorRailingContainers_LucyBradley_CC-BY-2.0.jpg"
"C:\Users\dstor\lse-repo\LSE_BOOK_1_THE_LIVING_SOIL_WORKING.html","repo","LSE_BOOK_1_THE_LIVING_SOIL_WORKING.html","330","assets/B30_005__LSE_FOUND_B26_ROOTS_Container_Rootbound_CirclingRoots_B137_CC0.jpg","C:\Users\dstor\lse-repo\assets\B30_005__LSE_FOUND_B26_ROOTS_Container_Rootbound_CirclingRoots_B137_CC0.jpg","resolved","1","repo","C:\Users\dstor\lse-repo\assets\B30_005__LSE_FOUND_B26_ROOTS_Container_Rootbound_CirclingRoots_B137_CC0.jpg"
"C:\Users\dstor\lse-repo\LSE_BOOK_1_THE_LIVING_SOIL_WORKING.html","repo","LSE_BOOK_1_THE_LIVING_SOIL_WORKING.html","332","assets/lse_figures/LSE_A12_Living_Soil_Container_Cross_Section_Ch22.jpg","C:\Users\dstor\lse-repo\assets\lse_figures\LSE_A12_Living_Soil_Container_Cross_Section_Ch22.jpg","resolved","1","repo","C:\Users\dstor\lse-repo\assets\lse_figures\LSE_A12_Living_Soil_Container_Cross_Section_Ch22.jpg"
"C:\Users\dstor\lse-repo\LSE_BOOK_1_THE_LIVING_SOIL_WORKING.html","repo","LSE_BOOK_1_THE_LIVING_SOIL_WORKING.html","332","assets/lse_figures/LSE_E06_Container_Drainage_Myth_Rocks_At_The_Bottom_Ch22_Ch31.jpg","C:\Users\dstor\lse-repo\assets\lse_figures\LSE_E06_Container_Drainage_Myth_Rocks_At_The_Bottom_Ch22_Ch31.jpg","resolved","1","repo","C:\Users\dstor\lse-repo\assets\lse_figures\LSE_E06_Container_Drainage_Myth_Rocks_At_The_Bottom_Ch22_Ch31.jpg"
"C:\Users\dstor\lse-repo\LSE_BOOK_1_THE_LIVING_SOIL_WORKING.html","repo","LSE_BOOK_1_THE_LIVING_SOIL_WORKING.html","346","assets/lse_figures/LSE_B21_Soil_Recipe_Matrix_By_Crop_Type_Ch23.png","C:\Users\dstor\lse-repo\assets\lse_figures\LSE_B21_Soil_Recipe_Matrix_By_Crop_Type_Ch23.png","resolved","1","repo","C:\Users\dstor\lse-repo\assets\lse_figures\LSE_B21_Soil_Recipe_Matrix_By_Crop_Type_Ch23.png"
"C:\Users\dstor\lse-repo\LSE_BOOK_1_THE_LIVING_SOIL_WORKING.html","repo","LSE_BOOK_1_THE_LIVING_SOIL_WORKING.html","388","assets/user_created_web/UCI_014_No_Till_Top_Dressing_Cycle.jpg","C:\Users\dstor\lse-repo\assets\user_created_web\UCI_014_No_Till_Top_Dressing_Cycle.jpg","resolved","1","repo","C:\Users\dstor\lse-repo\assets\user_created_web\UCI_014_No_Till_Top_Dressing_Cycle.jpg"
"C:\Users\dstor\lse-repo\LSE_BOOK_1_THE_LIVING_SOIL_WORKING.html","repo","LSE_BOOK_1_THE_LIVING_SOIL_WORKING.html","388","assets/lse_figures/LSE_B22_Top_Dress_Layer_Cake_Ch24.jpg","C:\Users\dstor\lse-repo\assets\lse_figures\LSE_B22_Top_Dress_Layer_Cake_Ch24.jpg","resolved","1","repo","C:\Users\dstor\lse-repo\assets\lse_figures\LSE_B22_Top_Dress_Layer_Cake_Ch24.jpg"
"C:\Users\dstor\lse-repo\LSE_BOOK_1_THE_LIVING_SOIL_WORKING.html","repo","LSE_BOOK_1_THE_LIVING_SOIL_WORKING.html","403","assets/lse_figures/LSE_A13_Cover_Crop_Function_Root_Architecture_Plate_Ch25.jpg","C:\Users\dstor\lse-repo\assets\lse_figures\LSE_A13_Cover_Crop_Function_Root_Architecture_Plate_Ch25.jpg","resolved","1","repo","C:\Users\dstor\lse-repo\assets\lse_figures\LSE_A13_Cover_Crop_Function_Root_Architecture_Plate_Ch25.jpg"
"C:\Users\dstor\lse-repo\LSE_BOOK_1_THE_LIVING_SOIL_WORKING.html","repo","LSE_BOOK_1_THE_LIVING_SOIL_WORKING.html","408","assets/lse_figures/LSE_B23_Cover_Crop_Selector_North_Texas_Ch25.png","C:\Users\dstor\lse-repo\assets\lse_figures\LSE_B23_Cover_Crop_Selector_North_Texas_Ch25.png","resolved","1","repo","C:\Users\dstor\lse-repo\assets\lse_figures\LSE_B23_Cover_Crop_Selector_North_Texas_Ch25.png"
"C:\Users\dstor\lse-repo\LSE_BOOK_1_THE_LIVING_SOIL_WORKING.html","repo","LSE_BOOK_1_THE_LIVING_SOIL_WORKING.html","412","assets/lse_figures/LSE_C20_Cover_Crop_Termination_Methods_Small_Beds_Ch25.jpg","C:\Users\dstor\lse-repo\assets\lse_figures\LSE_C20_Cover_Crop_Termination_Methods_Small_Beds_Ch25.jpg","resolved","1","repo","C:\Users\dstor\lse-repo\assets\lse_figures\LSE_C20_Cover_Crop_Termination_Methods_Small_Beds_Ch25.jpg"
"C:\Users\dstor\lse-repo\LSE_BOOK_1_THE_LIVING_SOIL_WORKING.html","repo","LSE_BOOK_1_THE_LIVING_SOIL_WORKING.html","416","assets/lse_figures/LSE_E09_Cover_Crop_Failure_Modes_Small_Beds_Ch25.jpg","C:\Users\dstor\lse-repo\assets\lse_figures\LSE_E09_Cover_Crop_Failure_Modes_Small_Beds_Ch25.jpg","resolved","1","repo","C:\Users\dstor\lse-repo\assets\lse_figures\LSE_E09_Cover_Crop_Failure_Modes_Small_Beds_Ch25.jpg"
"C:\Users\dstor\lse-repo\LSE_BOOK_1_THE_LIVING_SOIL_WORKING.html","repo","LSE_BOOK_1_THE_LIVING_SOIL_WORKING.html","485","assets/B30_049__LSE_FOUND_B28_SOIL_DroughtDrySoil_CrackingScale_VladislavNekrasov_CC-BY-4.0.jpg","C:\Users\dstor\lse-repo\assets\B30_049__LSE_FOUND_B28_SOIL_DroughtDrySoil_CrackingScale_VladislavNekrasov_CC-BY-4.0.jpg","resolved","1","repo","C:\Users\dstor\lse-repo\assets\B30_049__LSE_FOUND_B28_SOIL_DroughtDrySoil_CrackingScale_VladislavNekrasov_CC-BY-4.0.jpg"
"C:\Users\dstor\lse-repo\LSE_BOOK_1_THE_LIVING_SOIL_WORKING.html","repo","LSE_BOOK_1_THE_LIVING_SOIL_WORKING.html","485","assets/B30_008__LSE_FOUND_B26_SOIL_AggregateStability_SlakeComparison_LanceCheung_USDA-PD.jpg","C:\Users\dstor\lse-repo\assets\B30_008__LSE_FOUND_B26_SOIL_AggregateStability_SlakeComparison_LanceCheung_USDA-PD.jpg","resolved","1","repo","C:\Users\dstor\lse-repo\assets\B30_008__LSE_FOUND_B26_SOIL_AggregateStability_SlakeComparison_LanceCheung_USDA-PD.jpg"
"C:\Users\dstor\lse-repo\LSE_BOOK_1_THE_LIVING_SOIL_WORKING.html","repo","LSE_BOOK_1_THE_LIVING_SOIL_WORKING.html","485","assets/user_created_web/UCI_022_Irrigation_Systems_Comparison.png","C:\Users\dstor\lse-repo\assets\user_created_web\UCI_022_Irrigation_Systems_Comparison.png","resolved","1","repo","C:\Users\dstor\lse-repo\assets\user_created_web\UCI_022_Irrigation_Systems_Comparison.png"
"C:\Users\dstor\lse-repo\LSE_BOOK_1_THE_LIVING_SOIL_WORKING.html","repo","LSE_BOOK_1_THE_LIVING_SOIL_WORKING.html","485","assets/B30_009__LSE_FOUND_B26_WATER_DripIrrigation_WettingPattern_PeggyGreb_USDA-PD.jpg","C:\Users\dstor\lse-repo\assets\B30_009__LSE_FOUND_B26_WATER_DripIrrigation_WettingPattern_PeggyGreb_USDA-PD.jpg","resolved","1","repo","C:\Users\dstor\lse-repo\assets\B30_009__LSE_FOUND_B26_WATER_DripIrrigation_WettingPattern_PeggyGreb_USDA-PD.jpg"
"C:\Users\dstor\lse-repo\LSE_BOOK_1_THE_LIVING_SOIL_WORKING.html","repo","LSE_BOOK_1_THE_LIVING_SOIL_WORKING.html","485","assets/B30_080__LSE_FOUND_B29_HOLD_ROOTS_Basil_RhizoctoniaRootRot_DarkRoots_MSU_PERMISSION.jpg","C:\Users\dstor\lse-repo\assets\B30_080__LSE_FOUND_B29_HOLD_ROOTS_Basil_RhizoctoniaRootRot_DarkRoots_MSU_PERMISSION.jpg","resolved","1","repo","C:\Users\dstor\lse-repo\assets\B30_080__LSE_FOUND_B29_HOLD_ROOTS_Basil_RhizoctoniaRootRot_DarkRoots_MSU_PERMISSION.jpg"
"C:\Users\dstor\lse-repo\LSE_BOOK_1_THE_LIVING_SOIL_WORKING.html","repo","LSE_BOOK_1_THE_LIVING_SOIL_WORKING.html","485","assets/B30_081__LSE_FOUND_B29_HOLD_ROOTS_Strawberry_BlackRootRot_HealthyVsDiseased_NCSU_PERMISSION.jpg","C:\Users\dstor\lse-repo\assets\B30_081__LSE_FOUND_B29_HOLD_ROOTS_Strawberry_BlackRootRot_HealthyVsDiseased_NCSU_PERMISSION.jpg","resolved","1","repo","C:\Users\dstor\lse-repo\assets\B30_081__LSE_FOUND_B29_HOLD_ROOTS_Strawberry_BlackRootRot_HealthyVsDiseased_NCSU_PERMISSION.jpg"
"C:\Users\dstor\lse-repo\LSE_BOOK_1_THE_LIVING_SOIL_WORKING.html","repo","LSE_BOOK_1_THE_LIVING_SOIL_WORKING.html","487","assets/user_created_web/UCI_018_Comparing_Irrigation_Systems_for_Home_Gardens.jpg","C:\Users\dstor\lse-repo\assets\user_created_web\UCI_018_Comparing_Irrigation_Systems_for_Home_Gardens.jpg","resolved","1","repo","C:\Users\dstor\lse-repo\assets\user_created_web\UCI_018_Comparing_Irrigation_Systems_for_Home_Gardens.jpg"
"C:\Users\dstor\lse-repo\LSE_BOOK_1_THE_LIVING_SOIL_WORKING.html","repo","LSE_BOOK_1_THE_LIVING_SOIL_WORKING.html","487","assets/lse_figures/LSE_B30_Irrigation_Systems_Compared_Ch34.jpg","C:\Users\dstor\lse-repo\assets\lse_figures\LSE_B30_Irrigation_Systems_Compared_Ch34.jpg","resolved","1","repo","C:\Users\dstor\lse-repo\assets\lse_figures\LSE_B30_Irrigation_Systems_Compared_Ch34.jpg"
"C:\Users\dstor\lse-repo\LSE_BOOK_1_THE_LIVING_SOIL_WORKING.html","repo","LSE_BOOK_1_THE_LIVING_SOIL_WORKING.html","491","assets/lse_figures/LSE_C05_Irrigation_Maintenance_Checklist_Ch34_35_49.png","C:\Users\dstor\lse-repo\assets\lse_figures\LSE_C05_Irrigation_Maintenance_Checklist_Ch34_35_49.png","resolved","1","repo","C:\Users\dstor\lse-repo\assets\lse_figures\LSE_C05_Irrigation_Maintenance_Checklist_Ch34_35_49.png"
"C:\Users\dstor\lse-repo\LSE_BOOK_1_THE_LIVING_SOIL_WORKING.html","repo","LSE_BOOK_1_THE_LIVING_SOIL_WORKING.html","532","assets/user_created_web/UCI_024_Rainwater_Harvesting_System_Home_Scale.jpg","C:\Users\dstor\lse-repo\assets\user_created_web\UCI_024_Rainwater_Harvesting_System_Home_Scale.jpg","resolved","1","repo","C:\Users\dstor\lse-repo\assets\user_created_web\UCI_024_Rainwater_Harvesting_System_Home_Scale.jpg"
"C:\Users\dstor\lse-repo\LSE_BOOK_1_THE_LIVING_SOIL_WORKING.html","repo","LSE_BOOK_1_THE_LIVING_SOIL_WORKING.html","538","assets/B30_074__LSE_FOUND_B29_PRACTICAL_HighTunnel_Vegetables_RollUpVentilation_KathleenMoore_CC-BY-2.0.jpg","C:\Users\dstor\lse-repo\assets\B30_074__LSE_FOUND_B29_PRACTICAL_HighTunnel_Vegetables_RollUpVentilation_KathleenMoore_CC-BY-2.0.jpg","resolved","1","repo","C:\Users\dstor\lse-repo\assets\B30_074__LSE_FOUND_B29_PRACTICAL_HighTunnel_Vegetables_RollUpVentilation_KathleenMoore_CC-BY-2.0.jpg"
"C:\Users\dstor\lse-repo\LSE_BOOK_1_THE_LIVING_SOIL_WORKING.html","repo","LSE_BOOK_1_THE_LIVING_SOIL_WORKING.html","538","assets/B30_075__LSE_FOUND_B29_PRACTICAL_HerbsLettuce_ColdFrame_OpenLid_ChrisAlberti_CC-BY-2.0.jpg","C:\Users\dstor\lse-repo\assets\B30_075__LSE_FOUND_B29_PRACTICAL_HerbsLettuce_ColdFrame_OpenLid_ChrisAlberti_CC-BY-2.0.jpg","resolved","1","repo","C:\Users\dstor\lse-repo\assets\B30_075__LSE_FOUND_B29_PRACTICAL_HerbsLettuce_ColdFrame_OpenLid_ChrisAlberti_CC-BY-2.0.jpg"
"C:\Users\dstor\lse-repo\LSE_BOOK_1_THE_LIVING_SOIL_WORKING.html","repo","LSE_BOOK_1_THE_LIVING_SOIL_WORKING.html","540","assets/lse_figures/LSE_A17_Hoop_House_Season_Extension_Setup_Ch36.jpg","C:\Users\dstor\lse-repo\assets\lse_figures\LSE_A17_Hoop_House_Season_Extension_Setup_Ch36.jpg","resolved","1","repo","C:\Users\dstor\lse-repo\assets\lse_figures\LSE_A17_Hoop_House_Season_Extension_Setup_Ch36.jpg"
"C:\Users\dstor\lse-repo\LSE_BOOK_1_THE_LIVING_SOIL_WORKING.html","repo","LSE_BOOK_1_THE_LIVING_SOIL_WORKING.html","543","assets/lse_figures/LSE_E14_Hoop_House_Spring_Rain_vs_Summer_Heat_Ch36.jpg","C:\Users\dstor\lse-repo\assets\lse_figures\LSE_E14_Hoop_House_Spring_Rain_vs_Summer_Heat_Ch36.jpg","resolved","1","repo","C:\Users\dstor\lse-repo\assets\lse_figures\LSE_E14_Hoop_House_Spring_Rain_vs_Summer_Heat_Ch36.jpg"
"C:\Users\dstor\lse-repo\LSE_BOOK_1_THE_LIVING_SOIL_WORKING.html","repo","LSE_BOOK_1_THE_LIVING_SOIL_WORKING.html","547","assets/lse_figures/LSE_E16_Light_Metrics_PPFD_DLI_Concept_Ch37.jpg","C:\Users\dstor\lse-repo\assets\lse_figures\LSE_E16_Light_Metrics_PPFD_DLI_Concept_Ch37.jpg","resolved","1","repo","C:\Users\dstor\lse-repo\assets\lse_figures\LSE_E16_Light_Metrics_PPFD_DLI_Concept_Ch37.jpg"
"C:\Users\dstor\lse-repo\LSE_BOOK_1_THE_LIVING_SOIL_WORKING.html","repo","LSE_BOOK_1_THE_LIVING_SOIL_WORKING.html","558","assets/lse_figures/LSE_C02_Seed_Starting_Hardening_Off_Workflow_Ch49.png","C:\Users\dstor\lse-repo\assets\lse_figures\LSE_C02_Seed_Starting_Hardening_Off_Workflow_Ch49.png","resolved","1","repo","C:\Users\dstor\lse-repo\assets\lse_figures\LSE_C02_Seed_Starting_Hardening_Off_Workflow_Ch49.png"
"C:\Users\dstor\lse-repo\LSE_BOOK_1_THE_LIVING_SOIL_WORKING.html","repo","LSE_BOOK_1_THE_LIVING_SOIL_WORKING.html","570","assets/lse_figures/LSE_B32_Tool_Sanitation_Workflow_Ch38_49.png","C:\Users\dstor\lse-repo\assets\lse_figures\LSE_B32_Tool_Sanitation_Workflow_Ch38_49.png","resolved","1","repo","C:\Users\dstor\lse-repo\assets\lse_figures\LSE_B32_Tool_Sanitation_Workflow_Ch38_49.png"
"C:\Users\dstor\lse-repo\LSE_BOOK_1_THE_LIVING_SOIL_WORKING.html","repo","LSE_BOOK_1_THE_LIVING_SOIL_WORKING.html","665","assets/lse_figures/LSE_A20_Soil_Microscopy_Workflow_Ch44.png","C:\Users\dstor\lse-repo\assets\lse_figures\LSE_A20_Soil_Microscopy_Workflow_Ch44.png","resolved","1","repo","C:\Users\dstor\lse-repo\assets\lse_figures\LSE_A20_Soil_Microscopy_Workflow_Ch44.png"
"C:\Users\dstor\lse-repo\LSE_BOOK_1_THE_LIVING_SOIL_WORKING.html","repo","LSE_BOOK_1_THE_LIVING_SOIL_WORKING.html","692","assets/user_created_web/UCI_023_Soil_Test_Results_How_to_Read_Them.jpg","C:\Users\dstor\lse-repo\assets\user_created_web\UCI_023_Soil_Test_Results_How_to_Read_Them.jpg","resolved","1","repo","C:\Users\dstor\lse-repo\assets\user_created_web\UCI_023_Soil_Test_Results_How_to_Read_Them.jpg"
"C:\Users\dstor\lse-repo\LSE_BOOK_1_THE_LIVING_SOIL_WORKING.html","repo","LSE_BOOK_1_THE_LIVING_SOIL_WORKING.html","704","assets/lse_figures/LSE_C12_Soil_Test_Report_Decoder_Ch45.png","C:\Users\dstor\lse-repo\assets\lse_figures\LSE_C12_Soil_Test_Report_Decoder_Ch45.png","resolved","1","repo","C:\Users\dstor\lse-repo\assets\lse_figures\LSE_C12_Soil_Test_Report_Decoder_Ch45.png"
"C:\Users\dstor\lse-repo\LSE_BOOK_2_INPUTS_AND_AMENDMENTS_WORKING.html","repo","LSE_BOOK_2_INPUTS_AND_AMENDMENTS_WORKING.html","6","assets/user_created_web/UCI_008_Soil_Input_Categories_Overview.jpg","C:\Users\dstor\lse-repo\assets\user_created_web\UCI_008_Soil_Input_Categories_Overview.jpg","resolved","1","repo","C:\Users\dstor\lse-repo\assets\user_created_web\UCI_008_Soil_Input_Categories_Overview.jpg"
"C:\Users\dstor\lse-repo\LSE_BOOK_2_INPUTS_AND_AMENDMENTS_WORKING.html","repo","LSE_BOOK_2_INPUTS_AND_AMENDMENTS_WORKING.html","8","assets/lse_figures/LSE_A09_Compost_Maturity_Contamination_Inspection_Ch13.jpg","C:\Users\dstor\lse-repo\assets\lse_figures\LSE_A09_Compost_Maturity_Contamination_Inspection_Ch13.jpg","resolved","1","repo","C:\Users\dstor\lse-repo\assets\lse_figures\LSE_A09_Compost_Maturity_Contamination_Inspection_Ch13.jpg"
"C:\Users\dstor\lse-repo\LSE_BOOK_2_INPUTS_AND_AMENDMENTS_WORKING.html","repo","LSE_BOOK_2_INPUTS_AND_AMENDMENTS_WORKING.html","8","assets/B30_007__LSE_FOUND_B26_COMPOST_Compost_MaturityContamination_TemperatureInspection_StephenAusmus_USDA-PD.jpg","C:\Users\dstor\lse-repo\assets\B30_007__LSE_FOUND_B26_COMPOST_Compost_MaturityContamination_TemperatureInspection_StephenAusmus_USDA-PD.jpg","resolved","1","repo","C:\Users\dstor\lse-repo\assets\B30_007__LSE_FOUND_B26_COMPOST_Compost_MaturityContamination_TemperatureInspection_StephenAusmus_USDA-PD.jpg"
"C:\Users\dstor\lse-repo\LSE_BOOK_2_INPUTS_AND_AMENDMENTS_WORKING.html","repo","LSE_BOOK_2_INPUTS_AND_AMENDMENTS_WORKING.html","545","assets/lse_figures/LSE_B17_Microbial_Inoculant_Viability_Root_Contact_Ch17.jpg","C:\Users\dstor\lse-repo\assets\lse_figures\LSE_B17_Microbial_Inoculant_Viability_Root_Contact_Ch17.jpg","resolved","1","repo","C:\Users\dstor\lse-repo\assets\lse_figures\LSE_B17_Microbial_Inoculant_Viability_Root_Contact_Ch17.jpg"
"C:\Users\dstor\lse-repo\LSE_BOOK_2_INPUTS_AND_AMENDMENTS_WORKING.html","repo","LSE_BOOK_2_INPUTS_AND_AMENDMENTS_WORKING.html","779","assets/lse_figures/LSE_A10_Brews_Teas_Ferments_Safety_Station_Ch19.jpg","C:\Users\dstor\lse-repo\assets\lse_figures\LSE_A10_Brews_Teas_Ferments_Safety_Station_Ch19.jpg","resolved","1","repo","C:\Users\dstor\lse-repo\assets\lse_figures\LSE_A10_Brews_Teas_Ferments_Safety_Station_Ch19.jpg"
"C:\Users\dstor\lse-repo\LSE_BOOK_2_INPUTS_AND_AMENDMENTS_WORKING.html","repo","LSE_BOOK_2_INPUTS_AND_AMENDMENTS_WORKING.html","779","assets/user_created_web/UCI_031_Home_Brew_Feed_Quick_Reference_Card.png","C:\Users\dstor\lse-repo\assets\user_created_web\UCI_031_Home_Brew_Feed_Quick_Reference_Card.png","resolved","1","repo","C:\Users\dstor\lse-repo\assets\user_created_web\UCI_031_Home_Brew_Feed_Quick_Reference_Card.png"
"C:\Users\dstor\lse-repo\LSE_BOOK_2_INPUTS_AND_AMENDMENTS_WORKING.html","repo","LSE_BOOK_2_INPUTS_AND_AMENDMENTS_WORKING.html","782","assets/lse_figures/LSE_C06_AACT_Brewing_Safety_Workflow_Ch19_Ch49.png","C:\Users\dstor\lse-repo\assets\lse_figures\LSE_C06_AACT_Brewing_Safety_Workflow_Ch19_Ch49.png","resolved","1","repo","C:\Users\dstor\lse-repo\assets\lse_figures\LSE_C06_AACT_Brewing_Safety_Workflow_Ch19_Ch49.png"
"C:\Users\dstor\lse-repo\LSE_BOOK_2_INPUTS_AND_AMENDMENTS_WORKING.html","repo","LSE_BOOK_2_INPUTS_AND_AMENDMENTS_WORKING.html","1263","assets/lse_figures/LSE_B15_Lime_Gypsum_Sulfur_Decision_Tree_Ch14.png","C:\Users\dstor\lse-repo\assets\lse_figures\LSE_B15_Lime_Gypsum_Sulfur_Decision_Tree_Ch14.png","resolved","1","repo","C:\Users\dstor\lse-repo\assets\lse_figures\LSE_B15_Lime_Gypsum_Sulfur_Decision_Tree_Ch14.png"
"C:\Users\dstor\lse-repo\LSE_BOOK_2_INPUTS_AND_AMENDMENTS_WORKING.html","repo","LSE_BOOK_2_INPUTS_AND_AMENDMENTS_WORKING.html","1263","assets/user_created_web/UCI_004_Soil_Nutrient_Availability.jpg","C:\Users\dstor\lse-repo\assets\user_created_web\UCI_004_Soil_Nutrient_Availability.jpg","resolved","1","repo","C:\Users\dstor\lse-repo\assets\user_created_web\UCI_004_Soil_Nutrient_Availability.jpg"
"C:\Users\dstor\lse-repo\LSE_BOOK_2_INPUTS_AND_AMENDMENTS_WORKING.html","repo","LSE_BOOK_2_INPUTS_AND_AMENDMENTS_WORKING.html","1554","assets/lse_figures/LSE_B18_Raw_vs_Charged_Biochar_Ch18.jpg","C:\Users\dstor\lse-repo\assets\lse_figures\LSE_B18_Raw_vs_Charged_Biochar_Ch18.jpg","resolved","1","repo","C:\Users\dstor\lse-repo\assets\lse_figures\LSE_B18_Raw_vs_Charged_Biochar_Ch18.jpg"
"C:\Users\dstor\lse-repo\LSE_BOOK_3_CROPS_AND_GUILDS_WORKING.html","repo","LSE_BOOK_3_CROPS_AND_GUILDS_WORKING.html","6","assets/lse_figures/LSE_B24_Companion_Planting_Mechanism_vs_Folklore_Ch26.jpg","C:\Users\dstor\lse-repo\assets\lse_figures\LSE_B24_Companion_Planting_Mechanism_vs_Folklore_Ch26.jpg","resolved","1","repo","C:\Users\dstor\lse-repo\assets\lse_figures\LSE_B24_Companion_Planting_Mechanism_vs_Folklore_Ch26.jpg"
"C:\Users\dstor\lse-repo\LSE_BOOK_3_CROPS_AND_GUILDS_WORKING.html","repo","LSE_BOOK_3_CROPS_AND_GUILDS_WORKING.html","9","assets/lse_figures/LSE_E12_Trap_Crop_Decision_Nasturtium_Aphids_Ch26_Ch28_Ch39.jpg","C:\Users\dstor\lse-repo\assets\lse_figures\LSE_E12_Trap_Crop_Decision_Nasturtium_Aphids_Ch26_Ch28_Ch39.jpg","resolved","1","repo","C:\Users\dstor\lse-repo\assets\lse_figures\LSE_E12_Trap_Crop_Decision_Nasturtium_Aphids_Ch26_Ch28_Ch39.jpg"
"C:\Users\dstor\lse-repo\LSE_BOOK_3_CROPS_AND_GUILDS_WORKING.html","repo","LSE_BOOK_3_CROPS_AND_GUILDS_WORKING.html","14","assets/user_created_web/UCI_015_Three_Sisters_Guild.jpg","C:\Users\dstor\lse-repo\assets\user_created_web\UCI_015_Three_Sisters_Guild.jpg","resolved","1","repo","C:\Users\dstor\lse-repo\assets\user_created_web\UCI_015_Three_Sisters_Guild.jpg"
"C:\Users\dstor\lse-repo\LSE_BOOK_3_CROPS_AND_GUILDS_WORKING.html","repo","LSE_BOOK_3_CROPS_AND_GUILDS_WORKING.html","14","assets/user_created_web/UCI_016_Polyculture_Guild_Design.jpg","C:\Users\dstor\lse-repo\assets\user_created_web\UCI_016_Polyculture_Guild_Design.jpg","resolved","1","repo","C:\Users\dstor\lse-repo\assets\user_created_web\UCI_016_Polyculture_Guild_Design.jpg"
"C:\Users\dstor\lse-repo\LSE_BOOK_3_CROPS_AND_GUILDS_WORKING.html","repo","LSE_BOOK_3_CROPS_AND_GUILDS_WORKING.html","14","assets/lse_figures/LSE_B25_Seven_Layer_Guild_Design_Texas_Peach_Ch27.jpg","C:\Users\dstor\lse-repo\assets\lse_figures\LSE_B25_Seven_Layer_Guild_Design_Texas_Peach_Ch27.jpg","resolved","1","repo","C:\Users\dstor\lse-repo\assets\lse_figures\LSE_B25_Seven_Layer_Guild_Design_Texas_Peach_Ch27.jpg"
"C:\Users\dstor\lse-repo\LSE_BOOK_3_CROPS_AND_GUILDS_WORKING.html","repo","LSE_BOOK_3_CROPS_AND_GUILDS_WORKING.html","30","assets/lse_figures/LSE_A14_Insectary_Pollinator_Guild_Ch28.jpg","C:\Users\dstor\lse-repo\assets\lse_figures\LSE_A14_Insectary_Pollinator_Guild_Ch28.jpg","resolved","1","repo","C:\Users\dstor\lse-repo\assets\lse_figures\LSE_A14_Insectary_Pollinator_Guild_Ch28.jpg"
"C:\Users\dstor\lse-repo\LSE_BOOK_3_CROPS_AND_GUILDS_WORKING.html","repo","LSE_BOOK_3_CROPS_AND_GUILDS_WORKING.html","30","assets/lse_figures/LSE_E07_Living_Mulch_Insectary_Strip_Boundary_Ch28.jpg","C:\Users\dstor\lse-repo\assets\lse_figures\LSE_E07_Living_Mulch_Insectary_Strip_Boundary_Ch28.jpg","resolved","1","repo","C:\Users\dstor\lse-repo\assets\lse_figures\LSE_E07_Living_Mulch_Insectary_Strip_Boundary_Ch28.jpg"
"C:\Users\dstor\lse-repo\LSE_BOOK_3_CROPS_AND_GUILDS_WORKING.html","repo","LSE_BOOK_3_CROPS_AND_GUILDS_WORKING.html","30","assets/lse_figures/LSE_B26_Flower_Architecture_For_Beneficial_Insects_Ch28_40.jpg","C:\Users\dstor\lse-repo\assets\lse_figures\LSE_B26_Flower_Architecture_For_Beneficial_Insects_Ch28_40.jpg","resolved","1","repo","C:\Users\dstor\lse-repo\assets\lse_figures\LSE_B26_Flower_Architecture_For_Beneficial_Insects_Ch28_40.jpg"
"C:\Users\dstor\lse-repo\LSE_BOOK_3_CROPS_AND_GUILDS_WORKING.html","repo","LSE_BOOK_3_CROPS_AND_GUILDS_WORKING.html","33","assets/lse_figures/LSE_E10_Pollinator_Safe_Spray_Timing_Ch28_39_41.jpg","C:\Users\dstor\lse-repo\assets\lse_figures\LSE_E10_Pollinator_Safe_Spray_Timing_Ch28_39_41.jpg","resolved","1","repo","C:\Users\dstor\lse-repo\assets\lse_figures\LSE_E10_Pollinator_Safe_Spray_Timing_Ch28_39_41.jpg"
"C:\Users\dstor\lse-repo\LSE_BOOK_3_CROPS_AND_GUILDS_WORKING.html","repo","LSE_BOOK_3_CROPS_AND_GUILDS_WORKING.html","33","assets/user_created_web/UCI_013_Beneficial_Insectary_Bloom_Calendar.png","C:\Users\dstor\lse-repo\assets\user_created_web\UCI_013_Beneficial_Insectary_Bloom_Calendar.png","resolved","1","repo","C:\Users\dstor\lse-repo\assets\user_created_web\UCI_013_Beneficial_Insectary_Bloom_Calendar.png"
"C:\Users\dstor\lse-repo\LSE_BOOK_3_CROPS_AND_GUILDS_WORKING.html","repo","LSE_BOOK_3_CROPS_AND_GUILDS_WORKING.html","42","assets/lse_figures/LSE_E11_North_Texas_Insectary_Bloom_Succession_Calendar_Ch28_40.png","C:\Users\dstor\lse-repo\assets\lse_figures\LSE_E11_North_Texas_Insectary_Bloom_Succession_Calendar_Ch28_40.png","resolved","1","repo","C:\Users\dstor\lse-repo\assets\lse_figures\LSE_E11_North_Texas_Insectary_Bloom_Succession_Calendar_Ch28_40.png"
"C:\Users\dstor\lse-repo\LSE_BOOK_3_CROPS_AND_GUILDS_WORKING.html","repo","LSE_BOOK_3_CROPS_AND_GUILDS_WORKING.html","54","assets/lse_figures/LSE_A15_Crop_Family_Rotation_Map_Ch29.png","C:\Users\dstor\lse-repo\assets\lse_figures\LSE_A15_Crop_Family_Rotation_Map_Ch29.png","resolved","1","repo","C:\Users\dstor\lse-repo\assets\lse_figures\LSE_A15_Crop_Family_Rotation_Map_Ch29.png"
"C:\Users\dstor\lse-repo\LSE_BOOK_3_CROPS_AND_GUILDS_WORKING.html","repo","LSE_BOOK_3_CROPS_AND_GUILDS_WORKING.html","57","assets/lse_figures/LSE_B28_North_Texas_Bed_Pivot_Calendar_Ch25_Ch29_Ch30.png","C:\Users\dstor\lse-repo\assets\lse_figures\LSE_B28_North_Texas_Bed_Pivot_Calendar_Ch25_Ch29_Ch30.png","resolved","1","repo","C:\Users\dstor\lse-repo\assets\lse_figures\LSE_B28_North_Texas_Bed_Pivot_Calendar_Ch25_Ch29_Ch30.png"
"C:\Users\dstor\lse-repo\LSE_BOOK_3_CROPS_AND_GUILDS_WORKING.html","repo","LSE_BOOK_3_CROPS_AND_GUILDS_WORKING.html","60","assets/lse_figures/LSE_C08_Crop_Planning_Succession_Board_Ch29_49.jpg","C:\Users\dstor\lse-repo\assets\lse_figures\LSE_C08_Crop_Planning_Succession_Board_Ch29_49.jpg","resolved","1","repo","C:\Users\dstor\lse-repo\assets\lse_figures\LSE_C08_Crop_Planning_Succession_Board_Ch29_49.jpg"
"C:\Users\dstor\lse-repo\LSE_BOOK_3_CROPS_AND_GUILDS_WORKING.html","repo","LSE_BOOK_3_CROPS_AND_GUILDS_WORKING.html","62","assets/user_created_web/UCI_028_Seasonal_Planting_Calendar.png","C:\Users\dstor\lse-repo\assets\user_created_web\UCI_028_Seasonal_Planting_Calendar.png","resolved","1","repo","C:\Users\dstor\lse-repo\assets\user_created_web\UCI_028_Seasonal_Planting_Calendar.png"
"C:\Users\dstor\lse-repo\LSE_BOOK_3_CROPS_AND_GUILDS_WORKING.html","repo","LSE_BOOK_3_CROPS_AND_GUILDS_WORKING.html","93","assets/lse_figures/LSE_D13_Squash_Vine_Borer_Scouting_Plate_Ch30_39.jpg","C:\Users\dstor\lse-repo\assets\lse_figures\LSE_D13_Squash_Vine_Borer_Scouting_Plate_Ch30_39.jpg","resolved","1","repo","C:\Users\dstor\lse-repo\assets\lse_figures\LSE_D13_Squash_Vine_Borer_Scouting_Plate_Ch30_39.jpg"
"C:\Users\dstor\lse-repo\LSE_BOOK_3_CROPS_AND_GUILDS_WORKING.html","repo","LSE_BOOK_3_CROPS_AND_GUILDS_WORKING.html","98","assets/lse_figures/LSE_D14_Cucumber_Beetle_Bacterial_Wilt_Vector_Diagram_Ch30_Ch39_Ch42.jpg","C:\Users\dstor\lse-repo\assets\lse_figures\LSE_D14_Cucumber_Beetle_Bacterial_Wilt_Vector_Diagram_Ch30_Ch39_Ch42.jpg","resolved","1","repo","C:\Users\dstor\lse-repo\assets\lse_figures\LSE_D14_Cucumber_Beetle_Bacterial_Wilt_Vector_Diagram_Ch30_Ch39_Ch42.jpg"
"C:\Users\dstor\lse-repo\LSE_BOOK_3_CROPS_AND_GUILDS_WORKING.html","repo","LSE_BOOK_3_CROPS_AND_GUILDS_WORKING.html","98","assets/lse_figures/LSE_D17_Okra_Pod_Injury_Hidden_Pest_Damage_Ch30.jpg","C:\Users\dstor\lse-repo\assets\lse_figures\LSE_D17_Okra_Pod_Injury_Hidden_Pest_Damage_Ch30.jpg","resolved","1","repo","C:\Users\dstor\lse-repo\assets\lse_figures\LSE_D17_Okra_Pod_Injury_Hidden_Pest_Damage_Ch30.jpg"
"C:\Users\dstor\lse-repo\LSE_BOOK_3_CROPS_AND_GUILDS_WORKING.html","repo","LSE_BOOK_3_CROPS_AND_GUILDS_WORKING.html","103","assets/lse_figures/LSE_E03_Row_Cover_Low_Tunnel_Timing_Plate_Ch30_36_39.jpg","C:\Users\dstor\lse-repo\assets\lse_figures\LSE_E03_Row_Cover_Low_Tunnel_Timing_Plate_Ch30_36_39.jpg","resolved","1","repo","C:\Users\dstor\lse-repo\assets\lse_figures\LSE_E03_Row_Cover_Low_Tunnel_Timing_Plate_Ch30_36_39.jpg"
"C:\Users\dstor\lse-repo\LSE_BOOK_3_CROPS_AND_GUILDS_WORKING.html","repo","LSE_BOOK_3_CROPS_AND_GUILDS_WORKING.html","105","assets/lse_figures/LSE_B29_Herb_Grouping_Matrix_Ch31.png","C:\Users\dstor\lse-repo\assets\lse_figures\LSE_B29_Herb_Grouping_Matrix_Ch31.png","resolved","1","repo","C:\Users\dstor\lse-repo\assets\lse_figures\LSE_B29_Herb_Grouping_Matrix_Ch31.png"
"C:\Users\dstor\lse-repo\LSE_BOOK_3_CROPS_AND_GUILDS_WORKING.html","repo","LSE_BOOK_3_CROPS_AND_GUILDS_WORKING.html","108","assets/lse_figures/LSE_C17_Basil_Pruning_Downy_Mildew_Scouting_Ch31_42.jpg","C:\Users\dstor\lse-repo\assets\lse_figures\LSE_C17_Basil_Pruning_Downy_Mildew_Scouting_Ch31_42.jpg","resolved","1","repo","C:\Users\dstor\lse-repo\assets\lse_figures\LSE_C17_Basil_Pruning_Downy_Mildew_Scouting_Ch31_42.jpg"
"C:\Users\dstor\lse-repo\LSE_BOOK_3_CROPS_AND_GUILDS_WORKING.html","repo","LSE_BOOK_3_CROPS_AND_GUILDS_WORKING.html","114","assets/lse_figures/LSE_C19_Woody_Herb_Harvest_Limits_Ch31.jpg","C:\Users\dstor\lse-repo\assets\lse_figures\LSE_C19_Woody_Herb_Harvest_Limits_Ch31.jpg","resolved","1","repo","C:\Users\dstor\lse-repo\assets\lse_figures\LSE_C19_Woody_Herb_Harvest_Limits_Ch31.jpg"
"C:\Users\dstor\lse-repo\LSE_BOOK_3_CROPS_AND_GUILDS_WORKING.html","repo","LSE_BOOK_3_CROPS_AND_GUILDS_WORKING.html","114","assets/lse_figures/LSE_D20_Basil_Downy_Mildew_vs_Nutrient_Yellowing_Ch31_42.jpg","C:\Users\dstor\lse-repo\assets\lse_figures\LSE_D20_Basil_Downy_Mildew_vs_Nutrient_Yellowing_Ch31_42.jpg","resolved","1","repo","C:\Users\dstor\lse-repo\assets\lse_figures\LSE_D20_Basil_Downy_Mildew_vs_Nutrient_Yellowing_Ch31_42.jpg"
"C:\Users\dstor\lse-repo\LSE_BOOK_3_CROPS_AND_GUILDS_WORKING.html","repo","LSE_BOOK_3_CROPS_AND_GUILDS_WORKING.html","114","assets/lse_figures/LSE_C16_Herb_Barrel_Setup_Sequence_Ch31.jpg","C:\Users\dstor\lse-repo\assets\lse_figures\LSE_C16_Herb_Barrel_Setup_Sequence_Ch31.jpg","resolved","1","repo","C:\Users\dstor\lse-repo\assets\lse_figures\LSE_C16_Herb_Barrel_Setup_Sequence_Ch31.jpg"
"C:\Users\dstor\lse-repo\LSE_BOOK_3_CROPS_AND_GUILDS_WORKING.html","repo","LSE_BOOK_3_CROPS_AND_GUILDS_WORKING.html","116","assets/lse_figures/LSE_C18_Cilantro_Dill_Cool_Season_Succession_Ch31.jpg","C:\Users\dstor\lse-repo\assets\lse_figures\LSE_C18_Cilantro_Dill_Cool_Season_Succession_Ch31.jpg","resolved","1","repo","C:\Users\dstor\lse-repo\assets\lse_figures\LSE_C18_Cilantro_Dill_Cool_Season_Succession_Ch31.jpg"
"C:\Users\dstor\lse-repo\LSE_BOOK_3_CROPS_AND_GUILDS_WORKING.html","repo","LSE_BOOK_3_CROPS_AND_GUILDS_WORKING.html","116","assets/lse_figures/LSE_E05_Barrel_Herb_Garden_Cross_Section_Ch31.jpg","C:\Users\dstor\lse-repo\assets\lse_figures\LSE_E05_Barrel_Herb_Garden_Cross_Section_Ch31.jpg","resolved","1","repo","C:\Users\dstor\lse-repo\assets\lse_figures\LSE_E05_Barrel_Herb_Garden_Cross_Section_Ch31.jpg"
"C:\Users\dstor\lse-repo\LSE_BOOK_4_PLANT_HEALTH_AND_DEFENSE_WORKING.html","repo","LSE_BOOK_4_PLANT_HEALTH_AND_DEFENSE_WORKING.html","6","assets/user_created_web/UCI_020_Common_Dallas_Pest_Identification_Guide.png","C:\Users\dstor\lse-repo\assets\user_created_web\UCI_020_Common_Dallas_Pest_Identification_Guide.png","resolved","1","repo","C:\Users\dstor\lse-repo\assets\user_created_web\UCI_020_Common_Dallas_Pest_Identification_Guide.png"
"C:\Users\dstor\lse-repo\LSE_BOOK_4_PLANT_HEALTH_AND_DEFENSE_WORKING.html","repo","LSE_BOOK_4_PLANT_HEALTH_AND_DEFENSE_WORKING.html","6","assets/B30_052__LSE_FOUND_B28_PEST_Brassica_CabbageFlyLarva_StalkDamage_PakChoi_SchlagheckenJosef_CC-BY-SA-4.0.jpg","C:\Users\dstor\lse-repo\assets\B30_052__LSE_FOUND_B28_PEST_Brassica_CabbageFlyLarva_StalkDamage_PakChoi_SchlagheckenJosef_CC-BY-SA-4.0.jpg","resolved","1","repo","C:\Users\dstor\lse-repo\assets\B30_052__LSE_FOUND_B28_PEST_Brassica_CabbageFlyLarva_StalkDamage_PakChoi_SchlagheckenJosef_CC-BY-SA-4.0.jpg"
"C:\Users\dstor\lse-repo\LSE_BOOK_4_PLANT_HEALTH_AND_DEFENSE_WORKING.html","repo","LSE_BOOK_4_PLANT_HEALTH_AND_DEFENSE_WORKING.html","6","assets/B30_053__LSE_FOUND_B28_PEST_Brassica_DeliaRadicum_MaggotPupaLifeStages_Rasbak_CC-BY-SA-GFDL.jpg","C:\Users\dstor\lse-repo\assets\B30_053__LSE_FOUND_B28_PEST_Brassica_DeliaRadicum_MaggotPupaLifeStages_Rasbak_CC-BY-SA-GFDL.jpg","resolved","1","repo","C:\Users\dstor\lse-repo\assets\B30_053__LSE_FOUND_B28_PEST_Brassica_DeliaRadicum_MaggotPupaLifeStages_Rasbak_CC-BY-SA-GFDL.jpg"
"C:\Users\dstor\lse-repo\LSE_BOOK_4_PLANT_HEALTH_AND_DEFENSE_WORKING.html","repo","LSE_BOOK_4_PLANT_HEALTH_AND_DEFENSE_WORKING.html","6","assets/B30_027__LSE_FOUND_B27_PEST_Cowpea_CowpeaCurculio_PodCrossSectionLarvaAdult_UGA_VERIFY.jpg","C:\Users\dstor\lse-repo\assets\B30_027__LSE_FOUND_B27_PEST_Cowpea_CowpeaCurculio_PodCrossSectionLarvaAdult_UGA_VERIFY.jpg","resolved","1","repo","C:\Users\dstor\lse-repo\assets\B30_027__LSE_FOUND_B27_PEST_Cowpea_CowpeaCurculio_PodCrossSectionLarvaAdult_UGA_VERIFY.jpg"
"C:\Users\dstor\lse-repo\LSE_BOOK_4_PLANT_HEALTH_AND_DEFENSE_WORKING.html","repo","LSE_BOOK_4_PLANT_HEALTH_AND_DEFENSE_WORKING.html","6","assets/B30_028__LSE_FOUND_B27_PEST_Cowpea_CowpeaCurculio_LarvaInsidePodRisk_UGA_VERIFY.jpg","C:\Users\dstor\lse-repo\assets\B30_028__LSE_FOUND_B27_PEST_Cowpea_CowpeaCurculio_LarvaInsidePodRisk_UGA_VERIFY.jpg","resolved","1","repo","C:\Users\dstor\lse-repo\assets\B30_028__LSE_FOUND_B27_PEST_Cowpea_CowpeaCurculio_LarvaInsidePodRisk_UGA_VERIFY.jpg"
"C:\Users\dstor\lse-repo\LSE_BOOK_4_PLANT_HEALTH_AND_DEFENSE_WORKING.html","repo","LSE_BOOK_4_PLANT_HEALTH_AND_DEFENSE_WORKING.html","6","assets/B30_079__LSE_FOUND_B29_HOLD_PEST_Okra_StinkBugDamage_TwistedPods_Clemson_PERMISSION.jpg","C:\Users\dstor\lse-repo\assets\B30_079__LSE_FOUND_B29_HOLD_PEST_Okra_StinkBugDamage_TwistedPods_Clemson_PERMISSION.jpg","resolved","1","repo","C:\Users\dstor\lse-repo\assets\B30_079__LSE_FOUND_B29_HOLD_PEST_Okra_StinkBugDamage_TwistedPods_Clemson_PERMISSION.jpg"
"C:\Users\dstor\lse-repo\LSE_BOOK_4_PLANT_HEALTH_AND_DEFENSE_WORKING.html","repo","LSE_BOOK_4_PLANT_HEALTH_AND_DEFENSE_WORKING.html","16","assets/B30_029__LSE_FOUND_B27_PEST_Cowpea_CowpeaCurculio_AdultScouting_UGA_VERIFY.jpg","C:\Users\dstor\lse-repo\assets\B30_029__LSE_FOUND_B27_PEST_Cowpea_CowpeaCurculio_AdultScouting_UGA_VERIFY.jpg","resolved","1","repo","C:\Users\dstor\lse-repo\assets\B30_029__LSE_FOUND_B27_PEST_Cowpea_CowpeaCurculio_AdultScouting_UGA_VERIFY.jpg"
"C:\Users\dstor\lse-repo\LSE_BOOK_4_PLANT_HEALTH_AND_DEFENSE_WORKING.html","repo","LSE_BOOK_4_PLANT_HEALTH_AND_DEFENSE_WORKING.html","16","assets/B30_030__LSE_FOUND_B27_PEST_Eggplant_FleaBeetle_ShotHolePittedLeaf_DavidCappaert-Bugwood_VERIFY.jpg","C:\Users\dstor\lse-repo\assets\B30_030__LSE_FOUND_B27_PEST_Eggplant_FleaBeetle_ShotHolePittedLeaf_DavidCappaert-Bugwood_VERIFY.jpg","resolved","1","repo","C:\Users\dstor\lse-repo\assets\B30_030__LSE_FOUND_B27_PEST_Eggplant_FleaBeetle_ShotHolePittedLeaf_DavidCappaert-Bugwood_VERIFY.jpg"
"C:\Users\dstor\lse-repo\LSE_BOOK_4_PLANT_HEALTH_AND_DEFENSE_WORKING.html","repo","LSE_BOOK_4_PLANT_HEALTH_AND_DEFENSE_WORKING.html","18","assets/B30_073__LSE_FOUND_B29_PRACTICAL_RowCover_LowTunnel_FabricOverHoops_KathleenMoore_CC-BY-2.0.jpg","C:\Users\dstor\lse-repo\assets\B30_073__LSE_FOUND_B29_PRACTICAL_RowCover_LowTunnel_FabricOverHoops_KathleenMoore_CC-BY-2.0.jpg","resolved","1","repo","C:\Users\dstor\lse-repo\assets\B30_073__LSE_FOUND_B29_PRACTICAL_RowCover_LowTunnel_FabricOverHoops_KathleenMoore_CC-BY-2.0.jpg"
"C:\Users\dstor\lse-repo\LSE_BOOK_4_PLANT_HEALTH_AND_DEFENSE_WORKING.html","repo","LSE_BOOK_4_PLANT_HEALTH_AND_DEFENSE_WORKING.html","18","assets/B30_033__LSE_FOUND_B27_EXCLUSION_VegetableBeds_FloatingRowCover_PhysicalBarrier_ScotNelson_CONDITIONAL.jpg","C:\Users\dstor\lse-repo\assets\B30_033__LSE_FOUND_B27_EXCLUSION_VegetableBeds_FloatingRowCover_PhysicalBarrier_ScotNelson_CONDITIONAL.jpg","resolved","1","repo","C:\Users\dstor\lse-repo\assets\B30_033__LSE_FOUND_B27_EXCLUSION_VegetableBeds_FloatingRowCover_PhysicalBarrier_ScotNelson_CONDITIONAL.jpg"
"C:\Users\dstor\lse-repo\LSE_BOOK_4_PLANT_HEALTH_AND_DEFENSE_WORKING.html","repo","LSE_BOOK_4_PLANT_HEALTH_AND_DEFENSE_WORKING.html","26","assets/B30_048__LSE_FOUND_B28_PEST_Brassica_CabbageFlyMaggot_RootDamage_Kohlrabi_SchlagheckenJosef_CC-BY-4.0.jpg","C:\Users\dstor\lse-repo\assets\B30_048__LSE_FOUND_B28_PEST_Brassica_CabbageFlyMaggot_RootDamage_Kohlrabi_SchlagheckenJosef_CC-BY-4.0.jpg","resolved","1","repo","C:\Users\dstor\lse-repo\assets\B30_048__LSE_FOUND_B28_PEST_Brassica_CabbageFlyMaggot_RootDamage_Kohlrabi_SchlagheckenJosef_CC-BY-4.0.jpg"
"C:\Users\dstor\lse-repo\LSE_BOOK_4_PLANT_HEALTH_AND_DEFENSE_WORKING.html","repo","LSE_BOOK_4_PLANT_HEALTH_AND_DEFENSE_WORKING.html","26","assets/B30_032__LSE_FOUND_B27_EXCLUSION_Seedlings_CutwormCollars_CardboardBarrier_KathleenMoore_CC-BY-2.0.jpg","C:\Users\dstor\lse-repo\assets\B30_032__LSE_FOUND_B27_EXCLUSION_Seedlings_CutwormCollars_CardboardBarrier_KathleenMoore_CC-BY-2.0.jpg","resolved","1","repo","C:\Users\dstor\lse-repo\assets\B30_032__LSE_FOUND_B27_EXCLUSION_Seedlings_CutwormCollars_CardboardBarrier_KathleenMoore_CC-BY-2.0.jpg"
"C:\Users\dstor\lse-repo\LSE_BOOK_4_PLANT_HEALTH_AND_DEFENSE_WORKING.html","repo","LSE_BOOK_4_PLANT_HEALTH_AND_DEFENSE_WORKING.html","26","assets/B30_031__LSE_FOUND_B27_PEST_Corn_BlackCutworm_SeveredSeedlingDamage_WM-Hantsbarger_CC-BY-3.0-US.jpg","C:\Users\dstor\lse-repo\assets\B30_031__LSE_FOUND_B27_PEST_Corn_BlackCutworm_SeveredSeedlingDamage_WM-Hantsbarger_CC-BY-3.0-US.jpg","resolved","1","repo","C:\Users\dstor\lse-repo\assets\B30_031__LSE_FOUND_B27_PEST_Corn_BlackCutworm_SeveredSeedlingDamage_WM-Hantsbarger_CC-BY-3.0-US.jpg"
"C:\Users\dstor\lse-repo\LSE_BOOK_4_PLANT_HEALTH_AND_DEFENSE_WORKING.html","repo","LSE_BOOK_4_PLANT_HEALTH_AND_DEFENSE_WORKING.html","26","assets/B30_034__LSE_FOUND_B27_EXCLUSION_Containers_SlugBarrier_CopperTape_KathleenMoore_CC-BY-2.0.jpg","C:\Users\dstor\lse-repo\assets\B30_034__LSE_FOUND_B27_EXCLUSION_Containers_SlugBarrier_CopperTape_KathleenMoore_CC-BY-2.0.jpg","resolved","1","repo","C:\Users\dstor\lse-repo\assets\B30_034__LSE_FOUND_B27_EXCLUSION_Containers_SlugBarrier_CopperTape_KathleenMoore_CC-BY-2.0.jpg"
"C:\Users\dstor\lse-repo\LSE_BOOK_4_PLANT_HEALTH_AND_DEFENSE_WORKING.html","repo","LSE_BOOK_4_PLANT_HEALTH_AND_DEFENSE_WORKING.html","31","assets/lse_figures/LSE_C03_Daily_Weekly_Scouting_Route_Ch39_Ch49.jpg","C:\Users\dstor\lse-repo\assets\lse_figures\LSE_C03_Daily_Weekly_Scouting_Route_Ch39_Ch49.jpg","resolved","1","repo","C:\Users\dstor\lse-repo\assets\lse_figures\LSE_C03_Daily_Weekly_Scouting_Route_Ch39_Ch49.jpg"
"C:\Users\dstor\lse-repo\LSE_BOOK_4_PLANT_HEALTH_AND_DEFENSE_WORKING.html","repo","LSE_BOOK_4_PLANT_HEALTH_AND_DEFENSE_WORKING.html","192","assets/lse_figures/LSE_B33_Beneficial_Insect_Lifecycle_Plate_Ch40.jpg","C:\Users\dstor\lse-repo\assets\lse_figures\LSE_B33_Beneficial_Insect_Lifecycle_Plate_Ch40.jpg","resolved","1","repo","C:\Users\dstor\lse-repo\assets\lse_figures\LSE_B33_Beneficial_Insect_Lifecycle_Plate_Ch40.jpg"
"C:\Users\dstor\lse-repo\LSE_BOOK_4_PLANT_HEALTH_AND_DEFENSE_WORKING.html","repo","LSE_BOOK_4_PLANT_HEALTH_AND_DEFENSE_WORKING.html","204","assets/B30_012__LSE_FOUND_B26_PEST_SquashBug_Nymphs_OnSummerSquash_Pollinator_CC-BY-2-5.jpg","C:\Users\dstor\lse-repo\assets\B30_012__LSE_FOUND_B26_PEST_SquashBug_Nymphs_OnSummerSquash_Pollinator_CC-BY-2-5.jpg","resolved","1","repo","C:\Users\dstor\lse-repo\assets\B30_012__LSE_FOUND_B26_PEST_SquashBug_Nymphs_OnSummerSquash_Pollinator_CC-BY-2-5.jpg"
"C:\Users\dstor\lse-repo\LSE_BOOK_4_PLANT_HEALTH_AND_DEFENSE_WORKING.html","repo","LSE_BOOK_4_PLANT_HEALTH_AND_DEFENSE_WORKING.html","204","assets/B30_010__LSE_FOUND_B26_PEST_SquashBug_EggCluster_UndersidePumpkinLeaf_Bdm25_CC-BY-SA-4.jpg","C:\Users\dstor\lse-repo\assets\B30_010__LSE_FOUND_B26_PEST_SquashBug_EggCluster_UndersidePumpkinLeaf_Bdm25_CC-BY-SA-4.jpg","resolved","1","repo","C:\Users\dstor\lse-repo\assets\B30_010__LSE_FOUND_B26_PEST_SquashBug_EggCluster_UndersidePumpkinLeaf_Bdm25_CC-BY-SA-4.jpg"
"C:\Users\dstor\lse-repo\LSE_BOOK_4_PLANT_HEALTH_AND_DEFENSE_WORKING.html","repo","LSE_BOOK_4_PLANT_HEALTH_AND_DEFENSE_WORKING.html","204","assets/B30_011__LSE_FOUND_B26_PEST_SquashBug_EggCluster_AnasaTristis_BeatrizMoisset_CC-BY-SA-4.jpg","C:\Users\dstor\lse-repo\assets\B30_011__LSE_FOUND_B26_PEST_SquashBug_EggCluster_AnasaTristis_BeatrizMoisset_CC-BY-SA-4.jpg","resolved","1","repo","C:\Users\dstor\lse-repo\assets\B30_011__LSE_FOUND_B26_PEST_SquashBug_EggCluster_AnasaTristis_BeatrizMoisset_CC-BY-SA-4.jpg"
"C:\Users\dstor\lse-repo\LSE_BOOK_4_PLANT_HEALTH_AND_DEFENSE_WORKING.html","repo","LSE_BOOK_4_PLANT_HEALTH_AND_DEFENSE_WORKING.html","204","assets/B30_054__LSE_FOUND_B28_PEST_SquashVineBorer_FrassAtStem_Pollinator_CC-BY-2.5_CONDITIONAL.jpg","C:\Users\dstor\lse-repo\assets\B30_054__LSE_FOUND_B28_PEST_SquashVineBorer_FrassAtStem_Pollinator_CC-BY-2.5_CONDITIONAL.jpg","resolved","1","repo","C:\Users\dstor\lse-repo\assets\B30_054__LSE_FOUND_B28_PEST_SquashVineBorer_FrassAtStem_Pollinator_CC-BY-2.5_CONDITIONAL.jpg"
"C:\Users\dstor\lse-repo\LSE_BOOK_4_PLANT_HEALTH_AND_DEFENSE_WORKING.html","repo","LSE_BOOK_4_PLANT_HEALTH_AND_DEFENSE_WORKING.html","204","assets/B30_055__LSE_FOUND_B28_PEST_SquashVineBorer_LarvaeSplitStemFrass_Pollinator_CC-BY-2.5_CONDITIONAL.jpg","C:\Users\dstor\lse-repo\assets\B30_055__LSE_FOUND_B28_PEST_SquashVineBorer_LarvaeSplitStemFrass_Pollinator_CC-BY-2.5_CONDITIONAL.jpg","resolved","1","repo","C:\Users\dstor\lse-repo\assets\B30_055__LSE_FOUND_B28_PEST_SquashVineBorer_LarvaeSplitStemFrass_Pollinator_CC-BY-2.5_CONDITIONAL.jpg"
"C:\Users\dstor\lse-repo\LSE_BOOK_4_PLANT_HEALTH_AND_DEFENSE_WORKING.html","repo","LSE_BOOK_4_PLANT_HEALTH_AND_DEFENSE_WORKING.html","204","assets/B30_013__LSE_FOUND_B26_PEST_SquashBug_Adult_MarginalResolution_Downtowngal_CC0.jpg","C:\Users\dstor\lse-repo\assets\B30_013__LSE_FOUND_B26_PEST_SquashBug_Adult_MarginalResolution_Downtowngal_CC0.jpg","resolved","1","repo","C:\Users\dstor\lse-repo\assets\B30_013__LSE_FOUND_B26_PEST_SquashBug_Adult_MarginalResolution_Downtowngal_CC0.jpg"
"C:\Users\dstor\lse-repo\LSE_BOOK_4_PLANT_HEALTH_AND_DEFENSE_WORKING.html","repo","LSE_BOOK_4_PLANT_HEALTH_AND_DEFENSE_WORKING.html","204","assets/B30_006__LSE_FOUND_B26_ROOTS_Tomato_RootKnotNematode_GalledRoots_PlantPestsDiseases_CC0.jpg","C:\Users\dstor\lse-repo\assets\B30_006__LSE_FOUND_B26_ROOTS_Tomato_RootKnotNematode_GalledRoots_PlantPestsDiseases_CC0.jpg","resolved","1","repo","C:\Users\dstor\lse-repo\assets\B30_006__LSE_FOUND_B26_ROOTS_Tomato_RootKnotNematode_GalledRoots_PlantPestsDiseases_CC0.jpg"
"C:\Users\dstor\lse-repo\LSE_BOOK_4_PLANT_HEALTH_AND_DEFENSE_WORKING.html","repo","LSE_BOOK_4_PLANT_HEALTH_AND_DEFENSE_WORKING.html","212","assets/lse_figures/LSE_C07_Harvest_Postharvest_Handling_Workflow_Ch49.png","C:\Users\dstor\lse-repo\assets\lse_figures\LSE_C07_Harvest_Postharvest_Handling_Workflow_Ch49.png","resolved","1","repo","C:\Users\dstor\lse-repo\assets\lse_figures\LSE_C07_Harvest_Postharvest_Handling_Workflow_Ch49.png"
"C:\Users\dstor\lse-repo\LSE_BOOK_4_PLANT_HEALTH_AND_DEFENSE_WORKING.html","repo","LSE_BOOK_4_PLANT_HEALTH_AND_DEFENSE_WORKING.html","248","assets/B30_038__LSE_FOUND_B27_ABIOTIC_Tomato_FertilizerBurn_YoungLeafScorch_UMD_VERIFY.jpg","C:\Users\dstor\lse-repo\assets\B30_038__LSE_FOUND_B27_ABIOTIC_Tomato_FertilizerBurn_YoungLeafScorch_UMD_VERIFY.jpg","resolved","1","repo","C:\Users\dstor\lse-repo\assets\B30_038__LSE_FOUND_B27_ABIOTIC_Tomato_FertilizerBurn_YoungLeafScorch_UMD_VERIFY.jpg"
"C:\Users\dstor\lse-repo\LSE_BOOK_4_PLANT_HEALTH_AND_DEFENSE_WORKING.html","repo","LSE_BOOK_4_PLANT_HEALTH_AND_DEFENSE_WORKING.html","248","assets/B30_056__LSE_FOUND_B28_ABIOTIC_FertilizerBurn_LeafScorchPattern_CannabisCropMismatch_Fenrisulfir_CC-BY-SA-GFDL.jpg","C:\Users\dstor\lse-repo\assets\B30_056__LSE_FOUND_B28_ABIOTIC_FertilizerBurn_LeafScorchPattern_CannabisCropMismatch_Fenrisulfir_CC-BY-SA-GFDL.jpg","resolved","1","repo","C:\Users\dstor\lse-repo\assets\B30_056__LSE_FOUND_B28_ABIOTIC_FertilizerBurn_LeafScorchPattern_CannabisCropMismatch_Fenrisulfir_CC-BY-SA-GFDL.jpg"
"C:\Users\dstor\lse-repo\LSE_BOOK_4_PLANT_HEALTH_AND_DEFENSE_WORKING.html","repo","LSE_BOOK_4_PLANT_HEALTH_AND_DEFENSE_WORKING.html","250","assets/B30_037__LSE_FOUND_B27_ABIOTIC_VegetableTransplant_ColdFreezeDamage_WhiteLeaves_UMD_VERIFY.jpg","C:\Users\dstor\lse-repo\assets\B30_037__LSE_FOUND_B27_ABIOTIC_VegetableTransplant_ColdFreezeDamage_WhiteLeaves_UMD_VERIFY.jpg","resolved","1","repo","C:\Users\dstor\lse-repo\assets\B30_037__LSE_FOUND_B27_ABIOTIC_VegetableTransplant_ColdFreezeDamage_WhiteLeaves_UMD_VERIFY.jpg"
"C:\Users\dstor\lse-repo\LSE_BOOK_4_PLANT_HEALTH_AND_DEFENSE_WORKING.html","repo","LSE_BOOK_4_PLANT_HEALTH_AND_DEFENSE_WORKING.html","250","assets/B30_071__LSE_FOUND_B29_ABIOTIC_Bean_HerbicideInjury_EpinastySwollenStems_VCE_PublicUse.jpg","C:\Users\dstor\lse-repo\assets\B30_071__LSE_FOUND_B29_ABIOTIC_Bean_HerbicideInjury_EpinastySwollenStems_VCE_PublicUse.jpg","resolved","1","repo","C:\Users\dstor\lse-repo\assets\B30_071__LSE_FOUND_B29_ABIOTIC_Bean_HerbicideInjury_EpinastySwollenStems_VCE_PublicUse.jpg"
"C:\Users\dstor\lse-repo\LSE_BOOK_4_PLANT_HEALTH_AND_DEFENSE_WORKING.html","repo","LSE_BOOK_4_PLANT_HEALTH_AND_DEFENSE_WORKING.html","250","assets/B30_072__LSE_FOUND_B29_ABIOTIC_Squash_HerbicideResidue_FieldEpinastyTwisting_VCE_PublicUse.jpg","C:\Users\dstor\lse-repo\assets\B30_072__LSE_FOUND_B29_ABIOTIC_Squash_HerbicideResidue_FieldEpinastyTwisting_VCE_PublicUse.jpg","resolved","1","repo","C:\Users\dstor\lse-repo\assets\B30_072__LSE_FOUND_B29_ABIOTIC_Squash_HerbicideResidue_FieldEpinastyTwisting_VCE_PublicUse.jpg"
"C:\Users\dstor\lse-repo\LSE_BOOK_4_PLANT_HEALTH_AND_DEFENSE_WORKING.html","repo","LSE_BOOK_4_PLANT_HEALTH_AND_DEFENSE_WORKING.html","250","assets/B30_045__LSE_FOUND_B28_ABIOTIC_Tomato_HailDamage_FruitBruisesHoles_DwightSipler_CC-BY-2.0.jpg","C:\Users\dstor\lse-repo\assets\B30_045__LSE_FOUND_B28_ABIOTIC_Tomato_HailDamage_FruitBruisesHoles_DwightSipler_CC-BY-2.0.jpg","resolved","1","repo","C:\Users\dstor\lse-repo\assets\B30_045__LSE_FOUND_B28_ABIOTIC_Tomato_HailDamage_FruitBruisesHoles_DwightSipler_CC-BY-2.0.jpg"
"C:\Users\dstor\lse-repo\LSE_BOOK_4_PLANT_HEALTH_AND_DEFENSE_WORKING.html","repo","LSE_BOOK_4_PLANT_HEALTH_AND_DEFENSE_WORKING.html","250","assets/B30_004__LSE_FOUND_B26_ABIOTIC_Tomato_HailDamage_BruisedBrokenStems_DwightSipler_CC-BY-2.jpg","C:\Users\dstor\lse-repo\assets\B30_004__LSE_FOUND_B26_ABIOTIC_Tomato_HailDamage_BruisedBrokenStems_DwightSipler_CC-BY-2.jpg","resolved","1","repo","C:\Users\dstor\lse-repo\assets\B30_004__LSE_FOUND_B26_ABIOTIC_Tomato_HailDamage_BruisedBrokenStems_DwightSipler_CC-BY-2.jpg"
"C:\Users\dstor\lse-repo\LSE_BOOK_4_PLANT_HEALTH_AND_DEFENSE_WORKING.html","repo","LSE_BOOK_4_PLANT_HEALTH_AND_DEFENSE_WORKING.html","250","assets/B30_078__LSE_FOUND_B29_HOLD_ABIOTIC_Bean_PesticideBurn_ScorchedLeaves_UMD_VERIFY.jpg","C:\Users\dstor\lse-repo\assets\B30_078__LSE_FOUND_B29_HOLD_ABIOTIC_Bean_PesticideBurn_ScorchedLeaves_UMD_VERIFY.jpg","resolved","1","repo","C:\Users\dstor\lse-repo\assets\B30_078__LSE_FOUND_B29_HOLD_ABIOTIC_Bean_PesticideBurn_ScorchedLeaves_UMD_VERIFY.jpg"
"C:\Users\dstor\lse-repo\LSE_BOOK_4_PLANT_HEALTH_AND_DEFENSE_WORKING.html","repo","LSE_BOOK_4_PLANT_HEALTH_AND_DEFENSE_WORKING.html","252","assets/B30_036__LSE_FOUND_B27_ABIOTIC_Bean_PesticideBurn_LeafScorch_UMD_VERIFY.jpg","C:\Users\dstor\lse-repo\assets\B30_036__LSE_FOUND_B27_ABIOTIC_Bean_PesticideBurn_LeafScorch_UMD_VERIFY.jpg","resolved","1","repo","C:\Users\dstor\lse-repo\assets\B30_036__LSE_FOUND_B27_ABIOTIC_Bean_PesticideBurn_LeafScorch_UMD_VERIFY.jpg"
"C:\Users\dstor\lse-repo\LSE_BOOK_4_PLANT_HEALTH_AND_DEFENSE_WORKING.html","repo","LSE_BOOK_4_PLANT_HEALTH_AND_DEFENSE_WORKING.html","252","assets/B30_077__LSE_FOUND_B29_HOLD_ABIOTIC_Squash_PesticideBurn_Phytotoxicity_UMD_VERIFY.jpg","C:\Users\dstor\lse-repo\assets\B30_077__LSE_FOUND_B29_HOLD_ABIOTIC_Squash_PesticideBurn_Phytotoxicity_UMD_VERIFY.jpg","resolved","1","repo","C:\Users\dstor\lse-repo\assets\B30_077__LSE_FOUND_B29_HOLD_ABIOTIC_Squash_PesticideBurn_Phytotoxicity_UMD_VERIFY.jpg"
"C:\Users\dstor\lse-repo\LSE_BOOK_4_PLANT_HEALTH_AND_DEFENSE_WORKING.html","repo","LSE_BOOK_4_PLANT_HEALTH_AND_DEFENSE_WORKING.html","252","assets/B30_035__LSE_FOUND_B27_ABIOTIC_Squash_PesticideBurn_SoapPyrethrinLeafScorch_UMD_VERIFY.jpg","C:\Users\dstor\lse-repo\assets\B30_035__LSE_FOUND_B27_ABIOTIC_Squash_PesticideBurn_SoapPyrethrinLeafScorch_UMD_VERIFY.jpg","resolved","1","repo","C:\Users\dstor\lse-repo\assets\B30_035__LSE_FOUND_B27_ABIOTIC_Squash_PesticideBurn_SoapPyrethrinLeafScorch_UMD_VERIFY.jpg"
"C:\Users\dstor\lse-repo\LSE_BOOK_4_PLANT_HEALTH_AND_DEFENSE_WORKING.html","repo","LSE_BOOK_4_PLANT_HEALTH_AND_DEFENSE_WORKING.html","252","assets/B30_001__LSE_FOUND_B26_ABIOTIC_Pepper_Sunscald_ExposedFruit_DonFerrin_Bugwood_CC-BY-3.jpg","C:\Users\dstor\lse-repo\assets\B30_001__LSE_FOUND_B26_ABIOTIC_Pepper_Sunscald_ExposedFruit_DonFerrin_Bugwood_CC-BY-3.jpg","resolved","1","repo","C:\Users\dstor\lse-repo\assets\B30_001__LSE_FOUND_B26_ABIOTIC_Pepper_Sunscald_ExposedFruit_DonFerrin_Bugwood_CC-BY-3.jpg"
"C:\Users\dstor\lse-repo\LSE_BOOK_4_PLANT_HEALTH_AND_DEFENSE_WORKING.html","repo","LSE_BOOK_4_PLANT_HEALTH_AND_DEFENSE_WORKING.html","252","assets/B30_002__LSE_FOUND_B26_ABIOTIC_Tomato_FruitCracking_IrregularIrrigationCue_Fructibus_CC0.jpg","C:\Users\dstor\lse-repo\assets\B30_002__LSE_FOUND_B26_ABIOTIC_Tomato_FruitCracking_IrregularIrrigationCue_Fructibus_CC0.jpg","resolved","1","repo","C:\Users\dstor\lse-repo\assets\B30_002__LSE_FOUND_B26_ABIOTIC_Tomato_FruitCracking_IrregularIrrigationCue_Fructibus_CC0.jpg"
"C:\Users\dstor\lse-repo\LSE_BOOK_4_PLANT_HEALTH_AND_DEFENSE_WORKING.html","repo","LSE_BOOK_4_PLANT_HEALTH_AND_DEFENSE_WORKING.html","254","assets/B30_050__LSE_FOUND_B28_ABIOTIC_Tomato_FrostDamage_LeafFruitBurn_AmroBinKulthoum_CC-BY-SA-3.0.jpg","C:\Users\dstor\lse-repo\assets\B30_050__LSE_FOUND_B28_ABIOTIC_Tomato_FrostDamage_LeafFruitBurn_AmroBinKulthoum_CC-BY-SA-3.0.jpg","resolved","1","repo","C:\Users\dstor\lse-repo\assets\B30_050__LSE_FOUND_B28_ABIOTIC_Tomato_FrostDamage_LeafFruitBurn_AmroBinKulthoum_CC-BY-SA-3.0.jpg"
"C:\Users\dstor\lse-repo\LSE_BOOK_4_PLANT_HEALTH_AND_DEFENSE_WORKING.html","repo","LSE_BOOK_4_PLANT_HEALTH_AND_DEFENSE_WORKING.html","254","assets/B30_003__LSE_FOUND_B26_ABIOTIC_Tomato_Catfacing_FruitDeformity_ParthasarathySeethapathy_CC-BY-SA-4.jpg","C:\Users\dstor\lse-repo\assets\B30_003__LSE_FOUND_B26_ABIOTIC_Tomato_Catfacing_FruitDeformity_ParthasarathySeethapathy_CC-BY-SA-4.jpg","resolved","1","repo","C:\Users\dstor\lse-repo\assets\B30_003__LSE_FOUND_B26_ABIOTIC_Tomato_Catfacing_FruitDeformity_ParthasarathySeethapathy_CC-BY-SA-4.jpg"
"C:\Users\dstor\lse-repo\LSE_BOOK_4_PLANT_HEALTH_AND_DEFENSE_WORKING.html","repo","LSE_BOOK_4_PLANT_HEALTH_AND_DEFENSE_WORKING.html","254","assets/lse_figures/LSE_D03_Damping_Off_Lookalike_Plate_Ch42_49.jpg","C:\Users\dstor\lse-repo\assets\lse_figures\LSE_D03_Damping_Off_Lookalike_Plate_Ch42_49.jpg","resolved","1","repo","C:\Users\dstor\lse-repo\assets\lse_figures\LSE_D03_Damping_Off_Lookalike_Plate_Ch42_49.jpg"
"C:\Users\dstor\lse-repo\LSE_BOOK_4_PLANT_HEALTH_AND_DEFENSE_WORKING.html","repo","LSE_BOOK_4_PLANT_HEALTH_AND_DEFENSE_WORKING.html","260","assets/lse_figures/LSE_D15_Tomato_Leaf_Spot_Lookalikes_Ch42.jpg","C:\Users\dstor\lse-repo\assets\lse_figures\LSE_D15_Tomato_Leaf_Spot_Lookalikes_Ch42.jpg","resolved","1","repo","C:\Users\dstor\lse-repo\assets\lse_figures\LSE_D15_Tomato_Leaf_Spot_Lookalikes_Ch42.jpg"
"C:\Users\dstor\lse-repo\LSE_BOOK_4_PLANT_HEALTH_AND_DEFENSE_WORKING.html","repo","LSE_BOOK_4_PLANT_HEALTH_AND_DEFENSE_WORKING.html","260","assets/lse_figures/LSE_D19_Powdery_Mildew_vs_Downy_Mildew_Ch42.jpg","C:\Users\dstor\lse-repo\assets\lse_figures\LSE_D19_Powdery_Mildew_vs_Downy_Mildew_Ch42.jpg","resolved","1","repo","C:\Users\dstor\lse-repo\assets\lse_figures\LSE_D19_Powdery_Mildew_vs_Downy_Mildew_Ch42.jpg"
"C:\Users\dstor\lse-repo\LSE_BOOK_4_PLANT_HEALTH_AND_DEFENSE_WORKING.html","repo","LSE_BOOK_4_PLANT_HEALTH_AND_DEFENSE_WORKING.html","264","assets/lse_figures/LSE_D01_Wilt_Triage_Decision_Tree_Ch42.png","C:\Users\dstor\lse-repo\assets\lse_figures\LSE_D01_Wilt_Triage_Decision_Tree_Ch42.png","resolved","1","repo","C:\Users\dstor\lse-repo\assets\lse_figures\LSE_D01_Wilt_Triage_Decision_Tree_Ch42.png"
"C:\Users\dstor\lse-repo\LSE_BOOK_4_PLANT_HEALTH_AND_DEFENSE_WORKING.html","repo","LSE_BOOK_4_PLANT_HEALTH_AND_DEFENSE_WORKING.html","264","assets/lse_figures/LSE_D02_Southern_Blight_vs_White_Mold_Ch42.jpg","C:\Users\dstor\lse-repo\assets\lse_figures\LSE_D02_Southern_Blight_vs_White_Mold_Ch42.jpg","resolved","1","repo","C:\Users\dstor\lse-repo\assets\lse_figures\LSE_D02_Southern_Blight_vs_White_Mold_Ch42.jpg"
"C:\Users\dstor\lse-repo\LSE_BOOK_4_PLANT_HEALTH_AND_DEFENSE_WORKING.html","repo","LSE_BOOK_4_PLANT_HEALTH_AND_DEFENSE_WORKING.html","267","assets/lse_figures/LSE_D05_Herbicide_Drift_Growth_Regulator_Lookalike_Plate_Ch42.jpg","C:\Users\dstor\lse-repo\assets\lse_figures\LSE_D05_Herbicide_Drift_Growth_Regulator_Lookalike_Plate_Ch42.jpg","resolved","1","repo","C:\Users\dstor\lse-repo\assets\lse_figures\LSE_D05_Herbicide_Drift_Growth_Regulator_Lookalike_Plate_Ch42.jpg"
"C:\Users\dstor\lse-repo\LSE_BOOK_4_PLANT_HEALTH_AND_DEFENSE_WORKING.html","repo","LSE_BOOK_4_PLANT_HEALTH_AND_DEFENSE_WORKING.html","267","assets/user_created_web/UCI_029_Troubleshooting_Decision_Tree_Yellowing_Leaves.png","C:\Users\dstor\lse-repo\assets\user_created_web\UCI_029_Troubleshooting_Decision_Tree_Yellowing_Leaves.png","resolved","1","repo","C:\Users\dstor\lse-repo\assets\user_created_web\UCI_029_Troubleshooting_Decision_Tree_Yellowing_Leaves.png"
"C:\Users\dstor\lse-repo\LSE_BOOK_4_PLANT_HEALTH_AND_DEFENSE_WORKING.html","repo","LSE_BOOK_4_PLANT_HEALTH_AND_DEFENSE_WORKING.html","270","assets/lse_figures/LSE_D16_Pepper_Abiotic_Disorders_Herbicide_Lookalikes_Ch42.jpg","C:\Users\dstor\lse-repo\assets\lse_figures\LSE_D16_Pepper_Abiotic_Disorders_Herbicide_Lookalikes_Ch42.jpg","resolved","1","repo","C:\Users\dstor\lse-repo\assets\lse_figures\LSE_D16_Pepper_Abiotic_Disorders_Herbicide_Lookalikes_Ch42.jpg"
"C:\Users\dstor\lse-repo\LSE_BOOK_4_PLANT_HEALTH_AND_DEFENSE_WORKING.html","repo","LSE_BOOK_4_PLANT_HEALTH_AND_DEFENSE_WORKING.html","281","assets/B30_046__LSE_FOUND_B28_ROOTS_Tomato_BacterialWilt_StemCrossSection_ClemsonUSDA_CC-BY-3.0.jpg","C:\Users\dstor\lse-repo\assets\B30_046__LSE_FOUND_B28_ROOTS_Tomato_BacterialWilt_StemCrossSection_ClemsonUSDA_CC-BY-3.0.jpg","resolved","1","repo","C:\Users\dstor\lse-repo\assets\B30_046__LSE_FOUND_B28_ROOTS_Tomato_BacterialWilt_StemCrossSection_ClemsonUSDA_CC-BY-3.0.jpg"
"C:\Users\dstor\lse-repo\LSE_BOOK_4_PLANT_HEALTH_AND_DEFENSE_WORKING.html","repo","LSE_BOOK_4_PLANT_HEALTH_AND_DEFENSE_WORKING.html","281","assets/B30_051__LSE_FOUND_B28_DISEASE_Tomato_SouthernBlight_SclerotiaAtCrown_PersleyCooke_CC-BY-SA-3.0_LOWRES.jpg","C:\Users\dstor\lse-repo\assets\B30_051__LSE_FOUND_B28_DISEASE_Tomato_SouthernBlight_SclerotiaAtCrown_PersleyCooke_CC-BY-SA-3.0_LOWRES.jpg","resolved","1","repo","C:\Users\dstor\lse-repo\assets\B30_051__LSE_FOUND_B28_DISEASE_Tomato_SouthernBlight_SclerotiaAtCrown_PersleyCooke_CC-BY-SA-3.0_LOWRES.jpg"
"C:\Users\dstor\lse-repo\LSE_BOOK_4_PLANT_HEALTH_AND_DEFENSE_WORKING.html","repo","LSE_BOOK_4_PLANT_HEALTH_AND_DEFENSE_WORKING.html","281","assets/B30_025__LSE_FOUND_B27_ROOTS_Tomato_FusariumWilt_VascularBrowningStemSplit_NCSU-IngaMeadows_VERIFY.jpg","C:\Users\dstor\lse-repo\assets\B30_025__LSE_FOUND_B27_ROOTS_Tomato_FusariumWilt_VascularBrowningStemSplit_NCSU-IngaMeadows_VERIFY.jpg","resolved","1","repo","C:\Users\dstor\lse-repo\assets\B30_025__LSE_FOUND_B27_ROOTS_Tomato_FusariumWilt_VascularBrowningStemSplit_NCSU-IngaMeadows_VERIFY.jpg"
"C:\Users\dstor\lse-repo\LSE_BOOK_4_PLANT_HEALTH_AND_DEFENSE_WORKING.html","repo","LSE_BOOK_4_PLANT_HEALTH_AND_DEFENSE_WORKING.html","281","assets/B30_082__LSE_FOUND_B29_HOLD_DISEASE_Tomato_BacterialWilt_StreamingTest_UAEX_PERMISSION.jpg","C:\Users\dstor\lse-repo\assets\B30_082__LSE_FOUND_B29_HOLD_DISEASE_Tomato_BacterialWilt_StreamingTest_UAEX_PERMISSION.jpg","resolved","1","repo","C:\Users\dstor\lse-repo\assets\B30_082__LSE_FOUND_B29_HOLD_DISEASE_Tomato_BacterialWilt_StreamingTest_UAEX_PERMISSION.jpg"
"C:\Users\dstor\lse-repo\LSE_BOOK_4_PLANT_HEALTH_AND_DEFENSE_WORKING.html","repo","LSE_BOOK_4_PLANT_HEALTH_AND_DEFENSE_WORKING.html","281","assets/B30_026__LSE_FOUND_B27_ROOTS_Pepper_DampingOff_StemCankerSoilLine_UMass-TSmith_VERIFY.jpg","C:\Users\dstor\lse-repo\assets\B30_026__LSE_FOUND_B27_ROOTS_Pepper_DampingOff_StemCankerSoilLine_UMass-TSmith_VERIFY.jpg","resolved","1","repo","C:\Users\dstor\lse-repo\assets\B30_026__LSE_FOUND_B27_ROOTS_Pepper_DampingOff_StemCankerSoilLine_UMass-TSmith_VERIFY.jpg"
"C:\Users\dstor\lse-repo\LSE_BOOK_4_PLANT_HEALTH_AND_DEFENSE_WORKING.html","repo","LSE_BOOK_4_PLANT_HEALTH_AND_DEFENSE_WORKING.html","281","assets/B30_047__LSE_FOUND_B28_DISEASE_Tomato_RhizoctoniaSolani_FruitRotBlackLesions_JGK_hn_CC-BY-3.0.jpg","C:\Users\dstor\lse-repo\assets\B30_047__LSE_FOUND_B28_DISEASE_Tomato_RhizoctoniaSolani_FruitRotBlackLesions_JGK_hn_CC-BY-3.0.jpg","resolved","1","repo","C:\Users\dstor\lse-repo\assets\B30_047__LSE_FOUND_B28_DISEASE_Tomato_RhizoctoniaSolani_FruitRotBlackLesions_JGK_hn_CC-BY-3.0.jpg"
"C:\Users\dstor\lse-repo\LSE_BOOK_4_PLANT_HEALTH_AND_DEFENSE_WORKING.html","repo","LSE_BOOK_4_PLANT_HEALTH_AND_DEFENSE_WORKING.html","281","assets/B30_076__LSE_FOUND_B29_ROOTS_ContainerRootbound_GirdledRoots_BrendanLandis_CC-BY-SA-2.0.jpg","C:\Users\dstor\lse-repo\assets\B30_076__LSE_FOUND_B29_ROOTS_ContainerRootbound_GirdledRoots_BrendanLandis_CC-BY-SA-2.0.jpg","resolved","1","repo","C:\Users\dstor\lse-repo\assets\B30_076__LSE_FOUND_B29_ROOTS_ContainerRootbound_GirdledRoots_BrendanLandis_CC-BY-SA-2.0.jpg"
"C:\Users\dstor\lse-repo\LSE_BOOK_4_PLANT_HEALTH_AND_DEFENSE_WORKING.html","repo","LSE_BOOK_4_PLANT_HEALTH_AND_DEFENSE_WORKING.html","281","assets/B30_070__LSE_FOUND_B29_ABIOTIC_Tomato_HerbicideResidue_CuppedNewGrowth_VCE_PublicUse.jpg","C:\Users\dstor\lse-repo\assets\B30_070__LSE_FOUND_B29_ABIOTIC_Tomato_HerbicideResidue_CuppedNewGrowth_VCE_PublicUse.jpg","resolved","1","repo","C:\Users\dstor\lse-repo\assets\B30_070__LSE_FOUND_B29_ABIOTIC_Tomato_HerbicideResidue_CuppedNewGrowth_VCE_PublicUse.jpg"
"C:\Users\dstor\lse-repo\LSE_BOOK_4_PLANT_HEALTH_AND_DEFENSE_WORKING.html","repo","LSE_BOOK_4_PLANT_HEALTH_AND_DEFENSE_WORKING.html","281","assets/B30_022__LSE_FOUND_B27_ABIOTIC_Tomato_2-4DDrift_CuppedNewGrowth_MaryAnnHansen-Bugwood_CONDITIONAL.jpg","C:\Users\dstor\lse-repo\assets\B30_022__LSE_FOUND_B27_ABIOTIC_Tomato_2-4DDrift_CuppedNewGrowth_MaryAnnHansen-Bugwood_CONDITIONAL.jpg","resolved","1","repo","C:\Users\dstor\lse-repo\assets\B30_022__LSE_FOUND_B27_ABIOTIC_Tomato_2-4DDrift_CuppedNewGrowth_MaryAnnHansen-Bugwood_CONDITIONAL.jpg"
"C:\Users\dstor\lse-repo\LSE_BOOK_4_PLANT_HEALTH_AND_DEFENSE_WORKING.html","repo","LSE_BOOK_4_PLANT_HEALTH_AND_DEFENSE_WORKING.html","281","assets/B30_023__LSE_FOUND_B27_ABIOTIC_Tomato_GlyphosateInjury_YellowDistortedNewGrowth_NathanHoward-Bugwood_VERIFY.jpg","C:\Users\dstor\lse-repo\assets\B30_023__LSE_FOUND_B27_ABIOTIC_Tomato_GlyphosateInjury_YellowDistortedNewGrowth_NathanHoward-Bugwood_VERIFY.jpg","resolved","1","repo","C:\Users\dstor\lse-repo\assets\B30_023__LSE_FOUND_B27_ABIOTIC_Tomato_GlyphosateInjury_YellowDistortedNewGrowth_NathanHoward-Bugwood_VERIFY.jpg"
"C:\Users\dstor\lse-repo\LSE_BOOK_4_PLANT_HEALTH_AND_DEFENSE_WORKING.html","repo","LSE_BOOK_4_PLANT_HEALTH_AND_DEFENSE_WORKING.html","281","assets/B30_024__LSE_FOUND_B27_ABIOTIC_Tomato_2-4DInjury_TwistedCurlingShoot_PBacchi-Bugwood_VERIFY.jpg","C:\Users\dstor\lse-repo\assets\B30_024__LSE_FOUND_B27_ABIOTIC_Tomato_2-4DInjury_TwistedCurlingShoot_PBacchi-Bugwood_VERIFY.jpg","resolved","1","repo","C:\Users\dstor\lse-repo\assets\B30_024__LSE_FOUND_B27_ABIOTIC_Tomato_2-4DInjury_TwistedCurlingShoot_PBacchi-Bugwood_VERIFY.jpg"
"C:\Users\dstor\lse-repo\LSE_BOOK_4_PLANT_HEALTH_AND_DEFENSE_WORKING.html","repo","LSE_BOOK_4_PLANT_HEALTH_AND_DEFENSE_WORKING.html","281","assets/B30_039__LSE_FOUND_B27_ABIOTIC_Tomato_FlumioxazinDrift_FruitNecrosis_NCSU-CC-BY-NC-SA_REJECT.jpg","C:\Users\dstor\lse-repo\assets\B30_039__LSE_FOUND_B27_ABIOTIC_Tomato_FlumioxazinDrift_FruitNecrosis_NCSU-CC-BY-NC-SA_REJECT.jpg","resolved","1","repo","C:\Users\dstor\lse-repo\assets\B30_039__LSE_FOUND_B27_ABIOTIC_Tomato_FlumioxazinDrift_FruitNecrosis_NCSU-CC-BY-NC-SA_REJECT.jpg"
"C:\Users\dstor\lse-repo\LSE_BOOK_4_PLANT_HEALTH_AND_DEFENSE_WORKING.html","repo","LSE_BOOK_4_PLANT_HEALTH_AND_DEFENSE_WORKING.html","281","assets/B30_040__LSE_FOUND_B27_ABIOTIC_Tomato_FlumioxazinDrift_FoliageStemNecrosis_NCSU-CC-BY-NC-SA_REJECT.jpg","C:\Users\dstor\lse-repo\assets\B30_040__LSE_FOUND_B27_ABIOTIC_Tomato_FlumioxazinDrift_FoliageStemNecrosis_NCSU-CC-BY-NC-SA_REJECT.jpg","resolved","1","repo","C:\Users\dstor\lse-repo\assets\B30_040__LSE_FOUND_B27_ABIOTIC_Tomato_FlumioxazinDrift_FoliageStemNecrosis_NCSU-CC-BY-NC-SA_REJECT.jpg"
"C:\Users\dstor\lse-repo\LSE_BOOK_4_PLANT_HEALTH_AND_DEFENSE_WORKING.html","repo","LSE_BOOK_4_PLANT_HEALTH_AND_DEFENSE_WORKING.html","284","assets/lse_figures/LSE_C13_Mobile_vs_Immobile_Nutrient_Symptom_Map_Ch46.png","C:\Users\dstor\lse-repo\assets\lse_figures\LSE_C13_Mobile_vs_Immobile_Nutrient_Symptom_Map_Ch46.png","resolved","1","repo","C:\Users\dstor\lse-repo\assets\lse_figures\LSE_C13_Mobile_vs_Immobile_Nutrient_Symptom_Map_Ch46.png"
"C:\Users\dstor\lse-repo\LSE_BOOK_4_PLANT_HEALTH_AND_DEFENSE_WORKING.html","repo","LSE_BOOK_4_PLANT_HEALTH_AND_DEFENSE_WORKING.html","313","assets/lse_figures/LSE_C10_Refractometer_Protocol_Card_Ch47.png","C:\Users\dstor\lse-repo\assets\lse_figures\LSE_C10_Refractometer_Protocol_Card_Ch47.png","resolved","1","repo","C:\Users\dstor\lse-repo\assets\lse_figures\LSE_C10_Refractometer_Protocol_Card_Ch47.png"
"C:\Users\dstor\lse-repo\LSE_BOOK_4_PLANT_HEALTH_AND_DEFENSE_WORKING.html","repo","LSE_BOOK_4_PLANT_HEALTH_AND_DEFENSE_WORKING.html","454","assets/user_created_web/UCI_025_Brix_Monitoring_Chart.png","C:\Users\dstor\lse-repo\assets\user_created_web\UCI_025_Brix_Monitoring_Chart.png","resolved","1","repo","C:\Users\dstor\lse-repo\assets\user_created_web\UCI_025_Brix_Monitoring_Chart.png"
"C:\Users\dstor\lse-repo\LSE_BOOK_5_FIELD_COMPANION_WORKING.html","repo","LSE_BOOK_5_FIELD_COMPANION_WORKING.html","264","assets/user_created_web/UCI_028_Seasonal_Planting_Calendar.png","C:\Users\dstor\lse-repo\assets\user_created_web\UCI_028_Seasonal_Planting_Calendar.png","resolved","1","repo","C:\Users\dstor\lse-repo\assets\user_created_web\UCI_028_Seasonal_Planting_Calendar.png"
"C:\Users\dstor\lse-repo\LSE_BOOK_5_FIELD_COMPANION_WORKING.html","repo","LSE_BOOK_5_FIELD_COMPANION_WORKING.html","481","assets/user_created_web/UCI_010_Biochar_Charging_Process.jpg","C:\Users\dstor\lse-repo\assets\user_created_web\UCI_010_Biochar_Charging_Process.jpg","resolved","1","repo","C:\Users\dstor\lse-repo\assets\user_created_web\UCI_010_Biochar_Charging_Process.jpg"
"C:\Users\dstor\lse-repo\LSE_BOOK_5_FIELD_COMPANION_WORKING.html","repo","LSE_BOOK_5_FIELD_COMPANION_WORKING.html","481","assets/user_created_web/UCI_011_AACT_Brewing_Setup.jpg","C:\Users\dstor\lse-repo\assets\user_created_web\UCI_011_AACT_Brewing_Setup.jpg","resolved","1","repo","C:\Users\dstor\lse-repo\assets\user_created_web\UCI_011_AACT_Brewing_Setup.jpg"
"C:\Users\dstor\lse-repo\LSE_BOOK_5_FIELD_COMPANION_WORKING.html","repo","LSE_BOOK_5_FIELD_COMPANION_WORKING.html","483","assets/lse_figures/LSE_B36_Yellowing_Leaves_Decision_Tree_AppB.png","C:\Users\dstor\lse-repo\assets\lse_figures\LSE_B36_Yellowing_Leaves_Decision_Tree_AppB.png","resolved","1","repo","C:\Users\dstor\lse-repo\assets\lse_figures\LSE_B36_Yellowing_Leaves_Decision_Tree_AppB.png"
"C:\Users\dstor\lse-repo\LSE_BOOK_5_FIELD_COMPANION_WORKING.html","repo","LSE_BOOK_5_FIELD_COMPANION_WORKING.html","599","assets/user_created_web/UCI_017_North_Texas_Crop_Calendar.png","C:\Users\dstor\lse-repo\assets\user_created_web\UCI_017_North_Texas_Crop_Calendar.png","resolved","1","repo","C:\Users\dstor\lse-repo\assets\user_created_web\UCI_017_North_Texas_Crop_Calendar.png"
"C:\Users\dstor\lse-repo\LSE_BOOK_5_FIELD_COMPANION_WORKING.html","repo","LSE_BOOK_5_FIELD_COMPANION_WORKING.html","660","assets/lse_figures/LSE_C01_Annual_Soil_Building_Calendar_Ch49_AppC.png","C:\Users\dstor\lse-repo\assets\lse_figures\LSE_C01_Annual_Soil_Building_Calendar_Ch49_AppC.png","resolved","1","repo","C:\Users\dstor\lse-repo\assets\lse_figures\LSE_C01_Annual_Soil_Building_Calendar_Ch49_AppC.png"
"C:\Users\dstor\lse-repo\LSE_BOOK_5_FIELD_COMPANION_WORKING.html","repo","LSE_BOOK_5_FIELD_COMPANION_WORKING.html","883","assets/user_created_web/UCI_030_Conversion_and_Dilution_Reference_Chart.png","C:\Users\dstor\lse-repo\assets\user_created_web\UCI_030_Conversion_and_Dilution_Reference_Chart.png","resolved","1","repo","C:\Users\dstor\lse-repo\assets\user_created_web\UCI_030_Conversion_and_Dilution_Reference_Chart.png"
"C:\Users\dstor\lse-repo\LSE_BOOK_5_FIELD_COMPANION_WORKING.html","repo","LSE_BOOK_5_FIELD_COMPANION_WORKING.html","1543","assets/lse_figures/LSE_C14_Electroculture_Self_Experiment_Layout_Ch48.jpg","C:\Users\dstor\lse-repo\assets\lse_figures\LSE_C14_Electroculture_Self_Experiment_Layout_Ch48.jpg","resolved","1","repo","C:\Users\dstor\lse-repo\assets\lse_figures\LSE_C14_Electroculture_Self_Experiment_Layout_Ch48.jpg"
"C:\Users\dstor\lse-repo\LSE_BOOK_5_FIELD_COMPANION_WORKING.html","repo","LSE_BOOK_5_FIELD_COMPANION_WORKING.html","1722","assets/user_created_web/UCI_026_Electroculture_Experimental_Protocol_Layout.png","C:\Users\dstor\lse-repo\assets\user_created_web\UCI_026_Electroculture_Experimental_Protocol_Layout.png","resolved","1","repo","C:\Users\dstor\lse-repo\assets\user_created_web\UCI_026_Electroculture_Experimental_Protocol_Layout.png"
"C:\Users\dstor\lse-repo\LSE_BOOK_5_FIELD_COMPANION_WORKING.html","repo","LSE_BOOK_5_FIELD_COMPANION_WORKING.html","1722","assets/user_created_web/UCI_027_Plant_Electrophysiology_Electrical_Signaling_Pathways.jpg","C:\Users\dstor\lse-repo\assets\user_created_web\UCI_027_Plant_Electrophysiology_Electrical_Signaling_Pathways.jpg","resolved","1","repo","C:\Users\dstor\lse-repo\assets\user_created_web\UCI_027_Plant_Electrophysiology_Electrical_Signaling_Pathways.jpg"
"C:\Users\dstor\lse-repo\LSE_INTERNAL_PRODUCTION_HOLD.html","repo","LSE_INTERNAL_PRODUCTION_HOLD.html","127","assets/user_created_web/UCI_021_Refractometer_Use_Protocol.png","C:\Users\dstor\lse-repo\assets\user_created_web\UCI_021_Refractometer_Use_Protocol.png","resolved","1","repo","C:\Users\dstor\lse-repo\assets\user_created_web\UCI_021_Refractometer_Use_Protocol.png"
"C:\Users\dstor\lse-repo\LSE_VOLUME_1_FOUNDATIONS_SYSTEMS_SOURCE.html","repo","LSE_VOLUME_1_FOUNDATIONS_SYSTEMS_SOURCE.html","381","assets/lse_figures/LSE_A02_Soil_Food_Web_Functional_Map_Ch02.png","C:\Users\dstor\lse-repo\assets\lse_figures\LSE_A02_Soil_Food_Web_Functional_Map_Ch02.png","resolved","1","repo","C:\Users\dstor\lse-repo\assets\lse_figures\LSE_A02_Soil_Food_Web_Functional_Map_Ch02.png"
"C:\Users\dstor\lse-repo\LSE_VOLUME_1_FOUNDATIONS_SYSTEMS_SOURCE.html","repo","LSE_VOLUME_1_FOUNDATIONS_SYSTEMS_SOURCE.html","470","assets/lse_figures/LSE_B02_Predator_Driven_Nitrogen_Mineralization_Loop_Ch05.jpg","C:\Users\dstor\lse-repo\assets\lse_figures\LSE_B02_Predator_Driven_Nitrogen_Mineralization_Loop_Ch05.jpg","resolved","1","repo","C:\Users\dstor\lse-repo\assets\lse_figures\LSE_B02_Predator_Driven_Nitrogen_Mineralization_Loop_Ch05.jpg"
"C:\Users\dstor\lse-repo\LSE_VOLUME_1_FOUNDATIONS_SYSTEMS_SOURCE.html","repo","LSE_VOLUME_1_FOUNDATIONS_SYSTEMS_SOURCE.html","471","assets/user_created_web/UCI_003_The_Nutrient_Mineralization_Loop.jpg","C:\Users\dstor\lse-repo\assets\user_created_web\UCI_003_The_Nutrient_Mineralization_Loop.jpg","resolved","1","repo","C:\Users\dstor\lse-repo\assets\user_created_web\UCI_003_The_Nutrient_Mineralization_Loop.jpg"
"C:\Users\dstor\lse-repo\LSE_VOLUME_1_FOUNDATIONS_SYSTEMS_SOURCE.html","repo","LSE_VOLUME_1_FOUNDATIONS_SYSTEMS_SOURCE.html","484","assets/lse_figures/LSE_B03_Nematode_Mouthpart_Comparison_Ch05_44.png","C:\Users\dstor\lse-repo\assets\lse_figures\LSE_B03_Nematode_Mouthpart_Comparison_Ch05_44.png","resolved","1","repo","C:\Users\dstor\lse-repo\assets\lse_figures\LSE_B03_Nematode_Mouthpart_Comparison_Ch05_44.png"
"C:\Users\dstor\lse-repo\LSE_VOLUME_1_FOUNDATIONS_SYSTEMS_SOURCE.html","repo","LSE_VOLUME_1_FOUNDATIONS_SYSTEMS_SOURCE.html","494","assets/lse_figures/LSE_D04_Root_Knot_Nematode_Diagnosis_Workflow_Ch05_Ch29_Ch42_Ch44.png","C:\Users\dstor\lse-repo\assets\lse_figures\LSE_D04_Root_Knot_Nematode_Diagnosis_Workflow_Ch05_Ch29_Ch42_Ch44.png","resolved","1","repo","C:\Users\dstor\lse-repo\assets\lse_figures\LSE_D04_Root_Knot_Nematode_Diagnosis_Workflow_Ch05_Ch29_Ch42_Ch44.png"
"C:\Users\dstor\lse-repo\LSE_VOLUME_1_FOUNDATIONS_SYSTEMS_SOURCE.html","repo","LSE_VOLUME_1_FOUNDATIONS_SYSTEMS_SOURCE.html","494","assets/lse_figures/LSE_D18_Root_Inspection_Nodules_Galls_Root_Disease_Ch05_Ch29_Ch44.jpg","C:\Users\dstor\lse-repo\assets\lse_figures\LSE_D18_Root_Inspection_Nodules_Galls_Root_Disease_Ch05_Ch29_Ch44.jpg","resolved","1","repo","C:\Users\dstor\lse-repo\assets\lse_figures\LSE_D18_Root_Inspection_Nodules_Galls_Root_Disease_Ch05_Ch29_Ch44.jpg"
"C:\Users\dstor\lse-repo\LSE_VOLUME_1_FOUNDATIONS_SYSTEMS_SOURCE.html","repo","LSE_VOLUME_1_FOUNDATIONS_SYSTEMS_SOURCE.html","503","assets/lse_figures/LSE_A04_Mycorrhizal_Exchange_Defense_Priming_Ch06.jpg","C:\Users\dstor\lse-repo\assets\lse_figures\LSE_A04_Mycorrhizal_Exchange_Defense_Priming_Ch06.jpg","resolved","1","repo","C:\Users\dstor\lse-repo\assets\lse_figures\LSE_A04_Mycorrhizal_Exchange_Defense_Priming_Ch06.jpg"
"C:\Users\dstor\lse-repo\LSE_VOLUME_1_FOUNDATIONS_SYSTEMS_SOURCE.html","repo","LSE_VOLUME_1_FOUNDATIONS_SYSTEMS_SOURCE.html","515","assets/user_created_web/UCI_005_ISR_and_SAR_The_Plant_Immune_System.jpg","C:\Users\dstor\lse-repo\assets\user_created_web\UCI_005_ISR_and_SAR_The_Plant_Immune_System.jpg","resolved","1","repo","C:\Users\dstor\lse-repo\assets\user_created_web\UCI_005_ISR_and_SAR_The_Plant_Immune_System.jpg"
"C:\Users\dstor\lse-repo\LSE_VOLUME_1_FOUNDATIONS_SYSTEMS_SOURCE.html","repo","LSE_VOLUME_1_FOUNDATIONS_SYSTEMS_SOURCE.html","519","assets/lse_figures/LSE_B05_Mycorrhizal_Inoculation_Failure_Modes_Ch06_17.jpg","C:\Users\dstor\lse-repo\assets\lse_figures\LSE_B05_Mycorrhizal_Inoculation_Failure_Modes_Ch06_17.jpg","resolved","1","repo","C:\Users\dstor\lse-repo\assets\lse_figures\LSE_B05_Mycorrhizal_Inoculation_Failure_Modes_Ch06_17.jpg"
"C:\Users\dstor\lse-repo\LSE_VOLUME_1_FOUNDATIONS_SYSTEMS_SOURCE.html","repo","LSE_VOLUME_1_FOUNDATIONS_SYSTEMS_SOURCE.html","554","assets/user_created_web/UCI_002_Bacterial_vs_Fungal_Soil_Dominance.jpg","C:\Users\dstor\lse-repo\assets\user_created_web\UCI_002_Bacterial_vs_Fungal_Soil_Dominance.jpg","resolved","1","repo","C:\Users\dstor\lse-repo\assets\user_created_web\UCI_002_Bacterial_vs_Fungal_Soil_Dominance.jpg"
"C:\Users\dstor\lse-repo\LSE_VOLUME_1_FOUNDATIONS_SYSTEMS_SOURCE.html","repo","LSE_VOLUME_1_FOUNDATIONS_SYSTEMS_SOURCE.html","556","assets/lse_figures/LSE_B06_Fungal_Bacterial_Succession_Strip_Ch07.jpg","C:\Users\dstor\lse-repo\assets\lse_figures\LSE_B06_Fungal_Bacterial_Succession_Strip_Ch07.jpg","resolved","1","repo","C:\Users\dstor\lse-repo\assets\lse_figures\LSE_B06_Fungal_Bacterial_Succession_Strip_Ch07.jpg"
"C:\Users\dstor\lse-repo\LSE_VOLUME_1_FOUNDATIONS_SYSTEMS_SOURCE.html","repo","LSE_VOLUME_1_FOUNDATIONS_SYSTEMS_SOURCE.html","579","assets/user_created_web/UCI_009_Fungal_Bacterial_Input_Guide.png","C:\Users\dstor\lse-repo\assets\user_created_web\UCI_009_Fungal_Bacterial_Input_Guide.png","resolved","1","repo","C:\Users\dstor\lse-repo\assets\user_created_web\UCI_009_Fungal_Bacterial_Input_Guide.png"
"C:\Users\dstor\lse-repo\LSE_VOLUME_1_FOUNDATIONS_SYSTEMS_SOURCE.html","repo","LSE_VOLUME_1_FOUNDATIONS_SYSTEMS_SOURCE.html","594","assets/user_created_web/UCI_007_Composite_Method_Reference.png","C:\Users\dstor\lse-repo\assets\user_created_web\UCI_007_Composite_Method_Reference.png","resolved","1","repo","C:\Users\dstor\lse-repo\assets\user_created_web\UCI_007_Composite_Method_Reference.png"
"C:\Users\dstor\lse-repo\LSE_VOLUME_1_FOUNDATIONS_SYSTEMS_SOURCE.html","repo","LSE_VOLUME_1_FOUNDATIONS_SYSTEMS_SOURCE.html","596","assets/lse_figures/LSE_B07_Five_Soil_Health_Principles_Wheel_Ch08.jpg","C:\Users\dstor\lse-repo\assets\lse_figures\LSE_B07_Five_Soil_Health_Principles_Wheel_Ch08.jpg","resolved","1","repo","C:\Users\dstor\lse-repo\assets\lse_figures\LSE_B07_Five_Soil_Health_Principles_Wheel_Ch08.jpg"
"C:\Users\dstor\lse-repo\LSE_VOLUME_1_FOUNDATIONS_SYSTEMS_SOURCE.html","repo","LSE_VOLUME_1_FOUNDATIONS_SYSTEMS_SOURCE.html","605","assets/lse_figures/LSE_A05_Regenerative_Permaculture_Garden_System_Ch08.jpg","C:\Users\dstor\lse-repo\assets\lse_figures\LSE_A05_Regenerative_Permaculture_Garden_System_Ch08.jpg","resolved","1","repo","C:\Users\dstor\lse-repo\assets\lse_figures\LSE_A05_Regenerative_Permaculture_Garden_System_Ch08.jpg"
"C:\Users\dstor\lse-repo\LSE_VOLUME_1_FOUNDATIONS_SYSTEMS_SOURCE.html","repo","LSE_VOLUME_1_FOUNDATIONS_SYSTEMS_SOURCE.html","606","assets/user_created_web/UCI_006_Permaculture_Zone_Map.png","C:\Users\dstor\lse-repo\assets\user_created_web\UCI_006_Permaculture_Zone_Map.png","resolved","1","repo","C:\Users\dstor\lse-repo\assets\user_created_web\UCI_006_Permaculture_Zone_Map.png"
"C:\Users\dstor\lse-repo\LSE_VOLUME_1_FOUNDATIONS_SYSTEMS_SOURCE.html","repo","LSE_VOLUME_1_FOUNDATIONS_SYSTEMS_SOURCE.html","641","assets/lse_figures/LSE_B08_Thermal_Compost_Process_Ch09_Ch13.jpg","C:\Users\dstor\lse-repo\assets\lse_figures\LSE_B08_Thermal_Compost_Process_Ch09_Ch13.jpg","resolved","1","repo","C:\Users\dstor\lse-repo\assets\lse_figures\LSE_B08_Thermal_Compost_Process_Ch09_Ch13.jpg"
"C:\Users\dstor\lse-repo\LSE_VOLUME_1_FOUNDATIONS_SYSTEMS_SOURCE.html","repo","LSE_VOLUME_1_FOUNDATIONS_SYSTEMS_SOURCE.html","648","assets/lse_figures/LSE_B09_Compost_Extract_vs_AACT_Ch09_19.jpg","C:\Users\dstor\lse-repo\assets\lse_figures\LSE_B09_Compost_Extract_vs_AACT_Ch09_19.jpg","resolved","1","repo","C:\Users\dstor\lse-repo\assets\lse_figures\LSE_B09_Compost_Extract_vs_AACT_Ch09_19.jpg"
"C:\Users\dstor\lse-repo\LSE_VOLUME_1_FOUNDATIONS_SYSTEMS_SOURCE.html","repo","LSE_VOLUME_1_FOUNDATIONS_SYSTEMS_SOURCE.html","658","assets/lse_figures/LSE_A06_Compost_Microscope_Soil_Food_Web_Workflow_Ch09.png","C:\Users\dstor\lse-repo\assets\lse_figures\LSE_A06_Compost_Microscope_Soil_Food_Web_Workflow_Ch09.png","resolved","1","repo","C:\Users\dstor\lse-repo\assets\lse_figures\LSE_A06_Compost_Microscope_Soil_Food_Web_Workflow_Ch09.png"
"C:\Users\dstor\lse-repo\LSE_VOLUME_1_FOUNDATIONS_SYSTEMS_SOURCE.html","repo","LSE_VOLUME_1_FOUNDATIONS_SYSTEMS_SOURCE.html","688","assets/lse_figures/LSE_B10_Coots_Mix_1_1_1_Triangle_Ch10_23.jpg","C:\Users\dstor\lse-repo\assets\lse_figures\LSE_B10_Coots_Mix_1_1_1_Triangle_Ch10_23.jpg","resolved","1","repo","C:\Users\dstor\lse-repo\assets\lse_figures\LSE_B10_Coots_Mix_1_1_1_Triangle_Ch10_23.jpg"
"C:\Users\dstor\lse-repo\LSE_VOLUME_1_FOUNDATIONS_SYSTEMS_SOURCE.html","repo","LSE_VOLUME_1_FOUNDATIONS_SYSTEMS_SOURCE.html","736","assets/lse_figures/LSE_B11_Plant_Health_Pyramid_Evidence_Boundary_Ch11_Ch41.jpg","C:\Users\dstor\lse-repo\assets\lse_figures\LSE_B11_Plant_Health_Pyramid_Evidence_Boundary_Ch11_Ch41.jpg","resolved","1","repo","C:\Users\dstor\lse-repo\assets\lse_figures\LSE_B11_Plant_Health_Pyramid_Evidence_Boundary_Ch11_Ch41.jpg"
"C:\Users\dstor\lse-repo\LSE_VOLUME_1_FOUNDATIONS_SYSTEMS_SOURCE.html","repo","LSE_VOLUME_1_FOUNDATIONS_SYSTEMS_SOURCE.html","736","assets/lse_figures/LSE_A18_IPM_Pyramid_Scouting_Ch39.jpg","C:\Users\dstor\lse-repo\assets\lse_figures\LSE_A18_IPM_Pyramid_Scouting_Ch39.jpg","resolved","1","repo","C:\Users\dstor\lse-repo\assets\lse_figures\LSE_A18_IPM_Pyramid_Scouting_Ch39.jpg"
"C:\Users\dstor\lse-repo\LSE_VOLUME_1_FOUNDATIONS_SYSTEMS_SOURCE.html","repo","LSE_VOLUME_1_FOUNDATIONS_SYSTEMS_SOURCE.html","747","assets/lse_figures/LSE_B16_Trace_Element_Deficiency_vs_Toxicity_Ch14.jpg","C:\Users\dstor\lse-repo\assets\lse_figures\LSE_B16_Trace_Element_Deficiency_vs_Toxicity_Ch14.jpg","resolved","1","repo","C:\Users\dstor\lse-repo\assets\lse_figures\LSE_B16_Trace_Element_Deficiency_vs_Toxicity_Ch14.jpg"
"C:\Users\dstor\lse-repo\LSE_VOLUME_1_FOUNDATIONS_SYSTEMS_SOURCE.html","repo","LSE_VOLUME_1_FOUNDATIONS_SYSTEMS_SOURCE.html","780","assets/lse_figures/LSE_B12_KNF_IMO_1_4_Workflow_Ch12_Ch19.png","C:\Users\dstor\lse-repo\assets\lse_figures\LSE_B12_KNF_IMO_1_4_Workflow_Ch12_Ch19.png","resolved","1","repo","C:\Users\dstor\lse-repo\assets\lse_figures\LSE_B12_KNF_IMO_1_4_Workflow_Ch12_Ch19.png"
"C:\Users\dstor\lse-repo\LSE_VOLUME_1_FOUNDATIONS_SYSTEMS_SOURCE.html","repo","LSE_VOLUME_1_FOUNDATIONS_SYSTEMS_SOURCE.html","791","assets/lse_figures/LSE_B13_JADAM_Safety_Plate_Ch12_19_41.jpg","C:\Users\dstor\lse-repo\assets\lse_figures\LSE_B13_JADAM_Safety_Plate_Ch12_19_41.jpg","resolved","1","repo","C:\Users\dstor\lse-repo\assets\lse_figures\LSE_B13_JADAM_Safety_Plate_Ch12_19_41.jpg"
"C:\Users\dstor\lse-repo\LSE_VOLUME_1_FOUNDATIONS_SYSTEMS_SOURCE.html","repo","LSE_VOLUME_1_FOUNDATIONS_SYSTEMS_SOURCE.html","850","assets/lse_figures/LSE_E01_North_Texas_Soil_Failure_Modes_Ch20_Ch21_Ch33.jpg","C:\Users\dstor\lse-repo\assets\lse_figures\LSE_E01_North_Texas_Soil_Failure_Modes_Ch20_Ch21_Ch33.jpg","resolved","1","repo","C:\Users\dstor\lse-repo\assets\lse_figures\LSE_E01_North_Texas_Soil_Failure_Modes_Ch20_Ch21_Ch33.jpg"
"C:\Users\dstor\lse-repo\LSE_VOLUME_1_FOUNDATIONS_SYSTEMS_SOURCE.html","repo","LSE_VOLUME_1_FOUNDATIONS_SYSTEMS_SOURCE.html","884","assets/user_created_web/UCI_012_Raised_Bed_Cross_Section_Layers_and_Fill_Strategy.jpg","C:\Users\dstor\lse-repo\assets\user_created_web\UCI_012_Raised_Bed_Cross_Section_Layers_and_Fill_Strategy.jpg","resolved","1","repo","C:\Users\dstor\lse-repo\assets\user_created_web\UCI_012_Raised_Bed_Cross_Section_Layers_and_Fill_Strategy.jpg"
"C:\Users\dstor\lse-repo\LSE_VOLUME_1_FOUNDATIONS_SYSTEMS_SOURCE.html","repo","LSE_VOLUME_1_FOUNDATIONS_SYSTEMS_SOURCE.html","905","assets/B30_068__LSE_FOUND_B29_PRACTICAL_ContainerVegetables_ReservoirSpace_WateringDepth_KathleenMoore_CC-BY-2.0.jpg","C:\Users\dstor\lse-repo\assets\B30_068__LSE_FOUND_B29_PRACTICAL_ContainerVegetables_ReservoirSpace_WateringDepth_KathleenMoore_CC-BY-2.0.jpg","resolved","1","repo","C:\Users\dstor\lse-repo\assets\B30_068__LSE_FOUND_B29_PRACTICAL_ContainerVegetables_ReservoirSpace_WateringDepth_KathleenMoore_CC-BY-2.0.jpg"
"C:\Users\dstor\lse-repo\LSE_VOLUME_1_FOUNDATIONS_SYSTEMS_SOURCE.html","repo","LSE_VOLUME_1_FOUNDATIONS_SYSTEMS_SOURCE.html","906","assets/B30_067__LSE_FOUND_B29_ABIOTIC_ContainerHerbs_SaltBuildup_WhiteSaltCrust_DianeMays_CC-BY-2.0.jpg","C:\Users\dstor\lse-repo\assets\B30_067__LSE_FOUND_B29_ABIOTIC_ContainerHerbs_SaltBuildup_WhiteSaltCrust_DianeMays_CC-BY-2.0.jpg","resolved","1","repo","C:\Users\dstor\lse-repo\assets\B30_067__LSE_FOUND_B29_ABIOTIC_ContainerHerbs_SaltBuildup_WhiteSaltCrust_DianeMays_CC-BY-2.0.jpg"
"C:\Users\dstor\lse-repo\LSE_VOLUME_1_FOUNDATIONS_SYSTEMS_SOURCE.html","repo","LSE_VOLUME_1_FOUNDATIONS_SYSTEMS_SOURCE.html","907","assets/B30_069__LSE_FOUND_B29_PRACTICAL_SmallSpaceVegetables_OutdoorRailingContainers_LucyBradley_CC-BY-2.0.jpg","C:\Users\dstor\lse-repo\assets\B30_069__LSE_FOUND_B29_PRACTICAL_SmallSpaceVegetables_OutdoorRailingContainers_LucyBradley_CC-BY-2.0.jpg","resolved","1","repo","C:\Users\dstor\lse-repo\assets\B30_069__LSE_FOUND_B29_PRACTICAL_SmallSpaceVegetables_OutdoorRailingContainers_LucyBradley_CC-BY-2.0.jpg"
"C:\Users\dstor\lse-repo\LSE_VOLUME_1_FOUNDATIONS_SYSTEMS_SOURCE.html","repo","LSE_VOLUME_1_FOUNDATIONS_SYSTEMS_SOURCE.html","908","assets/B30_005__LSE_FOUND_B26_ROOTS_Container_Rootbound_CirclingRoots_B137_CC0.jpg","C:\Users\dstor\lse-repo\assets\B30_005__LSE_FOUND_B26_ROOTS_Container_Rootbound_CirclingRoots_B137_CC0.jpg","resolved","1","repo","C:\Users\dstor\lse-repo\assets\B30_005__LSE_FOUND_B26_ROOTS_Container_Rootbound_CirclingRoots_B137_CC0.jpg"
"C:\Users\dstor\lse-repo\LSE_VOLUME_1_FOUNDATIONS_SYSTEMS_SOURCE.html","repo","LSE_VOLUME_1_FOUNDATIONS_SYSTEMS_SOURCE.html","913","assets/lse_figures/LSE_A12_Living_Soil_Container_Cross_Section_Ch22.jpg","C:\Users\dstor\lse-repo\assets\lse_figures\LSE_A12_Living_Soil_Container_Cross_Section_Ch22.jpg","resolved","1","repo","C:\Users\dstor\lse-repo\assets\lse_figures\LSE_A12_Living_Soil_Container_Cross_Section_Ch22.jpg"
"C:\Users\dstor\lse-repo\LSE_VOLUME_1_FOUNDATIONS_SYSTEMS_SOURCE.html","repo","LSE_VOLUME_1_FOUNDATIONS_SYSTEMS_SOURCE.html","913","assets/lse_figures/LSE_E06_Container_Drainage_Myth_Rocks_At_The_Bottom_Ch22_Ch31.jpg","C:\Users\dstor\lse-repo\assets\lse_figures\LSE_E06_Container_Drainage_Myth_Rocks_At_The_Bottom_Ch22_Ch31.jpg","resolved","1","repo","C:\Users\dstor\lse-repo\assets\lse_figures\LSE_E06_Container_Drainage_Myth_Rocks_At_The_Bottom_Ch22_Ch31.jpg"
"C:\Users\dstor\lse-repo\LSE_VOLUME_1_FOUNDATIONS_SYSTEMS_SOURCE.html","repo","LSE_VOLUME_1_FOUNDATIONS_SYSTEMS_SOURCE.html","940","assets/lse_figures/LSE_B21_Soil_Recipe_Matrix_By_Crop_Type_Ch23.png","C:\Users\dstor\lse-repo\assets\lse_figures\LSE_B21_Soil_Recipe_Matrix_By_Crop_Type_Ch23.png","resolved","1","repo","C:\Users\dstor\lse-repo\assets\lse_figures\LSE_B21_Soil_Recipe_Matrix_By_Crop_Type_Ch23.png"
"C:\Users\dstor\lse-repo\LSE_VOLUME_1_FOUNDATIONS_SYSTEMS_SOURCE.html","repo","LSE_VOLUME_1_FOUNDATIONS_SYSTEMS_SOURCE.html","1003","assets/user_created_web/UCI_014_No_Till_Top_Dressing_Cycle.jpg","C:\Users\dstor\lse-repo\assets\user_created_web\UCI_014_No_Till_Top_Dressing_Cycle.jpg","resolved","1","repo","C:\Users\dstor\lse-repo\assets\user_created_web\UCI_014_No_Till_Top_Dressing_Cycle.jpg"
"C:\Users\dstor\lse-repo\LSE_VOLUME_1_FOUNDATIONS_SYSTEMS_SOURCE.html","repo","LSE_VOLUME_1_FOUNDATIONS_SYSTEMS_SOURCE.html","1005","assets/lse_figures/LSE_B22_Top_Dress_Layer_Cake_Ch24.jpg","C:\Users\dstor\lse-repo\assets\lse_figures\LSE_B22_Top_Dress_Layer_Cake_Ch24.jpg","resolved","1","repo","C:\Users\dstor\lse-repo\assets\lse_figures\LSE_B22_Top_Dress_Layer_Cake_Ch24.jpg"
"C:\Users\dstor\lse-repo\LSE_VOLUME_1_FOUNDATIONS_SYSTEMS_SOURCE.html","repo","LSE_VOLUME_1_FOUNDATIONS_SYSTEMS_SOURCE.html","1029","assets/lse_figures/LSE_A13_Cover_Crop_Function_Root_Architecture_Plate_Ch25.jpg","C:\Users\dstor\lse-repo\assets\lse_figures\LSE_A13_Cover_Crop_Function_Root_Architecture_Plate_Ch25.jpg","resolved","1","repo","C:\Users\dstor\lse-repo\assets\lse_figures\LSE_A13_Cover_Crop_Function_Root_Architecture_Plate_Ch25.jpg"
"C:\Users\dstor\lse-repo\LSE_VOLUME_1_FOUNDATIONS_SYSTEMS_SOURCE.html","repo","LSE_VOLUME_1_FOUNDATIONS_SYSTEMS_SOURCE.html","1035","assets/lse_figures/LSE_B23_Cover_Crop_Selector_North_Texas_Ch25.png","C:\Users\dstor\lse-repo\assets\lse_figures\LSE_B23_Cover_Crop_Selector_North_Texas_Ch25.png","resolved","1","repo","C:\Users\dstor\lse-repo\assets\lse_figures\LSE_B23_Cover_Crop_Selector_North_Texas_Ch25.png"
"C:\Users\dstor\lse-repo\LSE_VOLUME_1_FOUNDATIONS_SYSTEMS_SOURCE.html","repo","LSE_VOLUME_1_FOUNDATIONS_SYSTEMS_SOURCE.html","1046","assets/lse_figures/LSE_C20_Cover_Crop_Termination_Methods_Small_Beds_Ch25.jpg","C:\Users\dstor\lse-repo\assets\lse_figures\LSE_C20_Cover_Crop_Termination_Methods_Small_Beds_Ch25.jpg","resolved","1","repo","C:\Users\dstor\lse-repo\assets\lse_figures\LSE_C20_Cover_Crop_Termination_Methods_Small_Beds_Ch25.jpg"
"C:\Users\dstor\lse-repo\LSE_VOLUME_1_FOUNDATIONS_SYSTEMS_SOURCE.html","repo","LSE_VOLUME_1_FOUNDATIONS_SYSTEMS_SOURCE.html","1051","assets/lse_figures/LSE_E09_Cover_Crop_Failure_Modes_Small_Beds_Ch25.jpg","C:\Users\dstor\lse-repo\assets\lse_figures\LSE_E09_Cover_Crop_Failure_Modes_Small_Beds_Ch25.jpg","resolved","1","repo","C:\Users\dstor\lse-repo\assets\lse_figures\LSE_E09_Cover_Crop_Failure_Modes_Small_Beds_Ch25.jpg"
"C:\Users\dstor\lse-repo\LSE_VOLUME_1_FOUNDATIONS_SYSTEMS_SOURCE.html","repo","LSE_VOLUME_1_FOUNDATIONS_SYSTEMS_SOURCE.html","1083","assets/user_created_web/UCI_022_Irrigation_Systems_Comparison.png","C:\Users\dstor\lse-repo\assets\user_created_web\UCI_022_Irrigation_Systems_Comparison.png","resolved","1","repo","C:\Users\dstor\lse-repo\assets\user_created_web\UCI_022_Irrigation_Systems_Comparison.png"
"C:\Users\dstor\lse-repo\LSE_VOLUME_1_FOUNDATIONS_SYSTEMS_SOURCE.html","repo","LSE_VOLUME_1_FOUNDATIONS_SYSTEMS_SOURCE.html","1084","assets/B30_009__LSE_FOUND_B26_WATER_DripIrrigation_WettingPattern_PeggyGreb_USDA-PD.jpg","C:\Users\dstor\lse-repo\assets\B30_009__LSE_FOUND_B26_WATER_DripIrrigation_WettingPattern_PeggyGreb_USDA-PD.jpg","resolved","1","repo","C:\Users\dstor\lse-repo\assets\B30_009__LSE_FOUND_B26_WATER_DripIrrigation_WettingPattern_PeggyGreb_USDA-PD.jpg"
"C:\Users\dstor\lse-repo\LSE_VOLUME_1_FOUNDATIONS_SYSTEMS_SOURCE.html","repo","LSE_VOLUME_1_FOUNDATIONS_SYSTEMS_SOURCE.html","1085","assets/B30_080__LSE_FOUND_B29_HOLD_ROOTS_Basil_RhizoctoniaRootRot_DarkRoots_MSU_PERMISSION.jpg","C:\Users\dstor\lse-repo\assets\B30_080__LSE_FOUND_B29_HOLD_ROOTS_Basil_RhizoctoniaRootRot_DarkRoots_MSU_PERMISSION.jpg","resolved","1","repo","C:\Users\dstor\lse-repo\assets\B30_080__LSE_FOUND_B29_HOLD_ROOTS_Basil_RhizoctoniaRootRot_DarkRoots_MSU_PERMISSION.jpg"
"C:\Users\dstor\lse-repo\LSE_VOLUME_1_FOUNDATIONS_SYSTEMS_SOURCE.html","repo","LSE_VOLUME_1_FOUNDATIONS_SYSTEMS_SOURCE.html","1086","assets/B30_081__LSE_FOUND_B29_HOLD_ROOTS_Strawberry_BlackRootRot_HealthyVsDiseased_NCSU_PERMISSION.jpg","C:\Users\dstor\lse-repo\assets\B30_081__LSE_FOUND_B29_HOLD_ROOTS_Strawberry_BlackRootRot_HealthyVsDiseased_NCSU_PERMISSION.jpg","resolved","1","repo","C:\Users\dstor\lse-repo\assets\B30_081__LSE_FOUND_B29_HOLD_ROOTS_Strawberry_BlackRootRot_HealthyVsDiseased_NCSU_PERMISSION.jpg"
"C:\Users\dstor\lse-repo\LSE_VOLUME_1_FOUNDATIONS_SYSTEMS_SOURCE.html","repo","LSE_VOLUME_1_FOUNDATIONS_SYSTEMS_SOURCE.html","1090","assets/user_created_web/UCI_018_Comparing_Irrigation_Systems_for_Home_Gardens.jpg","C:\Users\dstor\lse-repo\assets\user_created_web\UCI_018_Comparing_Irrigation_Systems_for_Home_Gardens.jpg","resolved","1","repo","C:\Users\dstor\lse-repo\assets\user_created_web\UCI_018_Comparing_Irrigation_Systems_for_Home_Gardens.jpg"
"C:\Users\dstor\lse-repo\LSE_VOLUME_1_FOUNDATIONS_SYSTEMS_SOURCE.html","repo","LSE_VOLUME_1_FOUNDATIONS_SYSTEMS_SOURCE.html","1092","assets/lse_figures/LSE_B30_Irrigation_Systems_Compared_Ch34.jpg","C:\Users\dstor\lse-repo\assets\lse_figures\LSE_B30_Irrigation_Systems_Compared_Ch34.jpg","resolved","1","repo","C:\Users\dstor\lse-repo\assets\lse_figures\LSE_B30_Irrigation_Systems_Compared_Ch34.jpg"
"C:\Users\dstor\lse-repo\LSE_VOLUME_1_FOUNDATIONS_SYSTEMS_SOURCE.html","repo","LSE_VOLUME_1_FOUNDATIONS_SYSTEMS_SOURCE.html","1097","assets/lse_figures/LSE_C05_Irrigation_Maintenance_Checklist_Ch34_35_49.png","C:\Users\dstor\lse-repo\assets\lse_figures\LSE_C05_Irrigation_Maintenance_Checklist_Ch34_35_49.png","resolved","1","repo","C:\Users\dstor\lse-repo\assets\lse_figures\LSE_C05_Irrigation_Maintenance_Checklist_Ch34_35_49.png"
"C:\Users\dstor\lse-repo\LSE_VOLUME_1_FOUNDATIONS_SYSTEMS_SOURCE.html","repo","LSE_VOLUME_1_FOUNDATIONS_SYSTEMS_SOURCE.html","1157","assets/user_created_web/UCI_024_Rainwater_Harvesting_System_Home_Scale.jpg","C:\Users\dstor\lse-repo\assets\user_created_web\UCI_024_Rainwater_Harvesting_System_Home_Scale.jpg","resolved","1","repo","C:\Users\dstor\lse-repo\assets\user_created_web\UCI_024_Rainwater_Harvesting_System_Home_Scale.jpg"
"C:\Users\dstor\lse-repo\LSE_VOLUME_1_FOUNDATIONS_SYSTEMS_SOURCE.html","repo","LSE_VOLUME_1_FOUNDATIONS_SYSTEMS_SOURCE.html","1168","assets/B30_074__LSE_FOUND_B29_PRACTICAL_HighTunnel_Vegetables_RollUpVentilation_KathleenMoore_CC-BY-2.0.jpg","C:\Users\dstor\lse-repo\assets\B30_074__LSE_FOUND_B29_PRACTICAL_HighTunnel_Vegetables_RollUpVentilation_KathleenMoore_CC-BY-2.0.jpg","resolved","1","repo","C:\Users\dstor\lse-repo\assets\B30_074__LSE_FOUND_B29_PRACTICAL_HighTunnel_Vegetables_RollUpVentilation_KathleenMoore_CC-BY-2.0.jpg"
"C:\Users\dstor\lse-repo\LSE_VOLUME_1_FOUNDATIONS_SYSTEMS_SOURCE.html","repo","LSE_VOLUME_1_FOUNDATIONS_SYSTEMS_SOURCE.html","1169","assets/B30_075__LSE_FOUND_B29_PRACTICAL_HerbsLettuce_ColdFrame_OpenLid_ChrisAlberti_CC-BY-2.0.jpg","C:\Users\dstor\lse-repo\assets\B30_075__LSE_FOUND_B29_PRACTICAL_HerbsLettuce_ColdFrame_OpenLid_ChrisAlberti_CC-BY-2.0.jpg","resolved","1","repo","C:\Users\dstor\lse-repo\assets\B30_075__LSE_FOUND_B29_PRACTICAL_HerbsLettuce_ColdFrame_OpenLid_ChrisAlberti_CC-BY-2.0.jpg"
"C:\Users\dstor\lse-repo\LSE_VOLUME_1_FOUNDATIONS_SYSTEMS_SOURCE.html","repo","LSE_VOLUME_1_FOUNDATIONS_SYSTEMS_SOURCE.html","1174","assets/lse_figures/LSE_A17_Hoop_House_Season_Extension_Setup_Ch36.jpg","C:\Users\dstor\lse-repo\assets\lse_figures\LSE_A17_Hoop_House_Season_Extension_Setup_Ch36.jpg","resolved","1","repo","C:\Users\dstor\lse-repo\assets\lse_figures\LSE_A17_Hoop_House_Season_Extension_Setup_Ch36.jpg"
"C:\Users\dstor\lse-repo\LSE_VOLUME_1_FOUNDATIONS_SYSTEMS_SOURCE.html","repo","LSE_VOLUME_1_FOUNDATIONS_SYSTEMS_SOURCE.html","1178","assets/lse_figures/LSE_E14_Hoop_House_Spring_Rain_vs_Summer_Heat_Ch36.jpg","C:\Users\dstor\lse-repo\assets\lse_figures\LSE_E14_Hoop_House_Spring_Rain_vs_Summer_Heat_Ch36.jpg","resolved","1","repo","C:\Users\dstor\lse-repo\assets\lse_figures\LSE_E14_Hoop_House_Spring_Rain_vs_Summer_Heat_Ch36.jpg"
"C:\Users\dstor\lse-repo\LSE_VOLUME_1_FOUNDATIONS_SYSTEMS_SOURCE.html","repo","LSE_VOLUME_1_FOUNDATIONS_SYSTEMS_SOURCE.html","1192","assets/lse_figures/LSE_E16_Light_Metrics_PPFD_DLI_Concept_Ch37.jpg","C:\Users\dstor\lse-repo\assets\lse_figures\LSE_E16_Light_Metrics_PPFD_DLI_Concept_Ch37.jpg","resolved","1","repo","C:\Users\dstor\lse-repo\assets\lse_figures\LSE_E16_Light_Metrics_PPFD_DLI_Concept_Ch37.jpg"
"C:\Users\dstor\lse-repo\LSE_VOLUME_1_FOUNDATIONS_SYSTEMS_SOURCE.html","repo","LSE_VOLUME_1_FOUNDATIONS_SYSTEMS_SOURCE.html","1209","assets/lse_figures/LSE_C02_Seed_Starting_Hardening_Off_Workflow_Ch49.png","C:\Users\dstor\lse-repo\assets\lse_figures\LSE_C02_Seed_Starting_Hardening_Off_Workflow_Ch49.png","resolved","1","repo","C:\Users\dstor\lse-repo\assets\lse_figures\LSE_C02_Seed_Starting_Hardening_Off_Workflow_Ch49.png"
"C:\Users\dstor\lse-repo\LSE_VOLUME_1_FOUNDATIONS_SYSTEMS_SOURCE.html","repo","LSE_VOLUME_1_FOUNDATIONS_SYSTEMS_SOURCE.html","1232","assets/lse_figures/LSE_B32_Tool_Sanitation_Workflow_Ch38_49.png","C:\Users\dstor\lse-repo\assets\lse_figures\LSE_B32_Tool_Sanitation_Workflow_Ch38_49.png","resolved","1","repo","C:\Users\dstor\lse-repo\assets\lse_figures\LSE_B32_Tool_Sanitation_Workflow_Ch38_49.png"
"C:\Users\dstor\lse-repo\LSE_VOLUME_1_FOUNDATIONS_SYSTEMS_SOURCE.html","repo","LSE_VOLUME_1_FOUNDATIONS_SYSTEMS_SOURCE.html","1251","assets/B30_049__LSE_FOUND_B28_SOIL_DroughtDrySoil_CrackingScale_VladislavNekrasov_CC-BY-4.0.jpg","C:\Users\dstor\lse-repo\assets\B30_049__LSE_FOUND_B28_SOIL_DroughtDrySoil_CrackingScale_VladislavNekrasov_CC-BY-4.0.jpg","resolved","1","repo","C:\Users\dstor\lse-repo\assets\B30_049__LSE_FOUND_B28_SOIL_DroughtDrySoil_CrackingScale_VladislavNekrasov_CC-BY-4.0.jpg"
"C:\Users\dstor\lse-repo\LSE_VOLUME_1_FOUNDATIONS_SYSTEMS_SOURCE.html","repo","LSE_VOLUME_1_FOUNDATIONS_SYSTEMS_SOURCE.html","1251","assets/B30_008__LSE_FOUND_B26_SOIL_AggregateStability_SlakeComparison_LanceCheung_USDA-PD.jpg","C:\Users\dstor\lse-repo\assets\B30_008__LSE_FOUND_B26_SOIL_AggregateStability_SlakeComparison_LanceCheung_USDA-PD.jpg","resolved","1","repo","C:\Users\dstor\lse-repo\assets\B30_008__LSE_FOUND_B26_SOIL_AggregateStability_SlakeComparison_LanceCheung_USDA-PD.jpg"
"C:\Users\dstor\lse-repo\LSE_VOLUME_1_FOUNDATIONS_SYSTEMS_SOURCE.html","repo","LSE_VOLUME_1_FOUNDATIONS_SYSTEMS_SOURCE.html","1316","assets/user_created_web/UCI_021_Refractometer_Use_Protocol.png","C:\Users\dstor\lse-repo\assets\user_created_web\UCI_021_Refractometer_Use_Protocol.png","resolved","1","repo","C:\Users\dstor\lse-repo\assets\user_created_web\UCI_021_Refractometer_Use_Protocol.png"
"C:\Users\dstor\lse-repo\LSE_VOLUME_3_CROPS_IPM_DIAGNOSTICS_SOURCE.html","repo","LSE_VOLUME_3_CROPS_IPM_DIAGNOSTICS_SOURCE.html","49","assets/lse_figures/LSE_B24_Companion_Planting_Mechanism_vs_Folklore_Ch26.jpg","C:\Users\dstor\lse-repo\assets\lse_figures\LSE_B24_Companion_Planting_Mechanism_vs_Folklore_Ch26.jpg","resolved","1","repo","C:\Users\dstor\lse-repo\assets\lse_figures\LSE_B24_Companion_Planting_Mechanism_vs_Folklore_Ch26.jpg"
"C:\Users\dstor\lse-repo\LSE_VOLUME_3_CROPS_IPM_DIAGNOSTICS_SOURCE.html","repo","LSE_VOLUME_3_CROPS_IPM_DIAGNOSTICS_SOURCE.html","55","assets/lse_figures/LSE_E12_Trap_Crop_Decision_Nasturtium_Aphids_Ch26_Ch28_Ch39.jpg","C:\Users\dstor\lse-repo\assets\lse_figures\LSE_E12_Trap_Crop_Decision_Nasturtium_Aphids_Ch26_Ch28_Ch39.jpg","resolved","1","repo","C:\Users\dstor\lse-repo\assets\lse_figures\LSE_E12_Trap_Crop_Decision_Nasturtium_Aphids_Ch26_Ch28_Ch39.jpg"
"C:\Users\dstor\lse-repo\LSE_VOLUME_3_CROPS_IPM_DIAGNOSTICS_SOURCE.html","repo","LSE_VOLUME_3_CROPS_IPM_DIAGNOSTICS_SOURCE.html","67","assets/user_created_web/UCI_015_Three_Sisters_Guild.jpg","C:\Users\dstor\lse-repo\assets\user_created_web\UCI_015_Three_Sisters_Guild.jpg","resolved","1","repo","C:\Users\dstor\lse-repo\assets\user_created_web\UCI_015_Three_Sisters_Guild.jpg"
"C:\Users\dstor\lse-repo\LSE_VOLUME_3_CROPS_IPM_DIAGNOSTICS_SOURCE.html","repo","LSE_VOLUME_3_CROPS_IPM_DIAGNOSTICS_SOURCE.html","68","assets/user_created_web/UCI_016_Polyculture_Guild_Design.jpg","C:\Users\dstor\lse-repo\assets\user_created_web\UCI_016_Polyculture_Guild_Design.jpg","resolved","1","repo","C:\Users\dstor\lse-repo\assets\user_created_web\UCI_016_Polyculture_Guild_Design.jpg"
"C:\Users\dstor\lse-repo\LSE_VOLUME_3_CROPS_IPM_DIAGNOSTICS_SOURCE.html","repo","LSE_VOLUME_3_CROPS_IPM_DIAGNOSTICS_SOURCE.html","72","assets/lse_figures/LSE_B25_Seven_Layer_Guild_Design_Texas_Peach_Ch27.jpg","C:\Users\dstor\lse-repo\assets\lse_figures\LSE_B25_Seven_Layer_Guild_Design_Texas_Peach_Ch27.jpg","resolved","1","repo","C:\Users\dstor\lse-repo\assets\lse_figures\LSE_B25_Seven_Layer_Guild_Design_Texas_Peach_Ch27.jpg"
"C:\Users\dstor\lse-repo\LSE_VOLUME_3_CROPS_IPM_DIAGNOSTICS_SOURCE.html","repo","LSE_VOLUME_3_CROPS_IPM_DIAGNOSTICS_SOURCE.html","97","assets/lse_figures/LSE_A14_Insectary_Pollinator_Guild_Ch28.jpg","C:\Users\dstor\lse-repo\assets\lse_figures\LSE_A14_Insectary_Pollinator_Guild_Ch28.jpg","resolved","1","repo","C:\Users\dstor\lse-repo\assets\lse_figures\LSE_A14_Insectary_Pollinator_Guild_Ch28.jpg"
"C:\Users\dstor\lse-repo\LSE_VOLUME_3_CROPS_IPM_DIAGNOSTICS_SOURCE.html","repo","LSE_VOLUME_3_CROPS_IPM_DIAGNOSTICS_SOURCE.html","97","assets/lse_figures/LSE_E07_Living_Mulch_Insectary_Strip_Boundary_Ch28.jpg","C:\Users\dstor\lse-repo\assets\lse_figures\LSE_E07_Living_Mulch_Insectary_Strip_Boundary_Ch28.jpg","resolved","1","repo","C:\Users\dstor\lse-repo\assets\lse_figures\LSE_E07_Living_Mulch_Insectary_Strip_Boundary_Ch28.jpg"
"C:\Users\dstor\lse-repo\LSE_VOLUME_3_CROPS_IPM_DIAGNOSTICS_SOURCE.html","repo","LSE_VOLUME_3_CROPS_IPM_DIAGNOSTICS_SOURCE.html","99","assets/lse_figures/LSE_B26_Flower_Architecture_For_Beneficial_Insects_Ch28_40.jpg","C:\Users\dstor\lse-repo\assets\lse_figures\LSE_B26_Flower_Architecture_For_Beneficial_Insects_Ch28_40.jpg","resolved","1","repo","C:\Users\dstor\lse-repo\assets\lse_figures\LSE_B26_Flower_Architecture_For_Beneficial_Insects_Ch28_40.jpg"
"C:\Users\dstor\lse-repo\LSE_VOLUME_3_CROPS_IPM_DIAGNOSTICS_SOURCE.html","repo","LSE_VOLUME_3_CROPS_IPM_DIAGNOSTICS_SOURCE.html","103","assets/lse_figures/LSE_E10_Pollinator_Safe_Spray_Timing_Ch28_39_41.jpg","C:\Users\dstor\lse-repo\assets\lse_figures\LSE_E10_Pollinator_Safe_Spray_Timing_Ch28_39_41.jpg","resolved","1","repo","C:\Users\dstor\lse-repo\assets\lse_figures\LSE_E10_Pollinator_Safe_Spray_Timing_Ch28_39_41.jpg"
"C:\Users\dstor\lse-repo\LSE_VOLUME_3_CROPS_IPM_DIAGNOSTICS_SOURCE.html","repo","LSE_VOLUME_3_CROPS_IPM_DIAGNOSTICS_SOURCE.html","105","assets/user_created_web/UCI_013_Beneficial_Insectary_Bloom_Calendar.png","C:\Users\dstor\lse-repo\assets\user_created_web\UCI_013_Beneficial_Insectary_Bloom_Calendar.png","resolved","1","repo","C:\Users\dstor\lse-repo\assets\user_created_web\UCI_013_Beneficial_Insectary_Bloom_Calendar.png"
"C:\Users\dstor\lse-repo\LSE_VOLUME_3_CROPS_IPM_DIAGNOSTICS_SOURCE.html","repo","LSE_VOLUME_3_CROPS_IPM_DIAGNOSTICS_SOURCE.html","115","assets/lse_figures/LSE_E11_North_Texas_Insectary_Bloom_Succession_Calendar_Ch28_40.png","C:\Users\dstor\lse-repo\assets\lse_figures\LSE_E11_North_Texas_Insectary_Bloom_Succession_Calendar_Ch28_40.png","resolved","1","repo","C:\Users\dstor\lse-repo\assets\lse_figures\LSE_E11_North_Texas_Insectary_Bloom_Succession_Calendar_Ch28_40.png"
"C:\Users\dstor\lse-repo\LSE_VOLUME_3_CROPS_IPM_DIAGNOSTICS_SOURCE.html","repo","LSE_VOLUME_3_CROPS_IPM_DIAGNOSTICS_SOURCE.html","126","assets/lse_figures/LSE_A15_Crop_Family_Rotation_Map_Ch29.png","C:\Users\dstor\lse-repo\assets\lse_figures\LSE_A15_Crop_Family_Rotation_Map_Ch29.png","resolved","1","repo","C:\Users\dstor\lse-repo\assets\lse_figures\LSE_A15_Crop_Family_Rotation_Map_Ch29.png"
"C:\Users\dstor\lse-repo\LSE_VOLUME_3_CROPS_IPM_DIAGNOSTICS_SOURCE.html","repo","LSE_VOLUME_3_CROPS_IPM_DIAGNOSTICS_SOURCE.html","134","assets/lse_figures/LSE_B28_North_Texas_Bed_Pivot_Calendar_Ch25_Ch29_Ch30.png","C:\Users\dstor\lse-repo\assets\lse_figures\LSE_B28_North_Texas_Bed_Pivot_Calendar_Ch25_Ch29_Ch30.png","resolved","1","repo","C:\Users\dstor\lse-repo\assets\lse_figures\LSE_B28_North_Texas_Bed_Pivot_Calendar_Ch25_Ch29_Ch30.png"
"C:\Users\dstor\lse-repo\LSE_VOLUME_3_CROPS_IPM_DIAGNOSTICS_SOURCE.html","repo","LSE_VOLUME_3_CROPS_IPM_DIAGNOSTICS_SOURCE.html","138","assets/lse_figures/LSE_C08_Crop_Planning_Succession_Board_Ch29_49.jpg","C:\Users\dstor\lse-repo\assets\lse_figures\LSE_C08_Crop_Planning_Succession_Board_Ch29_49.jpg","resolved","1","repo","C:\Users\dstor\lse-repo\assets\lse_figures\LSE_C08_Crop_Planning_Succession_Board_Ch29_49.jpg"
"C:\Users\dstor\lse-repo\LSE_VOLUME_3_CROPS_IPM_DIAGNOSTICS_SOURCE.html","repo","LSE_VOLUME_3_CROPS_IPM_DIAGNOSTICS_SOURCE.html","145","assets/lse_figures/LSE_D13_Squash_Vine_Borer_Scouting_Plate_Ch30_39.jpg","C:\Users\dstor\lse-repo\assets\lse_figures\LSE_D13_Squash_Vine_Borer_Scouting_Plate_Ch30_39.jpg","resolved","1","repo","C:\Users\dstor\lse-repo\assets\lse_figures\LSE_D13_Squash_Vine_Borer_Scouting_Plate_Ch30_39.jpg"
"C:\Users\dstor\lse-repo\LSE_VOLUME_3_CROPS_IPM_DIAGNOSTICS_SOURCE.html","repo","LSE_VOLUME_3_CROPS_IPM_DIAGNOSTICS_SOURCE.html","151","assets/lse_figures/LSE_D14_Cucumber_Beetle_Bacterial_Wilt_Vector_Diagram_Ch30_Ch39_Ch42.jpg","C:\Users\dstor\lse-repo\assets\lse_figures\LSE_D14_Cucumber_Beetle_Bacterial_Wilt_Vector_Diagram_Ch30_Ch39_Ch42.jpg","resolved","1","repo","C:\Users\dstor\lse-repo\assets\lse_figures\LSE_D14_Cucumber_Beetle_Bacterial_Wilt_Vector_Diagram_Ch30_Ch39_Ch42.jpg"
"C:\Users\dstor\lse-repo\LSE_VOLUME_3_CROPS_IPM_DIAGNOSTICS_SOURCE.html","repo","LSE_VOLUME_3_CROPS_IPM_DIAGNOSTICS_SOURCE.html","151","assets/lse_figures/LSE_D17_Okra_Pod_Injury_Hidden_Pest_Damage_Ch30.jpg","C:\Users\dstor\lse-repo\assets\lse_figures\LSE_D17_Okra_Pod_Injury_Hidden_Pest_Damage_Ch30.jpg","resolved","1","repo","C:\Users\dstor\lse-repo\assets\lse_figures\LSE_D17_Okra_Pod_Injury_Hidden_Pest_Damage_Ch30.jpg"
"C:\Users\dstor\lse-repo\LSE_VOLUME_3_CROPS_IPM_DIAGNOSTICS_SOURCE.html","repo","LSE_VOLUME_3_CROPS_IPM_DIAGNOSTICS_SOURCE.html","161","assets/lse_figures/LSE_E03_Row_Cover_Low_Tunnel_Timing_Plate_Ch30_36_39.jpg","C:\Users\dstor\lse-repo\assets\lse_figures\LSE_E03_Row_Cover_Low_Tunnel_Timing_Plate_Ch30_36_39.jpg","resolved","1","repo","C:\Users\dstor\lse-repo\assets\lse_figures\LSE_E03_Row_Cover_Low_Tunnel_Timing_Plate_Ch30_36_39.jpg"
"C:\Users\dstor\lse-repo\LSE_VOLUME_3_CROPS_IPM_DIAGNOSTICS_SOURCE.html","repo","LSE_VOLUME_3_CROPS_IPM_DIAGNOSTICS_SOURCE.html","168","assets/lse_figures/LSE_B29_Herb_Grouping_Matrix_Ch31.png","C:\Users\dstor\lse-repo\assets\lse_figures\LSE_B29_Herb_Grouping_Matrix_Ch31.png","resolved","1","repo","C:\Users\dstor\lse-repo\assets\lse_figures\LSE_B29_Herb_Grouping_Matrix_Ch31.png"
"C:\Users\dstor\lse-repo\LSE_VOLUME_3_CROPS_IPM_DIAGNOSTICS_SOURCE.html","repo","LSE_VOLUME_3_CROPS_IPM_DIAGNOSTICS_SOURCE.html","174","assets/lse_figures/LSE_C17_Basil_Pruning_Downy_Mildew_Scouting_Ch31_42.jpg","C:\Users\dstor\lse-repo\assets\lse_figures\LSE_C17_Basil_Pruning_Downy_Mildew_Scouting_Ch31_42.jpg","resolved","1","repo","C:\Users\dstor\lse-repo\assets\lse_figures\LSE_C17_Basil_Pruning_Downy_Mildew_Scouting_Ch31_42.jpg"
"C:\Users\dstor\lse-repo\LSE_VOLUME_3_CROPS_IPM_DIAGNOSTICS_SOURCE.html","repo","LSE_VOLUME_3_CROPS_IPM_DIAGNOSTICS_SOURCE.html","181","assets/lse_figures/LSE_C19_Woody_Herb_Harvest_Limits_Ch31.jpg","C:\Users\dstor\lse-repo\assets\lse_figures\LSE_C19_Woody_Herb_Harvest_Limits_Ch31.jpg","resolved","1","repo","C:\Users\dstor\lse-repo\assets\lse_figures\LSE_C19_Woody_Herb_Harvest_Limits_Ch31.jpg"
"C:\Users\dstor\lse-repo\LSE_VOLUME_3_CROPS_IPM_DIAGNOSTICS_SOURCE.html","repo","LSE_VOLUME_3_CROPS_IPM_DIAGNOSTICS_SOURCE.html","181","assets/lse_figures/LSE_D20_Basil_Downy_Mildew_vs_Nutrient_Yellowing_Ch31_42.jpg","C:\Users\dstor\lse-repo\assets\lse_figures\LSE_D20_Basil_Downy_Mildew_vs_Nutrient_Yellowing_Ch31_42.jpg","resolved","1","repo","C:\Users\dstor\lse-repo\assets\lse_figures\LSE_D20_Basil_Downy_Mildew_vs_Nutrient_Yellowing_Ch31_42.jpg"
"C:\Users\dstor\lse-repo\LSE_VOLUME_3_CROPS_IPM_DIAGNOSTICS_SOURCE.html","repo","LSE_VOLUME_3_CROPS_IPM_DIAGNOSTICS_SOURCE.html","183","assets/lse_figures/LSE_C16_Herb_Barrel_Setup_Sequence_Ch31.jpg","C:\Users\dstor\lse-repo\assets\lse_figures\LSE_C16_Herb_Barrel_Setup_Sequence_Ch31.jpg","resolved","1","repo","C:\Users\dstor\lse-repo\assets\lse_figures\LSE_C16_Herb_Barrel_Setup_Sequence_Ch31.jpg"
"C:\Users\dstor\lse-repo\LSE_VOLUME_3_CROPS_IPM_DIAGNOSTICS_SOURCE.html","repo","LSE_VOLUME_3_CROPS_IPM_DIAGNOSTICS_SOURCE.html","186","assets/lse_figures/LSE_C18_Cilantro_Dill_Cool_Season_Succession_Ch31.jpg","C:\Users\dstor\lse-repo\assets\lse_figures\LSE_C18_Cilantro_Dill_Cool_Season_Succession_Ch31.jpg","resolved","1","repo","C:\Users\dstor\lse-repo\assets\lse_figures\LSE_C18_Cilantro_Dill_Cool_Season_Succession_Ch31.jpg"
"C:\Users\dstor\lse-repo\LSE_VOLUME_3_CROPS_IPM_DIAGNOSTICS_SOURCE.html","repo","LSE_VOLUME_3_CROPS_IPM_DIAGNOSTICS_SOURCE.html","186","assets/lse_figures/LSE_E05_Barrel_Herb_Garden_Cross_Section_Ch31.jpg","C:\Users\dstor\lse-repo\assets\lse_figures\LSE_E05_Barrel_Herb_Garden_Cross_Section_Ch31.jpg","resolved","1","repo","C:\Users\dstor\lse-repo\assets\lse_figures\LSE_E05_Barrel_Herb_Garden_Cross_Section_Ch31.jpg"
"C:\Users\dstor\lse-repo\LSE_VOLUME_3_CROPS_IPM_DIAGNOSTICS_SOURCE.html","repo","LSE_VOLUME_3_CROPS_IPM_DIAGNOSTICS_SOURCE.html","226","assets/user_created_web/UCI_020_Common_Dallas_Pest_Identification_Guide.png","C:\Users\dstor\lse-repo\assets\user_created_web\UCI_020_Common_Dallas_Pest_Identification_Guide.png","resolved","1","repo","C:\Users\dstor\lse-repo\assets\user_created_web\UCI_020_Common_Dallas_Pest_Identification_Guide.png"
"C:\Users\dstor\lse-repo\LSE_VOLUME_3_CROPS_IPM_DIAGNOSTICS_SOURCE.html","repo","LSE_VOLUME_3_CROPS_IPM_DIAGNOSTICS_SOURCE.html","227","assets/B30_052__LSE_FOUND_B28_PEST_Brassica_CabbageFlyLarva_StalkDamage_PakChoi_SchlagheckenJosef_CC-BY-SA-4.0.jpg","C:\Users\dstor\lse-repo\assets\B30_052__LSE_FOUND_B28_PEST_Brassica_CabbageFlyLarva_StalkDamage_PakChoi_SchlagheckenJosef_CC-BY-SA-4.0.jpg","resolved","1","repo","C:\Users\dstor\lse-repo\assets\B30_052__LSE_FOUND_B28_PEST_Brassica_CabbageFlyLarva_StalkDamage_PakChoi_SchlagheckenJosef_CC-BY-SA-4.0.jpg"
"C:\Users\dstor\lse-repo\LSE_VOLUME_3_CROPS_IPM_DIAGNOSTICS_SOURCE.html","repo","LSE_VOLUME_3_CROPS_IPM_DIAGNOSTICS_SOURCE.html","228","assets/B30_053__LSE_FOUND_B28_PEST_Brassica_DeliaRadicum_MaggotPupaLifeStages_Rasbak_CC-BY-SA-GFDL.jpg","C:\Users\dstor\lse-repo\assets\B30_053__LSE_FOUND_B28_PEST_Brassica_DeliaRadicum_MaggotPupaLifeStages_Rasbak_CC-BY-SA-GFDL.jpg","resolved","1","repo","C:\Users\dstor\lse-repo\assets\B30_053__LSE_FOUND_B28_PEST_Brassica_DeliaRadicum_MaggotPupaLifeStages_Rasbak_CC-BY-SA-GFDL.jpg"
"C:\Users\dstor\lse-repo\LSE_VOLUME_3_CROPS_IPM_DIAGNOSTICS_SOURCE.html","repo","LSE_VOLUME_3_CROPS_IPM_DIAGNOSTICS_SOURCE.html","229","assets/B30_027__LSE_FOUND_B27_PEST_Cowpea_CowpeaCurculio_PodCrossSectionLarvaAdult_UGA_VERIFY.jpg","C:\Users\dstor\lse-repo\assets\B30_027__LSE_FOUND_B27_PEST_Cowpea_CowpeaCurculio_PodCrossSectionLarvaAdult_UGA_VERIFY.jpg","resolved","1","repo","C:\Users\dstor\lse-repo\assets\B30_027__LSE_FOUND_B27_PEST_Cowpea_CowpeaCurculio_PodCrossSectionLarvaAdult_UGA_VERIFY.jpg"
"C:\Users\dstor\lse-repo\LSE_VOLUME_3_CROPS_IPM_DIAGNOSTICS_SOURCE.html","repo","LSE_VOLUME_3_CROPS_IPM_DIAGNOSTICS_SOURCE.html","230","assets/B30_028__LSE_FOUND_B27_PEST_Cowpea_CowpeaCurculio_LarvaInsidePodRisk_UGA_VERIFY.jpg","C:\Users\dstor\lse-repo\assets\B30_028__LSE_FOUND_B27_PEST_Cowpea_CowpeaCurculio_LarvaInsidePodRisk_UGA_VERIFY.jpg","resolved","1","repo","C:\Users\dstor\lse-repo\assets\B30_028__LSE_FOUND_B27_PEST_Cowpea_CowpeaCurculio_LarvaInsidePodRisk_UGA_VERIFY.jpg"
"C:\Users\dstor\lse-repo\LSE_VOLUME_3_CROPS_IPM_DIAGNOSTICS_SOURCE.html","repo","LSE_VOLUME_3_CROPS_IPM_DIAGNOSTICS_SOURCE.html","231","assets/B30_079__LSE_FOUND_B29_HOLD_PEST_Okra_StinkBugDamage_TwistedPods_Clemson_PERMISSION.jpg","C:\Users\dstor\lse-repo\assets\B30_079__LSE_FOUND_B29_HOLD_PEST_Okra_StinkBugDamage_TwistedPods_Clemson_PERMISSION.jpg","resolved","1","repo","C:\Users\dstor\lse-repo\assets\B30_079__LSE_FOUND_B29_HOLD_PEST_Okra_StinkBugDamage_TwistedPods_Clemson_PERMISSION.jpg"
"C:\Users\dstor\lse-repo\LSE_VOLUME_3_CROPS_IPM_DIAGNOSTICS_SOURCE.html","repo","LSE_VOLUME_3_CROPS_IPM_DIAGNOSTICS_SOURCE.html","247","assets/B30_029__LSE_FOUND_B27_PEST_Cowpea_CowpeaCurculio_AdultScouting_UGA_VERIFY.jpg","C:\Users\dstor\lse-repo\assets\B30_029__LSE_FOUND_B27_PEST_Cowpea_CowpeaCurculio_AdultScouting_UGA_VERIFY.jpg","resolved","1","repo","C:\Users\dstor\lse-repo\assets\B30_029__LSE_FOUND_B27_PEST_Cowpea_CowpeaCurculio_AdultScouting_UGA_VERIFY.jpg"
"C:\Users\dstor\lse-repo\LSE_VOLUME_3_CROPS_IPM_DIAGNOSTICS_SOURCE.html","repo","LSE_VOLUME_3_CROPS_IPM_DIAGNOSTICS_SOURCE.html","248","assets/B30_030__LSE_FOUND_B27_PEST_Eggplant_FleaBeetle_ShotHolePittedLeaf_DavidCappaert-Bugwood_VERIFY.jpg","C:\Users\dstor\lse-repo\assets\B30_030__LSE_FOUND_B27_PEST_Eggplant_FleaBeetle_ShotHolePittedLeaf_DavidCappaert-Bugwood_VERIFY.jpg","resolved","1","repo","C:\Users\dstor\lse-repo\assets\B30_030__LSE_FOUND_B27_PEST_Eggplant_FleaBeetle_ShotHolePittedLeaf_DavidCappaert-Bugwood_VERIFY.jpg"
"C:\Users\dstor\lse-repo\LSE_VOLUME_3_CROPS_IPM_DIAGNOSTICS_SOURCE.html","repo","LSE_VOLUME_3_CROPS_IPM_DIAGNOSTICS_SOURCE.html","252","assets/B30_073__LSE_FOUND_B29_PRACTICAL_RowCover_LowTunnel_FabricOverHoops_KathleenMoore_CC-BY-2.0.jpg","C:\Users\dstor\lse-repo\assets\B30_073__LSE_FOUND_B29_PRACTICAL_RowCover_LowTunnel_FabricOverHoops_KathleenMoore_CC-BY-2.0.jpg","resolved","1","repo","C:\Users\dstor\lse-repo\assets\B30_073__LSE_FOUND_B29_PRACTICAL_RowCover_LowTunnel_FabricOverHoops_KathleenMoore_CC-BY-2.0.jpg"
"C:\Users\dstor\lse-repo\LSE_VOLUME_3_CROPS_IPM_DIAGNOSTICS_SOURCE.html","repo","LSE_VOLUME_3_CROPS_IPM_DIAGNOSTICS_SOURCE.html","253","assets/B30_033__LSE_FOUND_B27_EXCLUSION_VegetableBeds_FloatingRowCover_PhysicalBarrier_ScotNelson_CONDITIONAL.jpg","C:\Users\dstor\lse-repo\assets\B30_033__LSE_FOUND_B27_EXCLUSION_VegetableBeds_FloatingRowCover_PhysicalBarrier_ScotNelson_CONDITIONAL.jpg","resolved","1","repo","C:\Users\dstor\lse-repo\assets\B30_033__LSE_FOUND_B27_EXCLUSION_VegetableBeds_FloatingRowCover_PhysicalBarrier_ScotNelson_CONDITIONAL.jpg"
"C:\Users\dstor\lse-repo\LSE_VOLUME_3_CROPS_IPM_DIAGNOSTICS_SOURCE.html","repo","LSE_VOLUME_3_CROPS_IPM_DIAGNOSTICS_SOURCE.html","266","assets/B30_048__LSE_FOUND_B28_PEST_Brassica_CabbageFlyMaggot_RootDamage_Kohlrabi_SchlagheckenJosef_CC-BY-4.0.jpg","C:\Users\dstor\lse-repo\assets\B30_048__LSE_FOUND_B28_PEST_Brassica_CabbageFlyMaggot_RootDamage_Kohlrabi_SchlagheckenJosef_CC-BY-4.0.jpg","resolved","1","repo","C:\Users\dstor\lse-repo\assets\B30_048__LSE_FOUND_B28_PEST_Brassica_CabbageFlyMaggot_RootDamage_Kohlrabi_SchlagheckenJosef_CC-BY-4.0.jpg"
"C:\Users\dstor\lse-repo\LSE_VOLUME_3_CROPS_IPM_DIAGNOSTICS_SOURCE.html","repo","LSE_VOLUME_3_CROPS_IPM_DIAGNOSTICS_SOURCE.html","267","assets/B30_032__LSE_FOUND_B27_EXCLUSION_Seedlings_CutwormCollars_CardboardBarrier_KathleenMoore_CC-BY-2.0.jpg","C:\Users\dstor\lse-repo\assets\B30_032__LSE_FOUND_B27_EXCLUSION_Seedlings_CutwormCollars_CardboardBarrier_KathleenMoore_CC-BY-2.0.jpg","resolved","1","repo","C:\Users\dstor\lse-repo\assets\B30_032__LSE_FOUND_B27_EXCLUSION_Seedlings_CutwormCollars_CardboardBarrier_KathleenMoore_CC-BY-2.0.jpg"
"C:\Users\dstor\lse-repo\LSE_VOLUME_3_CROPS_IPM_DIAGNOSTICS_SOURCE.html","repo","LSE_VOLUME_3_CROPS_IPM_DIAGNOSTICS_SOURCE.html","268","assets/B30_031__LSE_FOUND_B27_PEST_Corn_BlackCutworm_SeveredSeedlingDamage_WM-Hantsbarger_CC-BY-3.0-US.jpg","C:\Users\dstor\lse-repo\assets\B30_031__LSE_FOUND_B27_PEST_Corn_BlackCutworm_SeveredSeedlingDamage_WM-Hantsbarger_CC-BY-3.0-US.jpg","resolved","1","repo","C:\Users\dstor\lse-repo\assets\B30_031__LSE_FOUND_B27_PEST_Corn_BlackCutworm_SeveredSeedlingDamage_WM-Hantsbarger_CC-BY-3.0-US.jpg"
"C:\Users\dstor\lse-repo\LSE_VOLUME_3_CROPS_IPM_DIAGNOSTICS_SOURCE.html","repo","LSE_VOLUME_3_CROPS_IPM_DIAGNOSTICS_SOURCE.html","269","assets/B30_034__LSE_FOUND_B27_EXCLUSION_Containers_SlugBarrier_CopperTape_KathleenMoore_CC-BY-2.0.jpg","C:\Users\dstor\lse-repo\assets\B30_034__LSE_FOUND_B27_EXCLUSION_Containers_SlugBarrier_CopperTape_KathleenMoore_CC-BY-2.0.jpg","resolved","1","repo","C:\Users\dstor\lse-repo\assets\B30_034__LSE_FOUND_B27_EXCLUSION_Containers_SlugBarrier_CopperTape_KathleenMoore_CC-BY-2.0.jpg"
"C:\Users\dstor\lse-repo\LSE_VOLUME_3_CROPS_IPM_DIAGNOSTICS_SOURCE.html","repo","LSE_VOLUME_3_CROPS_IPM_DIAGNOSTICS_SOURCE.html","280","assets/lse_figures/LSE_C03_Daily_Weekly_Scouting_Route_Ch39_Ch49.jpg","C:\Users\dstor\lse-repo\assets\lse_figures\LSE_C03_Daily_Weekly_Scouting_Route_Ch39_Ch49.jpg","resolved","1","repo","C:\Users\dstor\lse-repo\assets\lse_figures\LSE_C03_Daily_Weekly_Scouting_Route_Ch39_Ch49.jpg"
"C:\Users\dstor\lse-repo\LSE_VOLUME_3_CROPS_IPM_DIAGNOSTICS_SOURCE.html","repo","LSE_VOLUME_3_CROPS_IPM_DIAGNOSTICS_SOURCE.html","314","assets/lse_figures/LSE_B33_Beneficial_Insect_Lifecycle_Plate_Ch40.jpg","C:\Users\dstor\lse-repo\assets\lse_figures\LSE_B33_Beneficial_Insect_Lifecycle_Plate_Ch40.jpg","resolved","1","repo","C:\Users\dstor\lse-repo\assets\lse_figures\LSE_B33_Beneficial_Insect_Lifecycle_Plate_Ch40.jpg"
"C:\Users\dstor\lse-repo\LSE_VOLUME_3_CROPS_IPM_DIAGNOSTICS_SOURCE.html","repo","LSE_VOLUME_3_CROPS_IPM_DIAGNOSTICS_SOURCE.html","347","assets/lse_figures/LSE_C07_Harvest_Postharvest_Handling_Workflow_Ch49.png","C:\Users\dstor\lse-repo\assets\lse_figures\LSE_C07_Harvest_Postharvest_Handling_Workflow_Ch49.png","resolved","1","repo","C:\Users\dstor\lse-repo\assets\lse_figures\LSE_C07_Harvest_Postharvest_Handling_Workflow_Ch49.png"
"C:\Users\dstor\lse-repo\LSE_VOLUME_3_CROPS_IPM_DIAGNOSTICS_SOURCE.html","repo","LSE_VOLUME_3_CROPS_IPM_DIAGNOSTICS_SOURCE.html","363","assets/B30_038__LSE_FOUND_B27_ABIOTIC_Tomato_FertilizerBurn_YoungLeafScorch_UMD_VERIFY.jpg","C:\Users\dstor\lse-repo\assets\B30_038__LSE_FOUND_B27_ABIOTIC_Tomato_FertilizerBurn_YoungLeafScorch_UMD_VERIFY.jpg","resolved","1","repo","C:\Users\dstor\lse-repo\assets\B30_038__LSE_FOUND_B27_ABIOTIC_Tomato_FertilizerBurn_YoungLeafScorch_UMD_VERIFY.jpg"
"C:\Users\dstor\lse-repo\LSE_VOLUME_3_CROPS_IPM_DIAGNOSTICS_SOURCE.html","repo","LSE_VOLUME_3_CROPS_IPM_DIAGNOSTICS_SOURCE.html","364","assets/B30_056__LSE_FOUND_B28_ABIOTIC_FertilizerBurn_LeafScorchPattern_CannabisCropMismatch_Fenrisulfir_CC-BY-SA-GFDL.jpg","C:\Users\dstor\lse-repo\assets\B30_056__LSE_FOUND_B28_ABIOTIC_FertilizerBurn_LeafScorchPattern_CannabisCropMismatch_Fenrisulfir_CC-BY-SA-GFDL.jpg","resolved","1","repo","C:\Users\dstor\lse-repo\assets\B30_056__LSE_FOUND_B28_ABIOTIC_FertilizerBurn_LeafScorchPattern_CannabisCropMismatch_Fenrisulfir_CC-BY-SA-GFDL.jpg"
"C:\Users\dstor\lse-repo\LSE_VOLUME_3_CROPS_IPM_DIAGNOSTICS_SOURCE.html","repo","LSE_VOLUME_3_CROPS_IPM_DIAGNOSTICS_SOURCE.html","368","assets/B30_037__LSE_FOUND_B27_ABIOTIC_VegetableTransplant_ColdFreezeDamage_WhiteLeaves_UMD_VERIFY.jpg","C:\Users\dstor\lse-repo\assets\B30_037__LSE_FOUND_B27_ABIOTIC_VegetableTransplant_ColdFreezeDamage_WhiteLeaves_UMD_VERIFY.jpg","resolved","1","repo","C:\Users\dstor\lse-repo\assets\B30_037__LSE_FOUND_B27_ABIOTIC_VegetableTransplant_ColdFreezeDamage_WhiteLeaves_UMD_VERIFY.jpg"
"C:\Users\dstor\lse-repo\LSE_VOLUME_3_CROPS_IPM_DIAGNOSTICS_SOURCE.html","repo","LSE_VOLUME_3_CROPS_IPM_DIAGNOSTICS_SOURCE.html","369","assets/B30_071__LSE_FOUND_B29_ABIOTIC_Bean_HerbicideInjury_EpinastySwollenStems_VCE_PublicUse.jpg","C:\Users\dstor\lse-repo\assets\B30_071__LSE_FOUND_B29_ABIOTIC_Bean_HerbicideInjury_EpinastySwollenStems_VCE_PublicUse.jpg","resolved","1","repo","C:\Users\dstor\lse-repo\assets\B30_071__LSE_FOUND_B29_ABIOTIC_Bean_HerbicideInjury_EpinastySwollenStems_VCE_PublicUse.jpg"
"C:\Users\dstor\lse-repo\LSE_VOLUME_3_CROPS_IPM_DIAGNOSTICS_SOURCE.html","repo","LSE_VOLUME_3_CROPS_IPM_DIAGNOSTICS_SOURCE.html","370","assets/B30_072__LSE_FOUND_B29_ABIOTIC_Squash_HerbicideResidue_FieldEpinastyTwisting_VCE_PublicUse.jpg","C:\Users\dstor\lse-repo\assets\B30_072__LSE_FOUND_B29_ABIOTIC_Squash_HerbicideResidue_FieldEpinastyTwisting_VCE_PublicUse.jpg","resolved","1","repo","C:\Users\dstor\lse-repo\assets\B30_072__LSE_FOUND_B29_ABIOTIC_Squash_HerbicideResidue_FieldEpinastyTwisting_VCE_PublicUse.jpg"
"C:\Users\dstor\lse-repo\LSE_VOLUME_3_CROPS_IPM_DIAGNOSTICS_SOURCE.html","repo","LSE_VOLUME_3_CROPS_IPM_DIAGNOSTICS_SOURCE.html","371","assets/B30_045__LSE_FOUND_B28_ABIOTIC_Tomato_HailDamage_FruitBruisesHoles_DwightSipler_CC-BY-2.0.jpg","C:\Users\dstor\lse-repo\assets\B30_045__LSE_FOUND_B28_ABIOTIC_Tomato_HailDamage_FruitBruisesHoles_DwightSipler_CC-BY-2.0.jpg","resolved","1","repo","C:\Users\dstor\lse-repo\assets\B30_045__LSE_FOUND_B28_ABIOTIC_Tomato_HailDamage_FruitBruisesHoles_DwightSipler_CC-BY-2.0.jpg"
"C:\Users\dstor\lse-repo\LSE_VOLUME_3_CROPS_IPM_DIAGNOSTICS_SOURCE.html","repo","LSE_VOLUME_3_CROPS_IPM_DIAGNOSTICS_SOURCE.html","372","assets/B30_004__LSE_FOUND_B26_ABIOTIC_Tomato_HailDamage_BruisedBrokenStems_DwightSipler_CC-BY-2.jpg","C:\Users\dstor\lse-repo\assets\B30_004__LSE_FOUND_B26_ABIOTIC_Tomato_HailDamage_BruisedBrokenStems_DwightSipler_CC-BY-2.jpg","resolved","1","repo","C:\Users\dstor\lse-repo\assets\B30_004__LSE_FOUND_B26_ABIOTIC_Tomato_HailDamage_BruisedBrokenStems_DwightSipler_CC-BY-2.jpg"
"C:\Users\dstor\lse-repo\LSE_VOLUME_3_CROPS_IPM_DIAGNOSTICS_SOURCE.html","repo","LSE_VOLUME_3_CROPS_IPM_DIAGNOSTICS_SOURCE.html","373","assets/B30_078__LSE_FOUND_B29_HOLD_ABIOTIC_Bean_PesticideBurn_ScorchedLeaves_UMD_VERIFY.jpg","C:\Users\dstor\lse-repo\assets\B30_078__LSE_FOUND_B29_HOLD_ABIOTIC_Bean_PesticideBurn_ScorchedLeaves_UMD_VERIFY.jpg","resolved","1","repo","C:\Users\dstor\lse-repo\assets\B30_078__LSE_FOUND_B29_HOLD_ABIOTIC_Bean_PesticideBurn_ScorchedLeaves_UMD_VERIFY.jpg"
"C:\Users\dstor\lse-repo\LSE_VOLUME_3_CROPS_IPM_DIAGNOSTICS_SOURCE.html","repo","LSE_VOLUME_3_CROPS_IPM_DIAGNOSTICS_SOURCE.html","377","assets/B30_036__LSE_FOUND_B27_ABIOTIC_Bean_PesticideBurn_LeafScorch_UMD_VERIFY.jpg","C:\Users\dstor\lse-repo\assets\B30_036__LSE_FOUND_B27_ABIOTIC_Bean_PesticideBurn_LeafScorch_UMD_VERIFY.jpg","resolved","1","repo","C:\Users\dstor\lse-repo\assets\B30_036__LSE_FOUND_B27_ABIOTIC_Bean_PesticideBurn_LeafScorch_UMD_VERIFY.jpg"
"C:\Users\dstor\lse-repo\LSE_VOLUME_3_CROPS_IPM_DIAGNOSTICS_SOURCE.html","repo","LSE_VOLUME_3_CROPS_IPM_DIAGNOSTICS_SOURCE.html","378","assets/B30_077__LSE_FOUND_B29_HOLD_ABIOTIC_Squash_PesticideBurn_Phytotoxicity_UMD_VERIFY.jpg","C:\Users\dstor\lse-repo\assets\B30_077__LSE_FOUND_B29_HOLD_ABIOTIC_Squash_PesticideBurn_Phytotoxicity_UMD_VERIFY.jpg","resolved","1","repo","C:\Users\dstor\lse-repo\assets\B30_077__LSE_FOUND_B29_HOLD_ABIOTIC_Squash_PesticideBurn_Phytotoxicity_UMD_VERIFY.jpg"
"C:\Users\dstor\lse-repo\LSE_VOLUME_3_CROPS_IPM_DIAGNOSTICS_SOURCE.html","repo","LSE_VOLUME_3_CROPS_IPM_DIAGNOSTICS_SOURCE.html","379","assets/B30_035__LSE_FOUND_B27_ABIOTIC_Squash_PesticideBurn_SoapPyrethrinLeafScorch_UMD_VERIFY.jpg","C:\Users\dstor\lse-repo\assets\B30_035__LSE_FOUND_B27_ABIOTIC_Squash_PesticideBurn_SoapPyrethrinLeafScorch_UMD_VERIFY.jpg","resolved","1","repo","C:\Users\dstor\lse-repo\assets\B30_035__LSE_FOUND_B27_ABIOTIC_Squash_PesticideBurn_SoapPyrethrinLeafScorch_UMD_VERIFY.jpg"
"C:\Users\dstor\lse-repo\LSE_VOLUME_3_CROPS_IPM_DIAGNOSTICS_SOURCE.html","repo","LSE_VOLUME_3_CROPS_IPM_DIAGNOSTICS_SOURCE.html","380","assets/B30_001__LSE_FOUND_B26_ABIOTIC_Pepper_Sunscald_ExposedFruit_DonFerrin_Bugwood_CC-BY-3.jpg","C:\Users\dstor\lse-repo\assets\B30_001__LSE_FOUND_B26_ABIOTIC_Pepper_Sunscald_ExposedFruit_DonFerrin_Bugwood_CC-BY-3.jpg","resolved","1","repo","C:\Users\dstor\lse-repo\assets\B30_001__LSE_FOUND_B26_ABIOTIC_Pepper_Sunscald_ExposedFruit_DonFerrin_Bugwood_CC-BY-3.jpg"
"C:\Users\dstor\lse-repo\LSE_VOLUME_3_CROPS_IPM_DIAGNOSTICS_SOURCE.html","repo","LSE_VOLUME_3_CROPS_IPM_DIAGNOSTICS_SOURCE.html","381","assets/B30_002__LSE_FOUND_B26_ABIOTIC_Tomato_FruitCracking_IrregularIrrigationCue_Fructibus_CC0.jpg","C:\Users\dstor\lse-repo\assets\B30_002__LSE_FOUND_B26_ABIOTIC_Tomato_FruitCracking_IrregularIrrigationCue_Fructibus_CC0.jpg","resolved","1","repo","C:\Users\dstor\lse-repo\assets\B30_002__LSE_FOUND_B26_ABIOTIC_Tomato_FruitCracking_IrregularIrrigationCue_Fructibus_CC0.jpg"
"C:\Users\dstor\lse-repo\LSE_VOLUME_3_CROPS_IPM_DIAGNOSTICS_SOURCE.html","repo","LSE_VOLUME_3_CROPS_IPM_DIAGNOSTICS_SOURCE.html","385","assets/B30_050__LSE_FOUND_B28_ABIOTIC_Tomato_FrostDamage_LeafFruitBurn_AmroBinKulthoum_CC-BY-SA-3.0.jpg","C:\Users\dstor\lse-repo\assets\B30_050__LSE_FOUND_B28_ABIOTIC_Tomato_FrostDamage_LeafFruitBurn_AmroBinKulthoum_CC-BY-SA-3.0.jpg","resolved","1","repo","C:\Users\dstor\lse-repo\assets\B30_050__LSE_FOUND_B28_ABIOTIC_Tomato_FrostDamage_LeafFruitBurn_AmroBinKulthoum_CC-BY-SA-3.0.jpg"
"C:\Users\dstor\lse-repo\LSE_VOLUME_3_CROPS_IPM_DIAGNOSTICS_SOURCE.html","repo","LSE_VOLUME_3_CROPS_IPM_DIAGNOSTICS_SOURCE.html","386","assets/B30_003__LSE_FOUND_B26_ABIOTIC_Tomato_Catfacing_FruitDeformity_ParthasarathySeethapathy_CC-BY-SA-4.jpg","C:\Users\dstor\lse-repo\assets\B30_003__LSE_FOUND_B26_ABIOTIC_Tomato_Catfacing_FruitDeformity_ParthasarathySeethapathy_CC-BY-SA-4.jpg","resolved","1","repo","C:\Users\dstor\lse-repo\assets\B30_003__LSE_FOUND_B26_ABIOTIC_Tomato_Catfacing_FruitDeformity_ParthasarathySeethapathy_CC-BY-SA-4.jpg"
"C:\Users\dstor\lse-repo\LSE_VOLUME_3_CROPS_IPM_DIAGNOSTICS_SOURCE.html","repo","LSE_VOLUME_3_CROPS_IPM_DIAGNOSTICS_SOURCE.html","388","assets/lse_figures/LSE_D03_Damping_Off_Lookalike_Plate_Ch42_49.jpg","C:\Users\dstor\lse-repo\assets\lse_figures\LSE_D03_Damping_Off_Lookalike_Plate_Ch42_49.jpg","resolved","1","repo","C:\Users\dstor\lse-repo\assets\lse_figures\LSE_D03_Damping_Off_Lookalike_Plate_Ch42_49.jpg"
"C:\Users\dstor\lse-repo\LSE_VOLUME_3_CROPS_IPM_DIAGNOSTICS_SOURCE.html","repo","LSE_VOLUME_3_CROPS_IPM_DIAGNOSTICS_SOURCE.html","395","assets/lse_figures/LSE_D15_Tomato_Leaf_Spot_Lookalikes_Ch42.jpg","C:\Users\dstor\lse-repo\assets\lse_figures\LSE_D15_Tomato_Leaf_Spot_Lookalikes_Ch42.jpg","resolved","1","repo","C:\Users\dstor\lse-repo\assets\lse_figures\LSE_D15_Tomato_Leaf_Spot_Lookalikes_Ch42.jpg"
"C:\Users\dstor\lse-repo\LSE_VOLUME_3_CROPS_IPM_DIAGNOSTICS_SOURCE.html","repo","LSE_VOLUME_3_CROPS_IPM_DIAGNOSTICS_SOURCE.html","395","assets/lse_figures/LSE_D19_Powdery_Mildew_vs_Downy_Mildew_Ch42.jpg","C:\Users\dstor\lse-repo\assets\lse_figures\LSE_D19_Powdery_Mildew_vs_Downy_Mildew_Ch42.jpg","resolved","1","repo","C:\Users\dstor\lse-repo\assets\lse_figures\LSE_D19_Powdery_Mildew_vs_Downy_Mildew_Ch42.jpg"
"C:\Users\dstor\lse-repo\LSE_VOLUME_3_CROPS_IPM_DIAGNOSTICS_SOURCE.html","repo","LSE_VOLUME_3_CROPS_IPM_DIAGNOSTICS_SOURCE.html","401","assets/lse_figures/LSE_D01_Wilt_Triage_Decision_Tree_Ch42.png","C:\Users\dstor\lse-repo\assets\lse_figures\LSE_D01_Wilt_Triage_Decision_Tree_Ch42.png","resolved","1","repo","C:\Users\dstor\lse-repo\assets\lse_figures\LSE_D01_Wilt_Triage_Decision_Tree_Ch42.png"
"C:\Users\dstor\lse-repo\LSE_VOLUME_3_CROPS_IPM_DIAGNOSTICS_SOURCE.html","repo","LSE_VOLUME_3_CROPS_IPM_DIAGNOSTICS_SOURCE.html","401","assets/lse_figures/LSE_D02_Southern_Blight_vs_White_Mold_Ch42.jpg","C:\Users\dstor\lse-repo\assets\lse_figures\LSE_D02_Southern_Blight_vs_White_Mold_Ch42.jpg","resolved","1","repo","C:\Users\dstor\lse-repo\assets\lse_figures\LSE_D02_Southern_Blight_vs_White_Mold_Ch42.jpg"
"C:\Users\dstor\lse-repo\LSE_VOLUME_3_CROPS_IPM_DIAGNOSTICS_SOURCE.html","repo","LSE_VOLUME_3_CROPS_IPM_DIAGNOSTICS_SOURCE.html","406","assets/lse_figures/LSE_D05_Herbicide_Drift_Growth_Regulator_Lookalike_Plate_Ch42.jpg","C:\Users\dstor\lse-repo\assets\lse_figures\LSE_D05_Herbicide_Drift_Growth_Regulator_Lookalike_Plate_Ch42.jpg","resolved","1","repo","C:\Users\dstor\lse-repo\assets\lse_figures\LSE_D05_Herbicide_Drift_Growth_Regulator_Lookalike_Plate_Ch42.jpg"
"C:\Users\dstor\lse-repo\LSE_VOLUME_3_CROPS_IPM_DIAGNOSTICS_SOURCE.html","repo","LSE_VOLUME_3_CROPS_IPM_DIAGNOSTICS_SOURCE.html","406","assets/user_created_web/UCI_029_Troubleshooting_Decision_Tree_Yellowing_Leaves.png","C:\Users\dstor\lse-repo\assets\user_created_web\UCI_029_Troubleshooting_Decision_Tree_Yellowing_Leaves.png","resolved","1","repo","C:\Users\dstor\lse-repo\assets\user_created_web\UCI_029_Troubleshooting_Decision_Tree_Yellowing_Leaves.png"
"C:\Users\dstor\lse-repo\LSE_VOLUME_3_CROPS_IPM_DIAGNOSTICS_SOURCE.html","repo","LSE_VOLUME_3_CROPS_IPM_DIAGNOSTICS_SOURCE.html","410","assets/lse_figures/LSE_D16_Pepper_Abiotic_Disorders_Herbicide_Lookalikes_Ch42.jpg","C:\Users\dstor\lse-repo\assets\lse_figures\LSE_D16_Pepper_Abiotic_Disorders_Herbicide_Lookalikes_Ch42.jpg","resolved","1","repo","C:\Users\dstor\lse-repo\assets\lse_figures\LSE_D16_Pepper_Abiotic_Disorders_Herbicide_Lookalikes_Ch42.jpg"
"C:\Users\dstor\lse-repo\LSE_VOLUME_3_CROPS_IPM_DIAGNOSTICS_SOURCE.html","repo","LSE_VOLUME_3_CROPS_IPM_DIAGNOSTICS_SOURCE.html","426","assets/user_created_web/UCI_025_Brix_Monitoring_Chart.png","C:\Users\dstor\lse-repo\assets\user_created_web\UCI_025_Brix_Monitoring_Chart.png","resolved","1","repo","C:\Users\dstor\lse-repo\assets\user_created_web\UCI_025_Brix_Monitoring_Chart.png"
"C:\Users\dstor\lse-repo\LSE_VOLUME_3_CROPS_IPM_DIAGNOSTICS_SOURCE.html","repo","LSE_VOLUME_3_CROPS_IPM_DIAGNOSTICS_SOURCE.html","506","assets/lse_figures/LSE_A20_Soil_Microscopy_Workflow_Ch44.png","C:\Users\dstor\lse-repo\assets\lse_figures\LSE_A20_Soil_Microscopy_Workflow_Ch44.png","resolved","1","repo","C:\Users\dstor\lse-repo\assets\lse_figures\LSE_A20_Soil_Microscopy_Workflow_Ch44.png"
"C:\Users\dstor\lse-repo\LSE_VOLUME_3_CROPS_IPM_DIAGNOSTICS_SOURCE.html","repo","LSE_VOLUME_3_CROPS_IPM_DIAGNOSTICS_SOURCE.html","551","assets/user_created_web/UCI_023_Soil_Test_Results_How_to_Read_Them.jpg","C:\Users\dstor\lse-repo\assets\user_created_web\UCI_023_Soil_Test_Results_How_to_Read_Them.jpg","resolved","1","repo","C:\Users\dstor\lse-repo\assets\user_created_web\UCI_023_Soil_Test_Results_How_to_Read_Them.jpg"
"C:\Users\dstor\lse-repo\LSE_VOLUME_3_CROPS_IPM_DIAGNOSTICS_SOURCE.html","repo","LSE_VOLUME_3_CROPS_IPM_DIAGNOSTICS_SOURCE.html","574","assets/lse_figures/LSE_C12_Soil_Test_Report_Decoder_Ch45.png","C:\Users\dstor\lse-repo\assets\lse_figures\LSE_C12_Soil_Test_Report_Decoder_Ch45.png","resolved","1","repo","C:\Users\dstor\lse-repo\assets\lse_figures\LSE_C12_Soil_Test_Report_Decoder_Ch45.png"
"C:\Users\dstor\lse-repo\LSE_VOLUME_3_CROPS_IPM_DIAGNOSTICS_SOURCE.html","repo","LSE_VOLUME_3_CROPS_IPM_DIAGNOSTICS_SOURCE.html","598","assets/lse_figures/LSE_C13_Mobile_vs_Immobile_Nutrient_Symptom_Map_Ch46.png","C:\Users\dstor\lse-repo\assets\lse_figures\LSE_C13_Mobile_vs_Immobile_Nutrient_Symptom_Map_Ch46.png","resolved","1","repo","C:\Users\dstor\lse-repo\assets\lse_figures\LSE_C13_Mobile_vs_Immobile_Nutrient_Symptom_Map_Ch46.png"
"C:\Users\dstor\lse-repo\LSE_VOLUME_3_CROPS_IPM_DIAGNOSTICS_SOURCE.html","repo","LSE_VOLUME_3_CROPS_IPM_DIAGNOSTICS_SOURCE.html","649","assets/lse_figures/LSE_C10_Refractometer_Protocol_Card_Ch47.png","C:\Users\dstor\lse-repo\assets\lse_figures\LSE_C10_Refractometer_Protocol_Card_Ch47.png","resolved","1","repo","C:\Users\dstor\lse-repo\assets\lse_figures\LSE_C10_Refractometer_Protocol_Card_Ch47.png"
"C:\Users\dstor\lse-repo\LSE_VOLUME_3_CROPS_IPM_DIAGNOSTICS_SOURCE.html","repo","LSE_VOLUME_3_CROPS_IPM_DIAGNOSTICS_SOURCE.html","905","assets/lse_figures/LSE_C14_Electroculture_Self_Experiment_Layout_Ch48.jpg","C:\Users\dstor\lse-repo\assets\lse_figures\LSE_C14_Electroculture_Self_Experiment_Layout_Ch48.jpg","resolved","1","repo","C:\Users\dstor\lse-repo\assets\lse_figures\LSE_C14_Electroculture_Self_Experiment_Layout_Ch48.jpg"
"C:\Users\dstor\lse-repo\LSE_VOLUME_3_CROPS_IPM_DIAGNOSTICS_SOURCE.html","repo","LSE_VOLUME_3_CROPS_IPM_DIAGNOSTICS_SOURCE.html","1236","assets/B30_070__LSE_FOUND_B29_ABIOTIC_Tomato_HerbicideResidue_CuppedNewGrowth_VCE_PublicUse.jpg","C:\Users\dstor\lse-repo\assets\B30_070__LSE_FOUND_B29_ABIOTIC_Tomato_HerbicideResidue_CuppedNewGrowth_VCE_PublicUse.jpg","resolved","1","repo","C:\Users\dstor\lse-repo\assets\B30_070__LSE_FOUND_B29_ABIOTIC_Tomato_HerbicideResidue_CuppedNewGrowth_VCE_PublicUse.jpg"
"C:\Users\dstor\lse-repo\LSE_VOLUME_3_CROPS_IPM_DIAGNOSTICS_SOURCE.html","repo","LSE_VOLUME_3_CROPS_IPM_DIAGNOSTICS_SOURCE.html","1236","assets/B30_022__LSE_FOUND_B27_ABIOTIC_Tomato_2-4DDrift_CuppedNewGrowth_MaryAnnHansen-Bugwood_CONDITIONAL.jpg","C:\Users\dstor\lse-repo\assets\B30_022__LSE_FOUND_B27_ABIOTIC_Tomato_2-4DDrift_CuppedNewGrowth_MaryAnnHansen-Bugwood_CONDITIONAL.jpg","resolved","1","repo","C:\Users\dstor\lse-repo\assets\B30_022__LSE_FOUND_B27_ABIOTIC_Tomato_2-4DDrift_CuppedNewGrowth_MaryAnnHansen-Bugwood_CONDITIONAL.jpg"
"C:\Users\dstor\lse-repo\LSE_VOLUME_3_CROPS_IPM_DIAGNOSTICS_SOURCE.html","repo","LSE_VOLUME_3_CROPS_IPM_DIAGNOSTICS_SOURCE.html","1236","assets/B30_023__LSE_FOUND_B27_ABIOTIC_Tomato_GlyphosateInjury_YellowDistortedNewGrowth_NathanHoward-Bugwood_VERIFY.jpg","C:\Users\dstor\lse-repo\assets\B30_023__LSE_FOUND_B27_ABIOTIC_Tomato_GlyphosateInjury_YellowDistortedNewGrowth_NathanHoward-Bugwood_VERIFY.jpg","resolved","1","repo","C:\Users\dstor\lse-repo\assets\B30_023__LSE_FOUND_B27_ABIOTIC_Tomato_GlyphosateInjury_YellowDistortedNewGrowth_NathanHoward-Bugwood_VERIFY.jpg"
"C:\Users\dstor\lse-repo\LSE_VOLUME_3_CROPS_IPM_DIAGNOSTICS_SOURCE.html","repo","LSE_VOLUME_3_CROPS_IPM_DIAGNOSTICS_SOURCE.html","1236","assets/B30_024__LSE_FOUND_B27_ABIOTIC_Tomato_2-4DInjury_TwistedCurlingShoot_PBacchi-Bugwood_VERIFY.jpg","C:\Users\dstor\lse-repo\assets\B30_024__LSE_FOUND_B27_ABIOTIC_Tomato_2-4DInjury_TwistedCurlingShoot_PBacchi-Bugwood_VERIFY.jpg","resolved","1","repo","C:\Users\dstor\lse-repo\assets\B30_024__LSE_FOUND_B27_ABIOTIC_Tomato_2-4DInjury_TwistedCurlingShoot_PBacchi-Bugwood_VERIFY.jpg"
"C:\Users\dstor\lse-repo\LSE_VOLUME_3_CROPS_IPM_DIAGNOSTICS_SOURCE.html","repo","LSE_VOLUME_3_CROPS_IPM_DIAGNOSTICS_SOURCE.html","1236","assets/B30_039__LSE_FOUND_B27_ABIOTIC_Tomato_FlumioxazinDrift_FruitNecrosis_NCSU-CC-BY-NC-SA_REJECT.jpg","C:\Users\dstor\lse-repo\assets\B30_039__LSE_FOUND_B27_ABIOTIC_Tomato_FlumioxazinDrift_FruitNecrosis_NCSU-CC-BY-NC-SA_REJECT.jpg","resolved","1","repo","C:\Users\dstor\lse-repo\assets\B30_039__LSE_FOUND_B27_ABIOTIC_Tomato_FlumioxazinDrift_FruitNecrosis_NCSU-CC-BY-NC-SA_REJECT.jpg"
"C:\Users\dstor\lse-repo\LSE_VOLUME_3_CROPS_IPM_DIAGNOSTICS_SOURCE.html","repo","LSE_VOLUME_3_CROPS_IPM_DIAGNOSTICS_SOURCE.html","1236","assets/B30_040__LSE_FOUND_B27_ABIOTIC_Tomato_FlumioxazinDrift_FoliageStemNecrosis_NCSU-CC-BY-NC-SA_REJECT.jpg","C:\Users\dstor\lse-repo\assets\B30_040__LSE_FOUND_B27_ABIOTIC_Tomato_FlumioxazinDrift_FoliageStemNecrosis_NCSU-CC-BY-NC-SA_REJECT.jpg","resolved","1","repo","C:\Users\dstor\lse-repo\assets\B30_040__LSE_FOUND_B27_ABIOTIC_Tomato_FlumioxazinDrift_FoliageStemNecrosis_NCSU-CC-BY-NC-SA_REJECT.jpg"
"C:\Users\dstor\lse-repo\LSE_VOLUME_3_CROPS_IPM_DIAGNOSTICS_SOURCE.html","repo","LSE_VOLUME_3_CROPS_IPM_DIAGNOSTICS_SOURCE.html","1750","assets/user_created_web/UCI_026_Electroculture_Experimental_Protocol_Layout.png","C:\Users\dstor\lse-repo\assets\user_created_web\UCI_026_Electroculture_Experimental_Protocol_Layout.png","resolved","1","repo","C:\Users\dstor\lse-repo\assets\user_created_web\UCI_026_Electroculture_Experimental_Protocol_Layout.png"
"C:\Users\dstor\lse-repo\LSE_VOLUME_3_CROPS_IPM_DIAGNOSTICS_SOURCE.html","repo","LSE_VOLUME_3_CROPS_IPM_DIAGNOSTICS_SOURCE.html","1800","assets/user_created_web/UCI_027_Plant_Electrophysiology_Electrical_Signaling_Pathways.jpg","C:\Users\dstor\lse-repo\assets\user_created_web\UCI_027_Plant_Electrophysiology_Electrical_Signaling_Pathways.jpg","resolved","1","repo","C:\Users\dstor\lse-repo\assets\user_created_web\UCI_027_Plant_Electrophysiology_Electrical_Signaling_Pathways.jpg"
"C:\Users\dstor\lse-repo\LSE_VOLUME_3_CROPS_IPM_DIAGNOSTICS_SOURCE.html","repo","LSE_VOLUME_3_CROPS_IPM_DIAGNOSTICS_SOURCE.html","2449","assets/B30_012__LSE_FOUND_B26_PEST_SquashBug_Nymphs_OnSummerSquash_Pollinator_CC-BY-2-5.jpg","C:\Users\dstor\lse-repo\assets\B30_012__LSE_FOUND_B26_PEST_SquashBug_Nymphs_OnSummerSquash_Pollinator_CC-BY-2-5.jpg","resolved","1","repo","C:\Users\dstor\lse-repo\assets\B30_012__LSE_FOUND_B26_PEST_SquashBug_Nymphs_OnSummerSquash_Pollinator_CC-BY-2-5.jpg"
"C:\Users\dstor\lse-repo\LSE_VOLUME_3_CROPS_IPM_DIAGNOSTICS_SOURCE.html","repo","LSE_VOLUME_3_CROPS_IPM_DIAGNOSTICS_SOURCE.html","2449","assets/B30_010__LSE_FOUND_B26_PEST_SquashBug_EggCluster_UndersidePumpkinLeaf_Bdm25_CC-BY-SA-4.jpg","C:\Users\dstor\lse-repo\assets\B30_010__LSE_FOUND_B26_PEST_SquashBug_EggCluster_UndersidePumpkinLeaf_Bdm25_CC-BY-SA-4.jpg","resolved","1","repo","C:\Users\dstor\lse-repo\assets\B30_010__LSE_FOUND_B26_PEST_SquashBug_EggCluster_UndersidePumpkinLeaf_Bdm25_CC-BY-SA-4.jpg"
"C:\Users\dstor\lse-repo\LSE_VOLUME_3_CROPS_IPM_DIAGNOSTICS_SOURCE.html","repo","LSE_VOLUME_3_CROPS_IPM_DIAGNOSTICS_SOURCE.html","2449","assets/B30_011__LSE_FOUND_B26_PEST_SquashBug_EggCluster_AnasaTristis_BeatrizMoisset_CC-BY-SA-4.jpg","C:\Users\dstor\lse-repo\assets\B30_011__LSE_FOUND_B26_PEST_SquashBug_EggCluster_AnasaTristis_BeatrizMoisset_CC-BY-SA-4.jpg","resolved","1","repo","C:\Users\dstor\lse-repo\assets\B30_011__LSE_FOUND_B26_PEST_SquashBug_EggCluster_AnasaTristis_BeatrizMoisset_CC-BY-SA-4.jpg"
"C:\Users\dstor\lse-repo\LSE_VOLUME_3_CROPS_IPM_DIAGNOSTICS_SOURCE.html","repo","LSE_VOLUME_3_CROPS_IPM_DIAGNOSTICS_SOURCE.html","2449","assets/B30_054__LSE_FOUND_B28_PEST_SquashVineBorer_FrassAtStem_Pollinator_CC-BY-2.5_CONDITIONAL.jpg","C:\Users\dstor\lse-repo\assets\B30_054__LSE_FOUND_B28_PEST_SquashVineBorer_FrassAtStem_Pollinator_CC-BY-2.5_CONDITIONAL.jpg","resolved","1","repo","C:\Users\dstor\lse-repo\assets\B30_054__LSE_FOUND_B28_PEST_SquashVineBorer_FrassAtStem_Pollinator_CC-BY-2.5_CONDITIONAL.jpg"
"C:\Users\dstor\lse-repo\LSE_VOLUME_3_CROPS_IPM_DIAGNOSTICS_SOURCE.html","repo","LSE_VOLUME_3_CROPS_IPM_DIAGNOSTICS_SOURCE.html","2449","assets/B30_055__LSE_FOUND_B28_PEST_SquashVineBorer_LarvaeSplitStemFrass_Pollinator_CC-BY-2.5_CONDITIONAL.jpg","C:\Users\dstor\lse-repo\assets\B30_055__LSE_FOUND_B28_PEST_SquashVineBorer_LarvaeSplitStemFrass_Pollinator_CC-BY-2.5_CONDITIONAL.jpg","resolved","1","repo","C:\Users\dstor\lse-repo\assets\B30_055__LSE_FOUND_B28_PEST_SquashVineBorer_LarvaeSplitStemFrass_Pollinator_CC-BY-2.5_CONDITIONAL.jpg"
"C:\Users\dstor\lse-repo\LSE_VOLUME_3_CROPS_IPM_DIAGNOSTICS_SOURCE.html","repo","LSE_VOLUME_3_CROPS_IPM_DIAGNOSTICS_SOURCE.html","2449","assets/B30_013__LSE_FOUND_B26_PEST_SquashBug_Adult_MarginalResolution_Downtowngal_CC0.jpg","C:\Users\dstor\lse-repo\assets\B30_013__LSE_FOUND_B26_PEST_SquashBug_Adult_MarginalResolution_Downtowngal_CC0.jpg","resolved","1","repo","C:\Users\dstor\lse-repo\assets\B30_013__LSE_FOUND_B26_PEST_SquashBug_Adult_MarginalResolution_Downtowngal_CC0.jpg"
"C:\Users\dstor\lse-repo\LSE_VOLUME_3_CROPS_IPM_DIAGNOSTICS_SOURCE.html","repo","LSE_VOLUME_3_CROPS_IPM_DIAGNOSTICS_SOURCE.html","2461","assets/B30_046__LSE_FOUND_B28_ROOTS_Tomato_BacterialWilt_StemCrossSection_ClemsonUSDA_CC-BY-3.0.jpg","C:\Users\dstor\lse-repo\assets\B30_046__LSE_FOUND_B28_ROOTS_Tomato_BacterialWilt_StemCrossSection_ClemsonUSDA_CC-BY-3.0.jpg","resolved","1","repo","C:\Users\dstor\lse-repo\assets\B30_046__LSE_FOUND_B28_ROOTS_Tomato_BacterialWilt_StemCrossSection_ClemsonUSDA_CC-BY-3.0.jpg"
"C:\Users\dstor\lse-repo\LSE_VOLUME_3_CROPS_IPM_DIAGNOSTICS_SOURCE.html","repo","LSE_VOLUME_3_CROPS_IPM_DIAGNOSTICS_SOURCE.html","2461","assets/B30_051__LSE_FOUND_B28_DISEASE_Tomato_SouthernBlight_SclerotiaAtCrown_PersleyCooke_CC-BY-SA-3.0_LOWRES.jpg","C:\Users\dstor\lse-repo\assets\B30_051__LSE_FOUND_B28_DISEASE_Tomato_SouthernBlight_SclerotiaAtCrown_PersleyCooke_CC-BY-SA-3.0_LOWRES.jpg","resolved","1","repo","C:\Users\dstor\lse-repo\assets\B30_051__LSE_FOUND_B28_DISEASE_Tomato_SouthernBlight_SclerotiaAtCrown_PersleyCooke_CC-BY-SA-3.0_LOWRES.jpg"
"C:\Users\dstor\lse-repo\LSE_VOLUME_3_CROPS_IPM_DIAGNOSTICS_SOURCE.html","repo","LSE_VOLUME_3_CROPS_IPM_DIAGNOSTICS_SOURCE.html","2461","assets/B30_025__LSE_FOUND_B27_ROOTS_Tomato_FusariumWilt_VascularBrowningStemSplit_NCSU-IngaMeadows_VERIFY.jpg","C:\Users\dstor\lse-repo\assets\B30_025__LSE_FOUND_B27_ROOTS_Tomato_FusariumWilt_VascularBrowningStemSplit_NCSU-IngaMeadows_VERIFY.jpg","resolved","1","repo","C:\Users\dstor\lse-repo\assets\B30_025__LSE_FOUND_B27_ROOTS_Tomato_FusariumWilt_VascularBrowningStemSplit_NCSU-IngaMeadows_VERIFY.jpg"
"C:\Users\dstor\lse-repo\LSE_VOLUME_3_CROPS_IPM_DIAGNOSTICS_SOURCE.html","repo","LSE_VOLUME_3_CROPS_IPM_DIAGNOSTICS_SOURCE.html","2461","assets/B30_082__LSE_FOUND_B29_HOLD_DISEASE_Tomato_BacterialWilt_StreamingTest_UAEX_PERMISSION.jpg","C:\Users\dstor\lse-repo\assets\B30_082__LSE_FOUND_B29_HOLD_DISEASE_Tomato_BacterialWilt_StreamingTest_UAEX_PERMISSION.jpg","resolved","1","repo","C:\Users\dstor\lse-repo\assets\B30_082__LSE_FOUND_B29_HOLD_DISEASE_Tomato_BacterialWilt_StreamingTest_UAEX_PERMISSION.jpg"
"C:\Users\dstor\lse-repo\LSE_VOLUME_3_CROPS_IPM_DIAGNOSTICS_SOURCE.html","repo","LSE_VOLUME_3_CROPS_IPM_DIAGNOSTICS_SOURCE.html","2464","assets/B30_026__LSE_FOUND_B27_ROOTS_Pepper_DampingOff_StemCankerSoilLine_UMass-TSmith_VERIFY.jpg","C:\Users\dstor\lse-repo\assets\B30_026__LSE_FOUND_B27_ROOTS_Pepper_DampingOff_StemCankerSoilLine_UMass-TSmith_VERIFY.jpg","resolved","1","repo","C:\Users\dstor\lse-repo\assets\B30_026__LSE_FOUND_B27_ROOTS_Pepper_DampingOff_StemCankerSoilLine_UMass-TSmith_VERIFY.jpg"
"C:\Users\dstor\lse-repo\LSE_VOLUME_3_CROPS_IPM_DIAGNOSTICS_SOURCE.html","repo","LSE_VOLUME_3_CROPS_IPM_DIAGNOSTICS_SOURCE.html","2465","assets/B30_047__LSE_FOUND_B28_DISEASE_Tomato_RhizoctoniaSolani_FruitRotBlackLesions_JGK_hn_CC-BY-3.0.jpg","C:\Users\dstor\lse-repo\assets\B30_047__LSE_FOUND_B28_DISEASE_Tomato_RhizoctoniaSolani_FruitRotBlackLesions_JGK_hn_CC-BY-3.0.jpg","resolved","1","repo","C:\Users\dstor\lse-repo\assets\B30_047__LSE_FOUND_B28_DISEASE_Tomato_RhizoctoniaSolani_FruitRotBlackLesions_JGK_hn_CC-BY-3.0.jpg"
"C:\Users\dstor\lse-repo\LSE_VOLUME_3_CROPS_IPM_DIAGNOSTICS_SOURCE.html","repo","LSE_VOLUME_3_CROPS_IPM_DIAGNOSTICS_SOURCE.html","2465","assets/B30_076__LSE_FOUND_B29_ROOTS_ContainerRootbound_GirdledRoots_BrendanLandis_CC-BY-SA-2.0.jpg","C:\Users\dstor\lse-repo\assets\B30_076__LSE_FOUND_B29_ROOTS_ContainerRootbound_GirdledRoots_BrendanLandis_CC-BY-SA-2.0.jpg","resolved","1","repo","C:\Users\dstor\lse-repo\assets\B30_076__LSE_FOUND_B29_ROOTS_ContainerRootbound_GirdledRoots_BrendanLandis_CC-BY-SA-2.0.jpg"
"C:\Users\dstor\lse-repo\LSE_VOLUME_3_CROPS_IPM_DIAGNOSTICS_SOURCE.html","repo","LSE_VOLUME_3_CROPS_IPM_DIAGNOSTICS_SOURCE.html","2664","assets/B30_006__LSE_FOUND_B26_ROOTS_Tomato_RootKnotNematode_GalledRoots_PlantPestsDiseases_CC0.jpg","C:\Users\dstor\lse-repo\assets\B30_006__LSE_FOUND_B26_ROOTS_Tomato_RootKnotNematode_GalledRoots_PlantPestsDiseases_CC0.jpg","resolved","1","repo","C:\Users\dstor\lse-repo\assets\B30_006__LSE_FOUND_B26_ROOTS_Tomato_RootKnotNematode_GalledRoots_PlantPestsDiseases_CC0.jpg"
"C:\Users\dstor\lse-repo\.build\html_backup\LSE_BOOK_1_THE_LIVING_SOIL_WORKING_20260919_162242.html","repo","LSE_BOOK_1_THE_LIVING_SOIL_WORKING_20260919_162242.html","23","assets/lse_figures/LSE_A02_Soil_Food_Web_Functional_Map_Ch02.png","C:\Users\dstor\lse-repo\.build\html_backup\assets\lse_figures\LSE_A02_Soil_Food_Web_Functional_Map_Ch02.png","broken-found-elsewhere","1","repo","C:\Users\dstor\lse-repo\assets\lse_figures\LSE_A02_Soil_Food_Web_Functional_Map_Ch02.png"
"C:\Users\dstor\lse-repo\.build\html_backup\LSE_BOOK_1_THE_LIVING_SOIL_WORKING_20260919_162242.html","repo","LSE_BOOK_1_THE_LIVING_SOIL_WORKING_20260919_162242.html","75","assets/lse_figures/LSE_A04_Mycorrhizal_Exchange_Defense_Priming_Ch06.png","C:\Users\dstor\lse-repo\.build\html_backup\assets\lse_figures\LSE_A04_Mycorrhizal_Exchange_Defense_Priming_Ch06.png","broken-nomatch","0","",""
"C:\Users\dstor\lse-repo\.build\html_backup\LSE_BOOK_1_THE_LIVING_SOIL_WORKING_20260919_162242.html","repo","LSE_BOOK_1_THE_LIVING_SOIL_WORKING_20260919_162242.html","80","assets/user_created_web/UCI_005_ISR_and_SAR_The_Plant_Immune_System.png","C:\Users\dstor\lse-repo\.build\html_backup\assets\user_created_web\UCI_005_ISR_and_SAR_The_Plant_Immune_System.png","broken-nomatch","0","",""
"C:\Users\dstor\lse-repo\.build\html_backup\LSE_BOOK_1_THE_LIVING_SOIL_WORKING_20260919_162242.html","repo","LSE_BOOK_1_THE_LIVING_SOIL_WORKING_20260919_162242.html","80","assets/lse_figures/LSE_B05_Mycorrhizal_Inoculation_Failure_Modes_Ch06_17.png","C:\Users\dstor\lse-repo\.build\html_backup\assets\lse_figures\LSE_B05_Mycorrhizal_Inoculation_Failure_Modes_Ch06_17.png","broken-nomatch","0","",""
"C:\Users\dstor\lse-repo\.build\html_backup\LSE_BOOK_1_THE_LIVING_SOIL_WORKING_20260919_162242.html","repo","LSE_BOOK_1_THE_LIVING_SOIL_WORKING_20260919_162242.html","110","assets/lse_figures/LSE_B02_Predator_Driven_Nitrogen_Mineralization_Loop_Ch05.png","C:\Users\dstor\lse-repo\.build\html_backup\assets\lse_figures\LSE_B02_Predator_Driven_Nitrogen_Mineralization_Loop_Ch05.png","broken-nomatch","0","",""
"C:\Users\dstor\lse-repo\.build\html_backup\LSE_BOOK_1_THE_LIVING_SOIL_WORKING_20260919_162242.html","repo","LSE_BOOK_1_THE_LIVING_SOIL_WORKING_20260919_162242.html","110","assets/user_created_web/UCI_003_The_Nutrient_Mineralization_Loop.png","C:\Users\dstor\lse-repo\.build\html_backup\assets\user_created_web\UCI_003_The_Nutrient_Mineralization_Loop.png","broken-nomatch","0","",""
"C:\Users\dstor\lse-repo\.build\html_backup\LSE_BOOK_1_THE_LIVING_SOIL_WORKING_20260919_162242.html","repo","LSE_BOOK_1_THE_LIVING_SOIL_WORKING_20260919_162242.html","117","assets/lse_figures/LSE_B03_Nematode_Mouthpart_Comparison_Ch05_44.png","C:\Users\dstor\lse-repo\.build\html_backup\assets\lse_figures\LSE_B03_Nematode_Mouthpart_Comparison_Ch05_44.png","broken-found-elsewhere","1","repo","C:\Users\dstor\lse-repo\assets\lse_figures\LSE_B03_Nematode_Mouthpart_Comparison_Ch05_44.png"
"C:\Users\dstor\lse-repo\.build\html_backup\LSE_BOOK_1_THE_LIVING_SOIL_WORKING_20260919_162242.html","repo","LSE_BOOK_1_THE_LIVING_SOIL_WORKING_20260919_162242.html","126","assets/lse_figures/LSE_D04_Root_Knot_Nematode_Diagnosis_Workflow_Ch05_Ch29_Ch42_Ch44.png","C:\Users\dstor\lse-repo\.build\html_backup\assets\lse_figures\LSE_D04_Root_Knot_Nematode_Diagnosis_Workflow_Ch05_Ch29_Ch42_Ch44.png","broken-found-elsewhere","1","repo","C:\Users\dstor\lse-repo\assets\lse_figures\LSE_D04_Root_Knot_Nematode_Diagnosis_Workflow_Ch05_Ch29_Ch42_Ch44.png"
"C:\Users\dstor\lse-repo\.build\html_backup\LSE_BOOK_1_THE_LIVING_SOIL_WORKING_20260919_162242.html","repo","LSE_BOOK_1_THE_LIVING_SOIL_WORKING_20260919_162242.html","126","assets/lse_figures/LSE_D18_Root_Inspection_Nodules_Galls_Root_Disease_Ch05_Ch29_Ch44.png","C:\Users\dstor\lse-repo\.build\html_backup\assets\lse_figures\LSE_D18_Root_Inspection_Nodules_Galls_Root_Disease_Ch05_Ch29_Ch44.png","broken-nomatch","0","",""
"C:\Users\dstor\lse-repo\.build\html_backup\LSE_BOOK_1_THE_LIVING_SOIL_WORKING_20260919_162242.html","repo","LSE_BOOK_1_THE_LIVING_SOIL_WORKING_20260919_162242.html","128","assets/user_created_web/UCI_002_Bacterial_vs_Fungal_Soil_Dominance.png","C:\Users\dstor\lse-repo\.build\html_backup\assets\user_created_web\UCI_002_Bacterial_vs_Fungal_Soil_Dominance.png","broken-nomatch","0","",""
"C:\Users\dstor\lse-repo\.build\html_backup\LSE_BOOK_1_THE_LIVING_SOIL_WORKING_20260919_162242.html","repo","LSE_BOOK_1_THE_LIVING_SOIL_WORKING_20260919_162242.html","128","assets/lse_figures/LSE_B06_Fungal_Bacterial_Succession_Strip_Ch07.png","C:\Users\dstor\lse-repo\.build\html_backup\assets\lse_figures\LSE_B06_Fungal_Bacterial_Succession_Strip_Ch07.png","broken-nomatch","0","",""
"C:\Users\dstor\lse-repo\.build\html_backup\LSE_BOOK_1_THE_LIVING_SOIL_WORKING_20260919_162242.html","repo","LSE_BOOK_1_THE_LIVING_SOIL_WORKING_20260919_162242.html","144","assets/user_created_web/UCI_009_Fungal_Bacterial_Input_Guide.png","C:\Users\dstor\lse-repo\.build\html_backup\assets\user_created_web\UCI_009_Fungal_Bacterial_Input_Guide.png","broken-found-elsewhere","1","repo","C:\Users\dstor\lse-repo\assets\user_created_web\UCI_009_Fungal_Bacterial_Input_Guide.png"
"C:\Users\dstor\lse-repo\.build\html_backup\LSE_BOOK_1_THE_LIVING_SOIL_WORKING_20260919_162242.html","repo","LSE_BOOK_1_THE_LIVING_SOIL_WORKING_20260919_162242.html","151","assets/user_created_web/UCI_007_Composite_Method_Reference.png","C:\Users\dstor\lse-repo\.build\html_backup\assets\user_created_web\UCI_007_Composite_Method_Reference.png","broken-found-elsewhere","1","repo","C:\Users\dstor\lse-repo\assets\user_created_web\UCI_007_Composite_Method_Reference.png"
"C:\Users\dstor\lse-repo\.build\html_backup\LSE_BOOK_1_THE_LIVING_SOIL_WORKING_20260919_162242.html","repo","LSE_BOOK_1_THE_LIVING_SOIL_WORKING_20260919_162242.html","151","assets/lse_figures/LSE_B07_Five_Soil_Health_Principles_Wheel_Ch08.png","C:\Users\dstor\lse-repo\.build\html_backup\assets\lse_figures\LSE_B07_Five_Soil_Health_Principles_Wheel_Ch08.png","broken-nomatch","0","",""
"C:\Users\dstor\lse-repo\.build\html_backup\LSE_BOOK_1_THE_LIVING_SOIL_WORKING_20260919_162242.html","repo","LSE_BOOK_1_THE_LIVING_SOIL_WORKING_20260919_162242.html","157","assets/lse_figures/LSE_A05_Regenerative_Permaculture_Garden_System_Ch08.png","C:\Users\dstor\lse-repo\.build\html_backup\assets\lse_figures\LSE_A05_Regenerative_Permaculture_Garden_System_Ch08.png","broken-nomatch","0","",""
"C:\Users\dstor\lse-repo\.build\html_backup\LSE_BOOK_1_THE_LIVING_SOIL_WORKING_20260919_162242.html","repo","LSE_BOOK_1_THE_LIVING_SOIL_WORKING_20260919_162242.html","157","assets/user_created_web/UCI_006_Permaculture_Zone_Map.png","C:\Users\dstor\lse-repo\.build\html_backup\assets\user_created_web\UCI_006_Permaculture_Zone_Map.png","broken-found-elsewhere","1","repo","C:\Users\dstor\lse-repo\assets\user_created_web\UCI_006_Permaculture_Zone_Map.png"
"C:\Users\dstor\lse-repo\.build\html_backup\LSE_BOOK_1_THE_LIVING_SOIL_WORKING_20260919_162242.html","repo","LSE_BOOK_1_THE_LIVING_SOIL_WORKING_20260919_162242.html","178","assets/lse_figures/LSE_B08_Thermal_Compost_Process_Ch09_Ch13.png","C:\Users\dstor\lse-repo\.build\html_backup\assets\lse_figures\LSE_B08_Thermal_Compost_Process_Ch09_Ch13.png","broken-nomatch","0","",""
"C:\Users\dstor\lse-repo\.build\html_backup\LSE_BOOK_1_THE_LIVING_SOIL_WORKING_20260919_162242.html","repo","LSE_BOOK_1_THE_LIVING_SOIL_WORKING_20260919_162242.html","181","assets/lse_figures/LSE_B09_Compost_Extract_vs_AACT_Ch09_19.png","C:\Users\dstor\lse-repo\.build\html_backup\assets\lse_figures\LSE_B09_Compost_Extract_vs_AACT_Ch09_19.png","broken-nomatch","0","",""
"C:\Users\dstor\lse-repo\.build\html_backup\LSE_BOOK_1_THE_LIVING_SOIL_WORKING_20260919_162242.html","repo","LSE_BOOK_1_THE_LIVING_SOIL_WORKING_20260919_162242.html","187","assets/lse_figures/LSE_A06_Compost_Microscope_Soil_Food_Web_Workflow_Ch09.png","C:\Users\dstor\lse-repo\.build\html_backup\assets\lse_figures\LSE_A06_Compost_Microscope_Soil_Food_Web_Workflow_Ch09.png","broken-found-elsewhere","1","repo","C:\Users\dstor\lse-repo\assets\lse_figures\LSE_A06_Compost_Microscope_Soil_Food_Web_Workflow_Ch09.png"
"C:\Users\dstor\lse-repo\.build\html_backup\LSE_BOOK_1_THE_LIVING_SOIL_WORKING_20260919_162242.html","repo","LSE_BOOK_1_THE_LIVING_SOIL_WORKING_20260919_162242.html","204","assets/lse_figures/LSE_B10_Coots_Mix_1_1_1_Triangle_Ch10_23.png","C:\Users\dstor\lse-repo\.build\html_backup\assets\lse_figures\LSE_B10_Coots_Mix_1_1_1_Triangle_Ch10_23.png","broken-nomatch","0","",""
"C:\Users\dstor\lse-repo\.build\html_backup\LSE_BOOK_1_THE_LIVING_SOIL_WORKING_20260919_162242.html","repo","LSE_BOOK_1_THE_LIVING_SOIL_WORKING_20260919_162242.html","233","assets/lse_figures/LSE_B11_Plant_Health_Pyramid_Evidence_Boundary_Ch11_Ch41.png","C:\Users\dstor\lse-repo\.build\html_backup\assets\lse_figures\LSE_B11_Plant_Health_Pyramid_Evidence_Boundary_Ch11_Ch41.png","broken-nomatch","0","",""
"C:\Users\dstor\lse-repo\.build\html_backup\LSE_BOOK_1_THE_LIVING_SOIL_WORKING_20260919_162242.html","repo","LSE_BOOK_1_THE_LIVING_SOIL_WORKING_20260919_162242.html","233","assets/lse_figures/LSE_A18_IPM_Pyramid_Scouting_Ch39.png","C:\Users\dstor\lse-repo\.build\html_backup\assets\lse_figures\LSE_A18_IPM_Pyramid_Scouting_Ch39.png","broken-nomatch","0","",""
"C:\Users\dstor\lse-repo\.build\html_backup\LSE_BOOK_1_THE_LIVING_SOIL_WORKING_20260919_162242.html","repo","LSE_BOOK_1_THE_LIVING_SOIL_WORKING_20260919_162242.html","238","assets/lse_figures/LSE_B16_Trace_Element_Deficiency_vs_Toxicity_Ch14.png","C:\Users\dstor\lse-repo\.build\html_backup\assets\lse_figures\LSE_B16_Trace_Element_Deficiency_vs_Toxicity_Ch14.png","broken-nomatch","0","",""
"C:\Users\dstor\lse-repo\.build\html_backup\LSE_BOOK_1_THE_LIVING_SOIL_WORKING_20260919_162242.html","repo","LSE_BOOK_1_THE_LIVING_SOIL_WORKING_20260919_162242.html","257","assets/lse_figures/LSE_B12_KNF_IMO_1_4_Workflow_Ch12_Ch19.png","C:\Users\dstor\lse-repo\.build\html_backup\assets\lse_figures\LSE_B12_KNF_IMO_1_4_Workflow_Ch12_Ch19.png","broken-found-elsewhere","1","repo","C:\Users\dstor\lse-repo\assets\lse_figures\LSE_B12_KNF_IMO_1_4_Workflow_Ch12_Ch19.png"
"C:\Users\dstor\lse-repo\.build\html_backup\LSE_BOOK_1_THE_LIVING_SOIL_WORKING_20260919_162242.html","repo","LSE_BOOK_1_THE_LIVING_SOIL_WORKING_20260919_162242.html","264","assets/lse_figures/LSE_B13_JADAM_Safety_Plate_Ch12_19_41.png","C:\Users\dstor\lse-repo\.build\html_backup\assets\lse_figures\LSE_B13_JADAM_Safety_Plate_Ch12_19_41.png","broken-nomatch","0","",""
"C:\Users\dstor\lse-repo\.build\html_backup\LSE_BOOK_1_THE_LIVING_SOIL_WORKING_20260919_162242.html","repo","LSE_BOOK_1_THE_LIVING_SOIL_WORKING_20260919_162242.html","298","assets/lse_figures/LSE_E01_North_Texas_Soil_Failure_Modes_Ch20_Ch21_Ch33.png","C:\Users\dstor\lse-repo\.build\html_backup\assets\lse_figures\LSE_E01_North_Texas_Soil_Failure_Modes_Ch20_Ch21_Ch33.png","broken-nomatch","0","",""
"C:\Users\dstor\lse-repo\.build\html_backup\LSE_BOOK_1_THE_LIVING_SOIL_WORKING_20260919_162242.html","repo","LSE_BOOK_1_THE_LIVING_SOIL_WORKING_20260919_162242.html","318","assets/user_created_web/UCI_012_Raised_Bed_Cross_Section_Layers_and_Fill_Strategy.png","C:\Users\dstor\lse-repo\.build\html_backup\assets\user_created_web\UCI_012_Raised_Bed_Cross_Section_Layers_and_Fill_Strategy.png","broken-nomatch","0","",""
"C:\Users\dstor\lse-repo\.build\html_backup\LSE_BOOK_1_THE_LIVING_SOIL_WORKING_20260919_162242.html","repo","LSE_BOOK_1_THE_LIVING_SOIL_WORKING_20260919_162242.html","330","assets/B30_068__LSE_FOUND_B29_PRACTICAL_ContainerVegetables_ReservoirSpace_WateringDepth_KathleenMoore_CC-BY-2.0.jpg","C:\Users\dstor\lse-repo\.build\html_backup\assets\B30_068__LSE_FOUND_B29_PRACTICAL_ContainerVegetables_ReservoirSpace_WateringDepth_KathleenMoore_CC-BY-2.0.jpg","broken-found-elsewhere","1","repo","C:\Users\dstor\lse-repo\assets\B30_068__LSE_FOUND_B29_PRACTICAL_ContainerVegetables_ReservoirSpace_WateringDepth_KathleenMoore_CC-BY-2.0.jpg"
"C:\Users\dstor\lse-repo\.build\html_backup\LSE_BOOK_1_THE_LIVING_SOIL_WORKING_20260919_162242.html","repo","LSE_BOOK_1_THE_LIVING_SOIL_WORKING_20260919_162242.html","330","assets/B30_067__LSE_FOUND_B29_ABIOTIC_ContainerHerbs_SaltBuildup_WhiteSaltCrust_DianeMays_CC-BY-2.0.jpg","C:\Users\dstor\lse-repo\.build\html_backup\assets\B30_067__LSE_FOUND_B29_ABIOTIC_ContainerHerbs_SaltBuildup_WhiteSaltCrust_DianeMays_CC-BY-2.0.jpg","broken-found-elsewhere","1","repo","C:\Users\dstor\lse-repo\assets\B30_067__LSE_FOUND_B29_ABIOTIC_ContainerHerbs_SaltBuildup_WhiteSaltCrust_DianeMays_CC-BY-2.0.jpg"
"C:\Users\dstor\lse-repo\.build\html_backup\LSE_BOOK_1_THE_LIVING_SOIL_WORKING_20260919_162242.html","repo","LSE_BOOK_1_THE_LIVING_SOIL_WORKING_20260919_162242.html","330","assets/B30_069__LSE_FOUND_B29_PRACTICAL_SmallSpaceVegetables_OutdoorRailingContainers_LucyBradley_CC-BY-2.0.jpg","C:\Users\dstor\lse-repo\.build\html_backup\assets\B30_069__LSE_FOUND_B29_PRACTICAL_SmallSpaceVegetables_OutdoorRailingContainers_LucyBradley_CC-BY-2.0.jpg","broken-found-elsewhere","1","repo","C:\Users\dstor\lse-repo\assets\B30_069__LSE_FOUND_B29_PRACTICAL_SmallSpaceVegetables_OutdoorRailingContainers_LucyBradley_CC-BY-2.0.jpg"
"C:\Users\dstor\lse-repo\.build\html_backup\LSE_BOOK_1_THE_LIVING_SOIL_WORKING_20260919_162242.html","repo","LSE_BOOK_1_THE_LIVING_SOIL_WORKING_20260919_162242.html","330","assets/B30_005__LSE_FOUND_B26_ROOTS_Container_Rootbound_CirclingRoots_B137_CC0.jpg","C:\Users\dstor\lse-repo\.build\html_backup\assets\B30_005__LSE_FOUND_B26_ROOTS_Container_Rootbound_CirclingRoots_B137_CC0.jpg","broken-found-elsewhere","1","repo","C:\Users\dstor\lse-repo\assets\B30_005__LSE_FOUND_B26_ROOTS_Container_Rootbound_CirclingRoots_B137_CC0.jpg"
"C:\Users\dstor\lse-repo\.build\html_backup\LSE_BOOK_1_THE_LIVING_SOIL_WORKING_20260919_162242.html","repo","LSE_BOOK_1_THE_LIVING_SOIL_WORKING_20260919_162242.html","332","assets/lse_figures/LSE_A12_Living_Soil_Container_Cross_Section_Ch22.png","C:\Users\dstor\lse-repo\.build\html_backup\assets\lse_figures\LSE_A12_Living_Soil_Container_Cross_Section_Ch22.png","broken-nomatch","0","",""
"C:\Users\dstor\lse-repo\.build\html_backup\LSE_BOOK_1_THE_LIVING_SOIL_WORKING_20260919_162242.html","repo","LSE_BOOK_1_THE_LIVING_SOIL_WORKING_20260919_162242.html","332","assets/lse_figures/LSE_E06_Container_Drainage_Myth_Rocks_At_The_Bottom_Ch22_Ch31.png","C:\Users\dstor\lse-repo\.build\html_backup\assets\lse_figures\LSE_E06_Container_Drainage_Myth_Rocks_At_The_Bottom_Ch22_Ch31.png","broken-nomatch","0","",""
"C:\Users\dstor\lse-repo\.build\html_backup\LSE_BOOK_1_THE_LIVING_SOIL_WORKING_20260919_162242.html","repo","LSE_BOOK_1_THE_LIVING_SOIL_WORKING_20260919_162242.html","346","assets/lse_figures/LSE_B21_Soil_Recipe_Matrix_By_Crop_Type_Ch23.png","C:\Users\dstor\lse-repo\.build\html_backup\assets\lse_figures\LSE_B21_Soil_Recipe_Matrix_By_Crop_Type_Ch23.png","broken-found-elsewhere","1","repo","C:\Users\dstor\lse-repo\assets\lse_figures\LSE_B21_Soil_Recipe_Matrix_By_Crop_Type_Ch23.png"
"C:\Users\dstor\lse-repo\.build\html_backup\LSE_BOOK_1_THE_LIVING_SOIL_WORKING_20260919_162242.html","repo","LSE_BOOK_1_THE_LIVING_SOIL_WORKING_20260919_162242.html","388","assets/user_created_web/UCI_014_No_Till_Top_Dressing_Cycle.png","C:\Users\dstor\lse-repo\.build\html_backup\assets\user_created_web\UCI_014_No_Till_Top_Dressing_Cycle.png","broken-nomatch","0","",""
"C:\Users\dstor\lse-repo\.build\html_backup\LSE_BOOK_1_THE_LIVING_SOIL_WORKING_20260919_162242.html","repo","LSE_BOOK_1_THE_LIVING_SOIL_WORKING_20260919_162242.html","388","assets/lse_figures/LSE_B22_Top_Dress_Layer_Cake_Ch24.png","C:\Users\dstor\lse-repo\.build\html_backup\assets\lse_figures\LSE_B22_Top_Dress_Layer_Cake_Ch24.png","broken-nomatch","0","",""
"C:\Users\dstor\lse-repo\.build\html_backup\LSE_BOOK_1_THE_LIVING_SOIL_WORKING_20260919_162242.html","repo","LSE_BOOK_1_THE_LIVING_SOIL_WORKING_20260919_162242.html","403","assets/lse_figures/LSE_A13_Cover_Crop_Function_Root_Architecture_Plate_Ch25.png","C:\Users\dstor\lse-repo\.build\html_backup\assets\lse_figures\LSE_A13_Cover_Crop_Function_Root_Architecture_Plate_Ch25.png","broken-nomatch","0","",""
"C:\Users\dstor\lse-repo\.build\html_backup\LSE_BOOK_1_THE_LIVING_SOIL_WORKING_20260919_162242.html","repo","LSE_BOOK_1_THE_LIVING_SOIL_WORKING_20260919_162242.html","408","assets/lse_figures/LSE_B23_Cover_Crop_Selector_North_Texas_Ch25.png","C:\Users\dstor\lse-repo\.build\html_backup\assets\lse_figures\LSE_B23_Cover_Crop_Selector_North_Texas_Ch25.png","broken-found-elsewhere","1","repo","C:\Users\dstor\lse-repo\assets\lse_figures\LSE_B23_Cover_Crop_Selector_North_Texas_Ch25.png"
"C:\Users\dstor\lse-repo\.build\html_backup\LSE_BOOK_1_THE_LIVING_SOIL_WORKING_20260919_162242.html","repo","LSE_BOOK_1_THE_LIVING_SOIL_WORKING_20260919_162242.html","412","assets/lse_figures/LSE_C20_Cover_Crop_Termination_Methods_Small_Beds_Ch25.png","C:\Users\dstor\lse-repo\.build\html_backup\assets\lse_figures\LSE_C20_Cover_Crop_Termination_Methods_Small_Beds_Ch25.png","broken-nomatch","0","",""
"C:\Users\dstor\lse-repo\.build\html_backup\LSE_BOOK_1_THE_LIVING_SOIL_WORKING_20260919_162242.html","repo","LSE_BOOK_1_THE_LIVING_SOIL_WORKING_20260919_162242.html","416","assets/lse_figures/LSE_E09_Cover_Crop_Failure_Modes_Small_Beds_Ch25.png","C:\Users\dstor\lse-repo\.build\html_backup\assets\lse_figures\LSE_E09_Cover_Crop_Failure_Modes_Small_Beds_Ch25.png","broken-nomatch","0","",""
"C:\Users\dstor\lse-repo\.build\html_backup\LSE_BOOK_1_THE_LIVING_SOIL_WORKING_20260919_162242.html","repo","LSE_BOOK_1_THE_LIVING_SOIL_WORKING_20260919_162242.html","485","assets/B30_049__LSE_FOUND_B28_SOIL_DroughtDrySoil_CrackingScale_VladislavNekrasov_CC-BY-4.0.jpg","C:\Users\dstor\lse-repo\.build\html_backup\assets\B30_049__LSE_FOUND_B28_SOIL_DroughtDrySoil_CrackingScale_VladislavNekrasov_CC-BY-4.0.jpg","broken-found-elsewhere","1","repo","C:\Users\dstor\lse-repo\assets\B30_049__LSE_FOUND_B28_SOIL_DroughtDrySoil_CrackingScale_VladislavNekrasov_CC-BY-4.0.jpg"
"C:\Users\dstor\lse-repo\.build\html_backup\LSE_BOOK_1_THE_LIVING_SOIL_WORKING_20260919_162242.html","repo","LSE_BOOK_1_THE_LIVING_SOIL_WORKING_20260919_162242.html","485","assets/B30_008__LSE_FOUND_B26_SOIL_AggregateStability_SlakeComparison_LanceCheung_USDA-PD.jpg","C:\Users\dstor\lse-repo\.build\html_backup\assets\B30_008__LSE_FOUND_B26_SOIL_AggregateStability_SlakeComparison_LanceCheung_USDA-PD.jpg","broken-found-elsewhere","1","repo","C:\Users\dstor\lse-repo\assets\B30_008__LSE_FOUND_B26_SOIL_AggregateStability_SlakeComparison_LanceCheung_USDA-PD.jpg"
"C:\Users\dstor\lse-repo\.build\html_backup\LSE_BOOK_1_THE_LIVING_SOIL_WORKING_20260919_162242.html","repo","LSE_BOOK_1_THE_LIVING_SOIL_WORKING_20260919_162242.html","485","assets/user_created_web/UCI_022_Irrigation_Systems_Comparison.png","C:\Users\dstor\lse-repo\.build\html_backup\assets\user_created_web\UCI_022_Irrigation_Systems_Comparison.png","broken-found-elsewhere","1","repo","C:\Users\dstor\lse-repo\assets\user_created_web\UCI_022_Irrigation_Systems_Comparison.png"
"C:\Users\dstor\lse-repo\.build\html_backup\LSE_BOOK_1_THE_LIVING_SOIL_WORKING_20260919_162242.html","repo","LSE_BOOK_1_THE_LIVING_SOIL_WORKING_20260919_162242.html","485","assets/B30_009__LSE_FOUND_B26_WATER_DripIrrigation_WettingPattern_PeggyGreb_USDA-PD.jpg","C:\Users\dstor\lse-repo\.build\html_backup\assets\B30_009__LSE_FOUND_B26_WATER_DripIrrigation_WettingPattern_PeggyGreb_USDA-PD.jpg","broken-found-elsewhere","1","repo","C:\Users\dstor\lse-repo\assets\B30_009__LSE_FOUND_B26_WATER_DripIrrigation_WettingPattern_PeggyGreb_USDA-PD.jpg"
"C:\Users\dstor\lse-repo\.build\html_backup\LSE_BOOK_1_THE_LIVING_SOIL_WORKING_20260919_162242.html","repo","LSE_BOOK_1_THE_LIVING_SOIL_WORKING_20260919_162242.html","485","assets/B30_080__LSE_FOUND_B29_HOLD_ROOTS_Basil_RhizoctoniaRootRot_DarkRoots_MSU_PERMISSION.jpg","C:\Users\dstor\lse-repo\.build\html_backup\assets\B30_080__LSE_FOUND_B29_HOLD_ROOTS_Basil_RhizoctoniaRootRot_DarkRoots_MSU_PERMISSION.jpg","broken-found-elsewhere","1","repo","C:\Users\dstor\lse-repo\assets\B30_080__LSE_FOUND_B29_HOLD_ROOTS_Basil_RhizoctoniaRootRot_DarkRoots_MSU_PERMISSION.jpg"
"C:\Users\dstor\lse-repo\.build\html_backup\LSE_BOOK_1_THE_LIVING_SOIL_WORKING_20260919_162242.html","repo","LSE_BOOK_1_THE_LIVING_SOIL_WORKING_20260919_162242.html","485","assets/B30_081__LSE_FOUND_B29_HOLD_ROOTS_Strawberry_BlackRootRot_HealthyVsDiseased_NCSU_PERMISSION.jpg","C:\Users\dstor\lse-repo\.build\html_backup\assets\B30_081__LSE_FOUND_B29_HOLD_ROOTS_Strawberry_BlackRootRot_HealthyVsDiseased_NCSU_PERMISSION.jpg","broken-found-elsewhere","1","repo","C:\Users\dstor\lse-repo\assets\B30_081__LSE_FOUND_B29_HOLD_ROOTS_Strawberry_BlackRootRot_HealthyVsDiseased_NCSU_PERMISSION.jpg"
"C:\Users\dstor\lse-repo\.build\html_backup\LSE_BOOK_1_THE_LIVING_SOIL_WORKING_20260919_162242.html","repo","LSE_BOOK_1_THE_LIVING_SOIL_WORKING_20260919_162242.html","487","assets/user_created_web/UCI_018_Comparing_Irrigation_Systems_for_Home_Gardens.png","C:\Users\dstor\lse-repo\.build\html_backup\assets\user_created_web\UCI_018_Comparing_Irrigation_Systems_for_Home_Gardens.png","broken-nomatch","0","",""
"C:\Users\dstor\lse-repo\.build\html_backup\LSE_BOOK_1_THE_LIVING_SOIL_WORKING_20260919_162242.html","repo","LSE_BOOK_1_THE_LIVING_SOIL_WORKING_20260919_162242.html","487","assets/lse_figures/LSE_B30_Irrigation_Systems_Compared_Ch34.png","C:\Users\dstor\lse-repo\.build\html_backup\assets\lse_figures\LSE_B30_Irrigation_Systems_Compared_Ch34.png","broken-nomatch","0","",""
"C:\Users\dstor\lse-repo\.build\html_backup\LSE_BOOK_1_THE_LIVING_SOIL_WORKING_20260919_162242.html","repo","LSE_BOOK_1_THE_LIVING_SOIL_WORKING_20260919_162242.html","491","assets/lse_figures/LSE_C05_Irrigation_Maintenance_Checklist_Ch34_35_49.png","C:\Users\dstor\lse-repo\.build\html_backup\assets\lse_figures\LSE_C05_Irrigation_Maintenance_Checklist_Ch34_35_49.png","broken-found-elsewhere","1","repo","C:\Users\dstor\lse-repo\assets\lse_figures\LSE_C05_Irrigation_Maintenance_Checklist_Ch34_35_49.png"
"C:\Users\dstor\lse-repo\.build\html_backup\LSE_BOOK_1_THE_LIVING_SOIL_WORKING_20260919_162242.html","repo","LSE_BOOK_1_THE_LIVING_SOIL_WORKING_20260919_162242.html","532","assets/user_created_web/UCI_024_Rainwater_Harvesting_System_Home_Scale.png","C:\Users\dstor\lse-repo\.build\html_backup\assets\user_created_web\UCI_024_Rainwater_Harvesting_System_Home_Scale.png","broken-nomatch","0","",""
"C:\Users\dstor\lse-repo\.build\html_backup\LSE_BOOK_1_THE_LIVING_SOIL_WORKING_20260919_162242.html","repo","LSE_BOOK_1_THE_LIVING_SOIL_WORKING_20260919_162242.html","538","assets/B30_074__LSE_FOUND_B29_PRACTICAL_HighTunnel_Vegetables_RollUpVentilation_KathleenMoore_CC-BY-2.0.jpg","C:\Users\dstor\lse-repo\.build\html_backup\assets\B30_074__LSE_FOUND_B29_PRACTICAL_HighTunnel_Vegetables_RollUpVentilation_KathleenMoore_CC-BY-2.0.jpg","broken-found-elsewhere","1","repo","C:\Users\dstor\lse-repo\assets\B30_074__LSE_FOUND_B29_PRACTICAL_HighTunnel_Vegetables_RollUpVentilation_KathleenMoore_CC-BY-2.0.jpg"
"C:\Users\dstor\lse-repo\.build\html_backup\LSE_BOOK_1_THE_LIVING_SOIL_WORKING_20260919_162242.html","repo","LSE_BOOK_1_THE_LIVING_SOIL_WORKING_20260919_162242.html","538","assets/B30_075__LSE_FOUND_B29_PRACTICAL_HerbsLettuce_ColdFrame_OpenLid_ChrisAlberti_CC-BY-2.0.jpg","C:\Users\dstor\lse-repo\.build\html_backup\assets\B30_075__LSE_FOUND_B29_PRACTICAL_HerbsLettuce_ColdFrame_OpenLid_ChrisAlberti_CC-BY-2.0.jpg","broken-found-elsewhere","1","repo","C:\Users\dstor\lse-repo\assets\B30_075__LSE_FOUND_B29_PRACTICAL_HerbsLettuce_ColdFrame_OpenLid_ChrisAlberti_CC-BY-2.0.jpg"
"C:\Users\dstor\lse-repo\.build\html_backup\LSE_BOOK_1_THE_LIVING_SOIL_WORKING_20260919_162242.html","repo","LSE_BOOK_1_THE_LIVING_SOIL_WORKING_20260919_162242.html","540","assets/lse_figures/LSE_A17_Hoop_House_Season_Extension_Setup_Ch36.png","C:\Users\dstor\lse-repo\.build\html_backup\assets\lse_figures\LSE_A17_Hoop_House_Season_Extension_Setup_Ch36.png","broken-nomatch","0","",""
"C:\Users\dstor\lse-repo\.build\html_backup\LSE_BOOK_1_THE_LIVING_SOIL_WORKING_20260919_162242.html","repo","LSE_BOOK_1_THE_LIVING_SOIL_WORKING_20260919_162242.html","543","assets/lse_figures/LSE_E14_Hoop_House_Spring_Rain_vs_Summer_Heat_Ch36.png","C:\Users\dstor\lse-repo\.build\html_backup\assets\lse_figures\LSE_E14_Hoop_House_Spring_Rain_vs_Summer_Heat_Ch36.png","broken-nomatch","0","",""
"C:\Users\dstor\lse-repo\.build\html_backup\LSE_BOOK_1_THE_LIVING_SOIL_WORKING_20260919_162242.html","repo","LSE_BOOK_1_THE_LIVING_SOIL_WORKING_20260919_162242.html","547","assets/lse_figures/LSE_E16_Light_Metrics_PPFD_DLI_Concept_Ch37.png","C:\Users\dstor\lse-repo\.build\html_backup\assets\lse_figures\LSE_E16_Light_Metrics_PPFD_DLI_Concept_Ch37.png","broken-nomatch","0","",""
"C:\Users\dstor\lse-repo\.build\html_backup\LSE_BOOK_1_THE_LIVING_SOIL_WORKING_20260919_162242.html","repo","LSE_BOOK_1_THE_LIVING_SOIL_WORKING_20260919_162242.html","558","assets/lse_figures/LSE_C02_Seed_Starting_Hardening_Off_Workflow_Ch49.png","C:\Users\dstor\lse-repo\.build\html_backup\assets\lse_figures\LSE_C02_Seed_Starting_Hardening_Off_Workflow_Ch49.png","broken-found-elsewhere","1","repo","C:\Users\dstor\lse-repo\assets\lse_figures\LSE_C02_Seed_Starting_Hardening_Off_Workflow_Ch49.png"
"C:\Users\dstor\lse-repo\.build\html_backup\LSE_BOOK_1_THE_LIVING_SOIL_WORKING_20260919_162242.html","repo","LSE_BOOK_1_THE_LIVING_SOIL_WORKING_20260919_162242.html","570","assets/lse_figures/LSE_B32_Tool_Sanitation_Workflow_Ch38_49.png","C:\Users\dstor\lse-repo\.build\html_backup\assets\lse_figures\LSE_B32_Tool_Sanitation_Workflow_Ch38_49.png","broken-found-elsewhere","1","repo","C:\Users\dstor\lse-repo\assets\lse_figures\LSE_B32_Tool_Sanitation_Workflow_Ch38_49.png"
"C:\Users\dstor\lse-repo\.build\html_backup\LSE_BOOK_1_THE_LIVING_SOIL_WORKING_20260919_162242.html","repo","LSE_BOOK_1_THE_LIVING_SOIL_WORKING_20260919_162242.html","665","assets/lse_figures/LSE_A20_Soil_Microscopy_Workflow_Ch44.png","C:\Users\dstor\lse-repo\.build\html_backup\assets\lse_figures\LSE_A20_Soil_Microscopy_Workflow_Ch44.png","broken-found-elsewhere","1","repo","C:\Users\dstor\lse-repo\assets\lse_figures\LSE_A20_Soil_Microscopy_Workflow_Ch44.png"
"C:\Users\dstor\lse-repo\.build\html_backup\LSE_BOOK_1_THE_LIVING_SOIL_WORKING_20260919_162242.html","repo","LSE_BOOK_1_THE_LIVING_SOIL_WORKING_20260919_162242.html","692","assets/user_created_web/UCI_023_Soil_Test_Results_How_to_Read_Them.png","C:\Users\dstor\lse-repo\.build\html_backup\assets\user_created_web\UCI_023_Soil_Test_Results_How_to_Read_Them.png","broken-nomatch","0","",""
"C:\Users\dstor\lse-repo\.build\html_backup\LSE_BOOK_1_THE_LIVING_SOIL_WORKING_20260919_162242.html","repo","LSE_BOOK_1_THE_LIVING_SOIL_WORKING_20260919_162242.html","704","assets/lse_figures/LSE_C12_Soil_Test_Report_Decoder_Ch45.png","C:\Users\dstor\lse-repo\.build\html_backup\assets\lse_figures\LSE_C12_Soil_Test_Report_Decoder_Ch45.png","broken-found-elsewhere","1","repo","C:\Users\dstor\lse-repo\assets\lse_figures\LSE_C12_Soil_Test_Report_Decoder_Ch45.png"
"C:\Users\dstor\lse-repo\.build\html_backup\LSE_BOOK_2_INPUTS_AND_AMENDMENTS_WORKING_20260919_162242.html","repo","LSE_BOOK_2_INPUTS_AND_AMENDMENTS_WORKING_20260919_162242.html","6","assets/user_created_web/UCI_008_Soil_Input_Categories_Overview.png","C:\Users\dstor\lse-repo\.build\html_backup\assets\user_created_web\UCI_008_Soil_Input_Categories_Overview.png","broken-nomatch","0","",""
"C:\Users\dstor\lse-repo\.build\html_backup\LSE_BOOK_2_INPUTS_AND_AMENDMENTS_WORKING_20260919_162242.html","repo","LSE_BOOK_2_INPUTS_AND_AMENDMENTS_WORKING_20260919_162242.html","8","assets/lse_figures/LSE_A09_Compost_Maturity_Contamination_Inspection_Ch13.png","C:\Users\dstor\lse-repo\.build\html_backup\assets\lse_figures\LSE_A09_Compost_Maturity_Contamination_Inspection_Ch13.png","broken-nomatch","0","",""
"C:\Users\dstor\lse-repo\.build\html_backup\LSE_BOOK_2_INPUTS_AND_AMENDMENTS_WORKING_20260919_162242.html","repo","LSE_BOOK_2_INPUTS_AND_AMENDMENTS_WORKING_20260919_162242.html","8","assets/B30_007__LSE_FOUND_B26_COMPOST_Compost_MaturityContamination_TemperatureInspection_StephenAusmus_USDA-PD.jpg","C:\Users\dstor\lse-repo\.build\html_backup\assets\B30_007__LSE_FOUND_B26_COMPOST_Compost_MaturityContamination_TemperatureInspection_StephenAusmus_USDA-PD.jpg","broken-found-elsewhere","1","repo","C:\Users\dstor\lse-repo\assets\B30_007__LSE_FOUND_B26_COMPOST_Compost_MaturityContamination_TemperatureInspection_StephenAusmus_USDA-PD.jpg"
"C:\Users\dstor\lse-repo\.build\html_backup\LSE_BOOK_2_INPUTS_AND_AMENDMENTS_WORKING_20260919_162242.html","repo","LSE_BOOK_2_INPUTS_AND_AMENDMENTS_WORKING_20260919_162242.html","545","assets/lse_figures/LSE_B17_Microbial_Inoculant_Viability_Root_Contact_Ch17.png","C:\Users\dstor\lse-repo\.build\html_backup\assets\lse_figures\LSE_B17_Microbial_Inoculant_Viability_Root_Contact_Ch17.png","broken-nomatch","0","",""
"C:\Users\dstor\lse-repo\.build\html_backup\LSE_BOOK_2_INPUTS_AND_AMENDMENTS_WORKING_20260919_162242.html","repo","LSE_BOOK_2_INPUTS_AND_AMENDMENTS_WORKING_20260919_162242.html","779","assets/lse_figures/LSE_A10_Brews_Teas_Ferments_Safety_Station_Ch19.png","C:\Users\dstor\lse-repo\.build\html_backup\assets\lse_figures\LSE_A10_Brews_Teas_Ferments_Safety_Station_Ch19.png","broken-nomatch","0","",""
"C:\Users\dstor\lse-repo\.build\html_backup\LSE_BOOK_2_INPUTS_AND_AMENDMENTS_WORKING_20260919_162242.html","repo","LSE_BOOK_2_INPUTS_AND_AMENDMENTS_WORKING_20260919_162242.html","779","assets/user_created_web/UCI_031_Home_Brew_Feed_Quick_Reference_Card.png","C:\Users\dstor\lse-repo\.build\html_backup\assets\user_created_web\UCI_031_Home_Brew_Feed_Quick_Reference_Card.png","broken-found-elsewhere","1","repo","C:\Users\dstor\lse-repo\assets\user_created_web\UCI_031_Home_Brew_Feed_Quick_Reference_Card.png"
"C:\Users\dstor\lse-repo\.build\html_backup\LSE_BOOK_2_INPUTS_AND_AMENDMENTS_WORKING_20260919_162242.html","repo","LSE_BOOK_2_INPUTS_AND_AMENDMENTS_WORKING_20260919_162242.html","782","assets/lse_figures/LSE_C06_AACT_Brewing_Safety_Workflow_Ch19_Ch49.png","C:\Users\dstor\lse-repo\.build\html_backup\assets\lse_figures\LSE_C06_AACT_Brewing_Safety_Workflow_Ch19_Ch49.png","broken-found-elsewhere","1","repo","C:\Users\dstor\lse-repo\assets\lse_figures\LSE_C06_AACT_Brewing_Safety_Workflow_Ch19_Ch49.png"
"C:\Users\dstor\lse-repo\.build\html_backup\LSE_BOOK_2_INPUTS_AND_AMENDMENTS_WORKING_20260919_162242.html","repo","LSE_BOOK_2_INPUTS_AND_AMENDMENTS_WORKING_20260919_162242.html","1263","assets/lse_figures/LSE_B15_Lime_Gypsum_Sulfur_Decision_Tree_Ch14.png","C:\Users\dstor\lse-repo\.build\html_backup\assets\lse_figures\LSE_B15_Lime_Gypsum_Sulfur_Decision_Tree_Ch14.png","broken-found-elsewhere","1","repo","C:\Users\dstor\lse-repo\assets\lse_figures\LSE_B15_Lime_Gypsum_Sulfur_Decision_Tree_Ch14.png"
"C:\Users\dstor\lse-repo\.build\html_backup\LSE_BOOK_2_INPUTS_AND_AMENDMENTS_WORKING_20260919_162242.html","repo","LSE_BOOK_2_INPUTS_AND_AMENDMENTS_WORKING_20260919_162242.html","1263","assets/user_created_web/UCI_004_Soil_Nutrient_Availability.png","C:\Users\dstor\lse-repo\.build\html_backup\assets\user_created_web\UCI_004_Soil_Nutrient_Availability.png","broken-nomatch","0","",""
"C:\Users\dstor\lse-repo\.build\html_backup\LSE_BOOK_2_INPUTS_AND_AMENDMENTS_WORKING_20260919_162242.html","repo","LSE_BOOK_2_INPUTS_AND_AMENDMENTS_WORKING_20260919_162242.html","1554","assets/lse_figures/LSE_B18_Raw_vs_Charged_Biochar_Ch18.png","C:\Users\dstor\lse-repo\.build\html_backup\assets\lse_figures\LSE_B18_Raw_vs_Charged_Biochar_Ch18.png","broken-nomatch","0","",""
"C:\Users\dstor\lse-repo\.build\html_backup\LSE_BOOK_3_CROPS_AND_GUILDS_WORKING_20260919_162242.html","repo","LSE_BOOK_3_CROPS_AND_GUILDS_WORKING_20260919_162242.html","6","assets/lse_figures/LSE_B24_Companion_Planting_Mechanism_vs_Folklore_Ch26.png","C:\Users\dstor\lse-repo\.build\html_backup\assets\lse_figures\LSE_B24_Companion_Planting_Mechanism_vs_Folklore_Ch26.png","broken-nomatch","0","",""
"C:\Users\dstor\lse-repo\.build\html_backup\LSE_BOOK_3_CROPS_AND_GUILDS_WORKING_20260919_162242.html","repo","LSE_BOOK_3_CROPS_AND_GUILDS_WORKING_20260919_162242.html","9","assets/lse_figures/LSE_E12_Trap_Crop_Decision_Nasturtium_Aphids_Ch26_Ch28_Ch39.png","C:\Users\dstor\lse-repo\.build\html_backup\assets\lse_figures\LSE_E12_Trap_Crop_Decision_Nasturtium_Aphids_Ch26_Ch28_Ch39.png","broken-nomatch","0","",""
"C:\Users\dstor\lse-repo\.build\html_backup\LSE_BOOK_3_CROPS_AND_GUILDS_WORKING_20260919_162242.html","repo","LSE_BOOK_3_CROPS_AND_GUILDS_WORKING_20260919_162242.html","14","assets/user_created_web/UCI_015_Three_Sisters_Guild.png","C:\Users\dstor\lse-repo\.build\html_backup\assets\user_created_web\UCI_015_Three_Sisters_Guild.png","broken-nomatch","0","",""
"C:\Users\dstor\lse-repo\.build\html_backup\LSE_BOOK_3_CROPS_AND_GUILDS_WORKING_20260919_162242.html","repo","LSE_BOOK_3_CROPS_AND_GUILDS_WORKING_20260919_162242.html","14","assets/user_created_web/UCI_016_Polyculture_Guild_Design.png","C:\Users\dstor\lse-repo\.build\html_backup\assets\user_created_web\UCI_016_Polyculture_Guild_Design.png","broken-nomatch","0","",""
"C:\Users\dstor\lse-repo\.build\html_backup\LSE_BOOK_3_CROPS_AND_GUILDS_WORKING_20260919_162242.html","repo","LSE_BOOK_3_CROPS_AND_GUILDS_WORKING_20260919_162242.html","14","assets/lse_figures/LSE_B25_Seven_Layer_Guild_Design_Texas_Peach_Ch27.png","C:\Users\dstor\lse-repo\.build\html_backup\assets\lse_figures\LSE_B25_Seven_Layer_Guild_Design_Texas_Peach_Ch27.png","broken-nomatch","0","",""
"C:\Users\dstor\lse-repo\.build\html_backup\LSE_BOOK_3_CROPS_AND_GUILDS_WORKING_20260919_162242.html","repo","LSE_BOOK_3_CROPS_AND_GUILDS_WORKING_20260919_162242.html","30","assets/lse_figures/LSE_A14_Insectary_Pollinator_Guild_Ch28.png","C:\Users\dstor\lse-repo\.build\html_backup\assets\lse_figures\LSE_A14_Insectary_Pollinator_Guild_Ch28.png","broken-nomatch","0","",""
"C:\Users\dstor\lse-repo\.build\html_backup\LSE_BOOK_3_CROPS_AND_GUILDS_WORKING_20260919_162242.html","repo","LSE_BOOK_3_CROPS_AND_GUILDS_WORKING_20260919_162242.html","30","assets/lse_figures/LSE_E07_Living_Mulch_Insectary_Strip_Boundary_Ch28.png","C:\Users\dstor\lse-repo\.build\html_backup\assets\lse_figures\LSE_E07_Living_Mulch_Insectary_Strip_Boundary_Ch28.png","broken-nomatch","0","",""
"C:\Users\dstor\lse-repo\.build\html_backup\LSE_BOOK_3_CROPS_AND_GUILDS_WORKING_20260919_162242.html","repo","LSE_BOOK_3_CROPS_AND_GUILDS_WORKING_20260919_162242.html","30","assets/lse_figures/LSE_B26_Flower_Architecture_For_Beneficial_Insects_Ch28_40.png","C:\Users\dstor\lse-repo\.build\html_backup\assets\lse_figures\LSE_B26_Flower_Architecture_For_Beneficial_Insects_Ch28_40.png","broken-nomatch","0","",""
"C:\Users\dstor\lse-repo\.build\html_backup\LSE_BOOK_3_CROPS_AND_GUILDS_WORKING_20260919_162242.html","repo","LSE_BOOK_3_CROPS_AND_GUILDS_WORKING_20260919_162242.html","33","assets/lse_figures/LSE_E10_Pollinator_Safe_Spray_Timing_Ch28_39_41.png","C:\Users\dstor\lse-repo\.build\html_backup\assets\lse_figures\LSE_E10_Pollinator_Safe_Spray_Timing_Ch28_39_41.png","broken-nomatch","0","",""
"C:\Users\dstor\lse-repo\.build\html_backup\LSE_BOOK_3_CROPS_AND_GUILDS_WORKING_20260919_162242.html","repo","LSE_BOOK_3_CROPS_AND_GUILDS_WORKING_20260919_162242.html","33","assets/user_created_web/UCI_013_Beneficial_Insectary_Bloom_Calendar.png","C:\Users\dstor\lse-repo\.build\html_backup\assets\user_created_web\UCI_013_Beneficial_Insectary_Bloom_Calendar.png","broken-found-elsewhere","1","repo","C:\Users\dstor\lse-repo\assets\user_created_web\UCI_013_Beneficial_Insectary_Bloom_Calendar.png"
"C:\Users\dstor\lse-repo\.build\html_backup\LSE_BOOK_3_CROPS_AND_GUILDS_WORKING_20260919_162242.html","repo","LSE_BOOK_3_CROPS_AND_GUILDS_WORKING_20260919_162242.html","42","assets/lse_figures/LSE_E11_North_Texas_Insectary_Bloom_Succession_Calendar_Ch28_40.png","C:\Users\dstor\lse-repo\.build\html_backup\assets\lse_figures\LSE_E11_North_Texas_Insectary_Bloom_Succession_Calendar_Ch28_40.png","broken-found-elsewhere","1","repo","C:\Users\dstor\lse-repo\assets\lse_figures\LSE_E11_North_Texas_Insectary_Bloom_Succession_Calendar_Ch28_40.png"
"C:\Users\dstor\lse-repo\.build\html_backup\LSE_BOOK_3_CROPS_AND_GUILDS_WORKING_20260919_162242.html","repo","LSE_BOOK_3_CROPS_AND_GUILDS_WORKING_20260919_162242.html","54","assets/lse_figures/LSE_A15_Crop_Family_Rotation_Map_Ch29.png","C:\Users\dstor\lse-repo\.build\html_backup\assets\lse_figures\LSE_A15_Crop_Family_Rotation_Map_Ch29.png","broken-found-elsewhere","1","repo","C:\Users\dstor\lse-repo\assets\lse_figures\LSE_A15_Crop_Family_Rotation_Map_Ch29.png"
"C:\Users\dstor\lse-repo\.build\html_backup\LSE_BOOK_3_CROPS_AND_GUILDS_WORKING_20260919_162242.html","repo","LSE_BOOK_3_CROPS_AND_GUILDS_WORKING_20260919_162242.html","57","assets/lse_figures/LSE_B28_North_Texas_Bed_Pivot_Calendar_Ch25_Ch29_Ch30.png","C:\Users\dstor\lse-repo\.build\html_backup\assets\lse_figures\LSE_B28_North_Texas_Bed_Pivot_Calendar_Ch25_Ch29_Ch30.png","broken-found-elsewhere","1","repo","C:\Users\dstor\lse-repo\assets\lse_figures\LSE_B28_North_Texas_Bed_Pivot_Calendar_Ch25_Ch29_Ch30.png"
"C:\Users\dstor\lse-repo\.build\html_backup\LSE_BOOK_3_CROPS_AND_GUILDS_WORKING_20260919_162242.html","repo","LSE_BOOK_3_CROPS_AND_GUILDS_WORKING_20260919_162242.html","60","assets/lse_figures/LSE_C08_Crop_Planning_Succession_Board_Ch29_49.png","C:\Users\dstor\lse-repo\.build\html_backup\assets\lse_figures\LSE_C08_Crop_Planning_Succession_Board_Ch29_49.png","broken-nomatch","0","",""
"C:\Users\dstor\lse-repo\.build\html_backup\LSE_BOOK_3_CROPS_AND_GUILDS_WORKING_20260919_162242.html","repo","LSE_BOOK_3_CROPS_AND_GUILDS_WORKING_20260919_162242.html","62","assets/user_created_web/UCI_028_Seasonal_Planting_Calendar.png","C:\Users\dstor\lse-repo\.build\html_backup\assets\user_created_web\UCI_028_Seasonal_Planting_Calendar.png","broken-found-elsewhere","1","repo","C:\Users\dstor\lse-repo\assets\user_created_web\UCI_028_Seasonal_Planting_Calendar.png"
"C:\Users\dstor\lse-repo\.build\html_backup\LSE_BOOK_3_CROPS_AND_GUILDS_WORKING_20260919_162242.html","repo","LSE_BOOK_3_CROPS_AND_GUILDS_WORKING_20260919_162242.html","93","assets/lse_figures/LSE_D13_Squash_Vine_Borer_Scouting_Plate_Ch30_39.png","C:\Users\dstor\lse-repo\.build\html_backup\assets\lse_figures\LSE_D13_Squash_Vine_Borer_Scouting_Plate_Ch30_39.png","broken-nomatch","0","",""
"C:\Users\dstor\lse-repo\.build\html_backup\LSE_BOOK_3_CROPS_AND_GUILDS_WORKING_20260919_162242.html","repo","LSE_BOOK_3_CROPS_AND_GUILDS_WORKING_20260919_162242.html","98","assets/lse_figures/LSE_D14_Cucumber_Beetle_Bacterial_Wilt_Vector_Diagram_Ch30_Ch39_Ch42.png","C:\Users\dstor\lse-repo\.build\html_backup\assets\lse_figures\LSE_D14_Cucumber_Beetle_Bacterial_Wilt_Vector_Diagram_Ch30_Ch39_Ch42.png","broken-nomatch","0","",""
"C:\Users\dstor\lse-repo\.build\html_backup\LSE_BOOK_3_CROPS_AND_GUILDS_WORKING_20260919_162242.html","repo","LSE_BOOK_3_CROPS_AND_GUILDS_WORKING_20260919_162242.html","98","assets/lse_figures/LSE_D17_Okra_Pod_Injury_Hidden_Pest_Damage_Ch30.png","C:\Users\dstor\lse-repo\.build\html_backup\assets\lse_figures\LSE_D17_Okra_Pod_Injury_Hidden_Pest_Damage_Ch30.png","broken-nomatch","0","",""
"C:\Users\dstor\lse-repo\.build\html_backup\LSE_BOOK_3_CROPS_AND_GUILDS_WORKING_20260919_162242.html","repo","LSE_BOOK_3_CROPS_AND_GUILDS_WORKING_20260919_162242.html","103","assets/lse_figures/LSE_E03_Row_Cover_Low_Tunnel_Timing_Plate_Ch30_36_39.png","C:\Users\dstor\lse-repo\.build\html_backup\assets\lse_figures\LSE_E03_Row_Cover_Low_Tunnel_Timing_Plate_Ch30_36_39.png","broken-nomatch","0","",""
"C:\Users\dstor\lse-repo\.build\html_backup\LSE_BOOK_3_CROPS_AND_GUILDS_WORKING_20260919_162242.html","repo","LSE_BOOK_3_CROPS_AND_GUILDS_WORKING_20260919_162242.html","105","assets/lse_figures/LSE_B29_Herb_Grouping_Matrix_Ch31.png","C:\Users\dstor\lse-repo\.build\html_backup\assets\lse_figures\LSE_B29_Herb_Grouping_Matrix_Ch31.png","broken-found-elsewhere","1","repo","C:\Users\dstor\lse-repo\assets\lse_figures\LSE_B29_Herb_Grouping_Matrix_Ch31.png"
"C:\Users\dstor\lse-repo\.build\html_backup\LSE_BOOK_3_CROPS_AND_GUILDS_WORKING_20260919_162242.html","repo","LSE_BOOK_3_CROPS_AND_GUILDS_WORKING_20260919_162242.html","108","assets/lse_figures/LSE_C17_Basil_Pruning_Downy_Mildew_Scouting_Ch31_42.png","C:\Users\dstor\lse-repo\.build\html_backup\assets\lse_figures\LSE_C17_Basil_Pruning_Downy_Mildew_Scouting_Ch31_42.png","broken-nomatch","0","",""
"C:\Users\dstor\lse-repo\.build\html_backup\LSE_BOOK_3_CROPS_AND_GUILDS_WORKING_20260919_162242.html","repo","LSE_BOOK_3_CROPS_AND_GUILDS_WORKING_20260919_162242.html","114","assets/lse_figures/LSE_C19_Woody_Herb_Harvest_Limits_Ch31.png","C:\Users\dstor\lse-repo\.build\html_backup\assets\lse_figures\LSE_C19_Woody_Herb_Harvest_Limits_Ch31.png","broken-nomatch","0","",""
"C:\Users\dstor\lse-repo\.build\html_backup\LSE_BOOK_3_CROPS_AND_GUILDS_WORKING_20260919_162242.html","repo","LSE_BOOK_3_CROPS_AND_GUILDS_WORKING_20260919_162242.html","114","assets/lse_figures/LSE_D20_Basil_Downy_Mildew_vs_Nutrient_Yellowing_Ch31_42.png","C:\Users\dstor\lse-repo\.build\html_backup\assets\lse_figures\LSE_D20_Basil_Downy_Mildew_vs_Nutrient_Yellowing_Ch31_42.png","broken-nomatch","0","",""
"C:\Users\dstor\lse-repo\.build\html_backup\LSE_BOOK_3_CROPS_AND_GUILDS_WORKING_20260919_162242.html","repo","LSE_BOOK_3_CROPS_AND_GUILDS_WORKING_20260919_162242.html","114","assets/lse_figures/LSE_C16_Herb_Barrel_Setup_Sequence_Ch31.png","C:\Users\dstor\lse-repo\.build\html_backup\assets\lse_figures\LSE_C16_Herb_Barrel_Setup_Sequence_Ch31.png","broken-nomatch","0","",""
"C:\Users\dstor\lse-repo\.build\html_backup\LSE_BOOK_3_CROPS_AND_GUILDS_WORKING_20260919_162242.html","repo","LSE_BOOK_3_CROPS_AND_GUILDS_WORKING_20260919_162242.html","116","assets/lse_figures/LSE_C18_Cilantro_Dill_Cool_Season_Succession_Ch31.png","C:\Users\dstor\lse-repo\.build\html_backup\assets\lse_figures\LSE_C18_Cilantro_Dill_Cool_Season_Succession_Ch31.png","broken-nomatch","0","",""
"C:\Users\dstor\lse-repo\.build\html_backup\LSE_BOOK_3_CROPS_AND_GUILDS_WORKING_20260919_162242.html","repo","LSE_BOOK_3_CROPS_AND_GUILDS_WORKING_20260919_162242.html","116","assets/lse_figures/LSE_E05_Barrel_Herb_Garden_Cross_Section_Ch31.png","C:\Users\dstor\lse-repo\.build\html_backup\assets\lse_figures\LSE_E05_Barrel_Herb_Garden_Cross_Section_Ch31.png","broken-nomatch","0","",""
"C:\Users\dstor\lse-repo\.build\html_backup\LSE_BOOK_4_PLANT_HEALTH_AND_DEFENSE_WORKING_20260919_162242.html","repo","LSE_BOOK_4_PLANT_HEALTH_AND_DEFENSE_WORKING_20260919_162242.html","6","assets/user_created_web/UCI_020_Common_Dallas_Pest_Identification_Guide.png","C:\Users\dstor\lse-repo\.build\html_backup\assets\user_created_web\UCI_020_Common_Dallas_Pest_Identification_Guide.png","broken-found-elsewhere","1","repo","C:\Users\dstor\lse-repo\assets\user_created_web\UCI_020_Common_Dallas_Pest_Identification_Guide.png"
"C:\Users\dstor\lse-repo\.build\html_backup\LSE_BOOK_4_PLANT_HEALTH_AND_DEFENSE_WORKING_20260919_162242.html","repo","LSE_BOOK_4_PLANT_HEALTH_AND_DEFENSE_WORKING_20260919_162242.html","6","assets/B30_052__LSE_FOUND_B28_PEST_Brassica_CabbageFlyLarva_StalkDamage_PakChoi_SchlagheckenJosef_CC-BY-SA-4.0.jpg","C:\Users\dstor\lse-repo\.build\html_backup\assets\B30_052__LSE_FOUND_B28_PEST_Brassica_CabbageFlyLarva_StalkDamage_PakChoi_SchlagheckenJosef_CC-BY-SA-4.0.jpg","broken-found-elsewhere","1","repo","C:\Users\dstor\lse-repo\assets\B30_052__LSE_FOUND_B28_PEST_Brassica_CabbageFlyLarva_StalkDamage_PakChoi_SchlagheckenJosef_CC-BY-SA-4.0.jpg"
"C:\Users\dstor\lse-repo\.build\html_backup\LSE_BOOK_4_PLANT_HEALTH_AND_DEFENSE_WORKING_20260919_162242.html","repo","LSE_BOOK_4_PLANT_HEALTH_AND_DEFENSE_WORKING_20260919_162242.html","6","assets/B30_053__LSE_FOUND_B28_PEST_Brassica_DeliaRadicum_MaggotPupaLifeStages_Rasbak_CC-BY-SA-GFDL.jpg","C:\Users\dstor\lse-repo\.build\html_backup\assets\B30_053__LSE_FOUND_B28_PEST_Brassica_DeliaRadicum_MaggotPupaLifeStages_Rasbak_CC-BY-SA-GFDL.jpg","broken-found-elsewhere","1","repo","C:\Users\dstor\lse-repo\assets\B30_053__LSE_FOUND_B28_PEST_Brassica_DeliaRadicum_MaggotPupaLifeStages_Rasbak_CC-BY-SA-GFDL.jpg"
"C:\Users\dstor\lse-repo\.build\html_backup\LSE_BOOK_4_PLANT_HEALTH_AND_DEFENSE_WORKING_20260919_162242.html","repo","LSE_BOOK_4_PLANT_HEALTH_AND_DEFENSE_WORKING_20260919_162242.html","6","assets/B30_027__LSE_FOUND_B27_PEST_Cowpea_CowpeaCurculio_PodCrossSectionLarvaAdult_UGA_VERIFY.jpg","C:\Users\dstor\lse-repo\.build\html_backup\assets\B30_027__LSE_FOUND_B27_PEST_Cowpea_CowpeaCurculio_PodCrossSectionLarvaAdult_UGA_VERIFY.jpg","broken-found-elsewhere","1","repo","C:\Users\dstor\lse-repo\assets\B30_027__LSE_FOUND_B27_PEST_Cowpea_CowpeaCurculio_PodCrossSectionLarvaAdult_UGA_VERIFY.jpg"
"C:\Users\dstor\lse-repo\.build\html_backup\LSE_BOOK_4_PLANT_HEALTH_AND_DEFENSE_WORKING_20260919_162242.html","repo","LSE_BOOK_4_PLANT_HEALTH_AND_DEFENSE_WORKING_20260919_162242.html","6","assets/B30_028__LSE_FOUND_B27_PEST_Cowpea_CowpeaCurculio_LarvaInsidePodRisk_UGA_VERIFY.jpg","C:\Users\dstor\lse-repo\.build\html_backup\assets\B30_028__LSE_FOUND_B27_PEST_Cowpea_CowpeaCurculio_LarvaInsidePodRisk_UGA_VERIFY.jpg","broken-found-elsewhere","1","repo","C:\Users\dstor\lse-repo\assets\B30_028__LSE_FOUND_B27_PEST_Cowpea_CowpeaCurculio_LarvaInsidePodRisk_UGA_VERIFY.jpg"
"C:\Users\dstor\lse-repo\.build\html_backup\LSE_BOOK_4_PLANT_HEALTH_AND_DEFENSE_WORKING_20260919_162242.html","repo","LSE_BOOK_4_PLANT_HEALTH_AND_DEFENSE_WORKING_20260919_162242.html","6","assets/B30_079__LSE_FOUND_B29_HOLD_PEST_Okra_StinkBugDamage_TwistedPods_Clemson_PERMISSION.jpg","C:\Users\dstor\lse-repo\.build\html_backup\assets\B30_079__LSE_FOUND_B29_HOLD_PEST_Okra_StinkBugDamage_TwistedPods_Clemson_PERMISSION.jpg","broken-found-elsewhere","1","repo","C:\Users\dstor\lse-repo\assets\B30_079__LSE_FOUND_B29_HOLD_PEST_Okra_StinkBugDamage_TwistedPods_Clemson_PERMISSION.jpg"
"C:\Users\dstor\lse-repo\.build\html_backup\LSE_BOOK_4_PLANT_HEALTH_AND_DEFENSE_WORKING_20260919_162242.html","repo","LSE_BOOK_4_PLANT_HEALTH_AND_DEFENSE_WORKING_20260919_162242.html","16","assets/B30_029__LSE_FOUND_B27_PEST_Cowpea_CowpeaCurculio_AdultScouting_UGA_VERIFY.jpg","C:\Users\dstor\lse-repo\.build\html_backup\assets\B30_029__LSE_FOUND_B27_PEST_Cowpea_CowpeaCurculio_AdultScouting_UGA_VERIFY.jpg","broken-found-elsewhere","1","repo","C:\Users\dstor\lse-repo\assets\B30_029__LSE_FOUND_B27_PEST_Cowpea_CowpeaCurculio_AdultScouting_UGA_VERIFY.jpg"
"C:\Users\dstor\lse-repo\.build\html_backup\LSE_BOOK_4_PLANT_HEALTH_AND_DEFENSE_WORKING_20260919_162242.html","repo","LSE_BOOK_4_PLANT_HEALTH_AND_DEFENSE_WORKING_20260919_162242.html","16","assets/B30_030__LSE_FOUND_B27_PEST_Eggplant_FleaBeetle_ShotHolePittedLeaf_DavidCappaert-Bugwood_VERIFY.jpg","C:\Users\dstor\lse-repo\.build\html_backup\assets\B30_030__LSE_FOUND_B27_PEST_Eggplant_FleaBeetle_ShotHolePittedLeaf_DavidCappaert-Bugwood_VERIFY.jpg","broken-found-elsewhere","1","repo","C:\Users\dstor\lse-repo\assets\B30_030__LSE_FOUND_B27_PEST_Eggplant_FleaBeetle_ShotHolePittedLeaf_DavidCappaert-Bugwood_VERIFY.jpg"
"C:\Users\dstor\lse-repo\.build\html_backup\LSE_BOOK_4_PLANT_HEALTH_AND_DEFENSE_WORKING_20260919_162242.html","repo","LSE_BOOK_4_PLANT_HEALTH_AND_DEFENSE_WORKING_20260919_162242.html","18","assets/B30_073__LSE_FOUND_B29_PRACTICAL_RowCover_LowTunnel_FabricOverHoops_KathleenMoore_CC-BY-2.0.jpg","C:\Users\dstor\lse-repo\.build\html_backup\assets\B30_073__LSE_FOUND_B29_PRACTICAL_RowCover_LowTunnel_FabricOverHoops_KathleenMoore_CC-BY-2.0.jpg","broken-found-elsewhere","1","repo","C:\Users\dstor\lse-repo\assets\B30_073__LSE_FOUND_B29_PRACTICAL_RowCover_LowTunnel_FabricOverHoops_KathleenMoore_CC-BY-2.0.jpg"
"C:\Users\dstor\lse-repo\.build\html_backup\LSE_BOOK_4_PLANT_HEALTH_AND_DEFENSE_WORKING_20260919_162242.html","repo","LSE_BOOK_4_PLANT_HEALTH_AND_DEFENSE_WORKING_20260919_162242.html","18","assets/B30_033__LSE_FOUND_B27_EXCLUSION_VegetableBeds_FloatingRowCover_PhysicalBarrier_ScotNelson_CONDITIONAL.jpg","C:\Users\dstor\lse-repo\.build\html_backup\assets\B30_033__LSE_FOUND_B27_EXCLUSION_VegetableBeds_FloatingRowCover_PhysicalBarrier_ScotNelson_CONDITIONAL.jpg","broken-found-elsewhere","1","repo","C:\Users\dstor\lse-repo\assets\B30_033__LSE_FOUND_B27_EXCLUSION_VegetableBeds_FloatingRowCover_PhysicalBarrier_ScotNelson_CONDITIONAL.jpg"
"C:\Users\dstor\lse-repo\.build\html_backup\LSE_BOOK_4_PLANT_HEALTH_AND_DEFENSE_WORKING_20260919_162242.html","repo","LSE_BOOK_4_PLANT_HEALTH_AND_DEFENSE_WORKING_20260919_162242.html","26","assets/B30_048__LSE_FOUND_B28_PEST_Brassica_CabbageFlyMaggot_RootDamage_Kohlrabi_SchlagheckenJosef_CC-BY-4.0.jpg","C:\Users\dstor\lse-repo\.build\html_backup\assets\B30_048__LSE_FOUND_B28_PEST_Brassica_CabbageFlyMaggot_RootDamage_Kohlrabi_SchlagheckenJosef_CC-BY-4.0.jpg","broken-found-elsewhere","1","repo","C:\Users\dstor\lse-repo\assets\B30_048__LSE_FOUND_B28_PEST_Brassica_CabbageFlyMaggot_RootDamage_Kohlrabi_SchlagheckenJosef_CC-BY-4.0.jpg"
"C:\Users\dstor\lse-repo\.build\html_backup\LSE_BOOK_4_PLANT_HEALTH_AND_DEFENSE_WORKING_20260919_162242.html","repo","LSE_BOOK_4_PLANT_HEALTH_AND_DEFENSE_WORKING_20260919_162242.html","26","assets/B30_032__LSE_FOUND_B27_EXCLUSION_Seedlings_CutwormCollars_CardboardBarrier_KathleenMoore_CC-BY-2.0.jpg","C:\Users\dstor\lse-repo\.build\html_backup\assets\B30_032__LSE_FOUND_B27_EXCLUSION_Seedlings_CutwormCollars_CardboardBarrier_KathleenMoore_CC-BY-2.0.jpg","broken-found-elsewhere","1","repo","C:\Users\dstor\lse-repo\assets\B30_032__LSE_FOUND_B27_EXCLUSION_Seedlings_CutwormCollars_CardboardBarrier_KathleenMoore_CC-BY-2.0.jpg"
"C:\Users\dstor\lse-repo\.build\html_backup\LSE_BOOK_4_PLANT_HEALTH_AND_DEFENSE_WORKING_20260919_162242.html","repo","LSE_BOOK_4_PLANT_HEALTH_AND_DEFENSE_WORKING_20260919_162242.html","26","assets/B30_031__LSE_FOUND_B27_PEST_Corn_BlackCutworm_SeveredSeedlingDamage_WM-Hantsbarger_CC-BY-3.0-US.jpg","C:\Users\dstor\lse-repo\.build\html_backup\assets\B30_031__LSE_FOUND_B27_PEST_Corn_BlackCutworm_SeveredSeedlingDamage_WM-Hantsbarger_CC-BY-3.0-US.jpg","broken-found-elsewhere","1","repo","C:\Users\dstor\lse-repo\assets\B30_031__LSE_FOUND_B27_PEST_Corn_BlackCutworm_SeveredSeedlingDamage_WM-Hantsbarger_CC-BY-3.0-US.jpg"
"C:\Users\dstor\lse-repo\.build\html_backup\LSE_BOOK_4_PLANT_HEALTH_AND_DEFENSE_WORKING_20260919_162242.html","repo","LSE_BOOK_4_PLANT_HEALTH_AND_DEFENSE_WORKING_20260919_162242.html","26","assets/B30_034__LSE_FOUND_B27_EXCLUSION_Containers_SlugBarrier_CopperTape_KathleenMoore_CC-BY-2.0.jpg","C:\Users\dstor\lse-repo\.build\html_backup\assets\B30_034__LSE_FOUND_B27_EXCLUSION_Containers_SlugBarrier_CopperTape_KathleenMoore_CC-BY-2.0.jpg","broken-found-elsewhere","1","repo","C:\Users\dstor\lse-repo\assets\B30_034__LSE_FOUND_B27_EXCLUSION_Containers_SlugBarrier_CopperTape_KathleenMoore_CC-BY-2.0.jpg"
"C:\Users\dstor\lse-repo\.build\html_backup\LSE_BOOK_4_PLANT_HEALTH_AND_DEFENSE_WORKING_20260919_162242.html","repo","LSE_BOOK_4_PLANT_HEALTH_AND_DEFENSE_WORKING_20260919_162242.html","31","assets/lse_figures/LSE_C03_Daily_Weekly_Scouting_Route_Ch39_Ch49.png","C:\Users\dstor\lse-repo\.build\html_backup\assets\lse_figures\LSE_C03_Daily_Weekly_Scouting_Route_Ch39_Ch49.png","broken-nomatch","0","",""
"C:\Users\dstor\lse-repo\.build\html_backup\LSE_BOOK_4_PLANT_HEALTH_AND_DEFENSE_WORKING_20260919_162242.html","repo","LSE_BOOK_4_PLANT_HEALTH_AND_DEFENSE_WORKING_20260919_162242.html","192","assets/lse_figures/LSE_B33_Beneficial_Insect_Lifecycle_Plate_Ch40.png","C:\Users\dstor\lse-repo\.build\html_backup\assets\lse_figures\LSE_B33_Beneficial_Insect_Lifecycle_Plate_Ch40.png","broken-nomatch","0","",""
"C:\Users\dstor\lse-repo\.build\html_backup\LSE_BOOK_4_PLANT_HEALTH_AND_DEFENSE_WORKING_20260919_162242.html","repo","LSE_BOOK_4_PLANT_HEALTH_AND_DEFENSE_WORKING_20260919_162242.html","204","assets/B30_012__LSE_FOUND_B26_PEST_SquashBug_Nymphs_OnSummerSquash_Pollinator_CC-BY-2-5.jpg","C:\Users\dstor\lse-repo\.build\html_backup\assets\B30_012__LSE_FOUND_B26_PEST_SquashBug_Nymphs_OnSummerSquash_Pollinator_CC-BY-2-5.jpg","broken-found-elsewhere","1","repo","C:\Users\dstor\lse-repo\assets\B30_012__LSE_FOUND_B26_PEST_SquashBug_Nymphs_OnSummerSquash_Pollinator_CC-BY-2-5.jpg"
"C:\Users\dstor\lse-repo\.build\html_backup\LSE_BOOK_4_PLANT_HEALTH_AND_DEFENSE_WORKING_20260919_162242.html","repo","LSE_BOOK_4_PLANT_HEALTH_AND_DEFENSE_WORKING_20260919_162242.html","204","assets/B30_010__LSE_FOUND_B26_PEST_SquashBug_EggCluster_UndersidePumpkinLeaf_Bdm25_CC-BY-SA-4.jpg","C:\Users\dstor\lse-repo\.build\html_backup\assets\B30_010__LSE_FOUND_B26_PEST_SquashBug_EggCluster_UndersidePumpkinLeaf_Bdm25_CC-BY-SA-4.jpg","broken-found-elsewhere","1","repo","C:\Users\dstor\lse-repo\assets\B30_010__LSE_FOUND_B26_PEST_SquashBug_EggCluster_UndersidePumpkinLeaf_Bdm25_CC-BY-SA-4.jpg"
"C:\Users\dstor\lse-repo\.build\html_backup\LSE_BOOK_4_PLANT_HEALTH_AND_DEFENSE_WORKING_20260919_162242.html","repo","LSE_BOOK_4_PLANT_HEALTH_AND_DEFENSE_WORKING_20260919_162242.html","204","assets/B30_011__LSE_FOUND_B26_PEST_SquashBug_EggCluster_AnasaTristis_BeatrizMoisset_CC-BY-SA-4.jpg","C:\Users\dstor\lse-repo\.build\html_backup\assets\B30_011__LSE_FOUND_B26_PEST_SquashBug_EggCluster_AnasaTristis_BeatrizMoisset_CC-BY-SA-4.jpg","broken-found-elsewhere","1","repo","C:\Users\dstor\lse-repo\assets\B30_011__LSE_FOUND_B26_PEST_SquashBug_EggCluster_AnasaTristis_BeatrizMoisset_CC-BY-SA-4.jpg"
"C:\Users\dstor\lse-repo\.build\html_backup\LSE_BOOK_4_PLANT_HEALTH_AND_DEFENSE_WORKING_20260919_162242.html","repo","LSE_BOOK_4_PLANT_HEALTH_AND_DEFENSE_WORKING_20260919_162242.html","204","assets/B30_054__LSE_FOUND_B28_PEST_SquashVineBorer_FrassAtStem_Pollinator_CC-BY-2.5_CONDITIONAL.jpg","C:\Users\dstor\lse-repo\.build\html_backup\assets\B30_054__LSE_FOUND_B28_PEST_SquashVineBorer_FrassAtStem_Pollinator_CC-BY-2.5_CONDITIONAL.jpg","broken-found-elsewhere","1","repo","C:\Users\dstor\lse-repo\assets\B30_054__LSE_FOUND_B28_PEST_SquashVineBorer_FrassAtStem_Pollinator_CC-BY-2.5_CONDITIONAL.jpg"
"C:\Users\dstor\lse-repo\.build\html_backup\LSE_BOOK_4_PLANT_HEALTH_AND_DEFENSE_WORKING_20260919_162242.html","repo","LSE_BOOK_4_PLANT_HEALTH_AND_DEFENSE_WORKING_20260919_162242.html","204","assets/B30_055__LSE_FOUND_B28_PEST_SquashVineBorer_LarvaeSplitStemFrass_Pollinator_CC-BY-2.5_CONDITIONAL.jpg","C:\Users\dstor\lse-repo\.build\html_backup\assets\B30_055__LSE_FOUND_B28_PEST_SquashVineBorer_LarvaeSplitStemFrass_Pollinator_CC-BY-2.5_CONDITIONAL.jpg","broken-found-elsewhere","1","repo","C:\Users\dstor\lse-repo\assets\B30_055__LSE_FOUND_B28_PEST_SquashVineBorer_LarvaeSplitStemFrass_Pollinator_CC-BY-2.5_CONDITIONAL.jpg"
"C:\Users\dstor\lse-repo\.build\html_backup\LSE_BOOK_4_PLANT_HEALTH_AND_DEFENSE_WORKING_20260919_162242.html","repo","LSE_BOOK_4_PLANT_HEALTH_AND_DEFENSE_WORKING_20260919_162242.html","204","assets/B30_013__LSE_FOUND_B26_PEST_SquashBug_Adult_MarginalResolution_Downtowngal_CC0.jpg","C:\Users\dstor\lse-repo\.build\html_backup\assets\B30_013__LSE_FOUND_B26_PEST_SquashBug_Adult_MarginalResolution_Downtowngal_CC0.jpg","broken-found-elsewhere","1","repo","C:\Users\dstor\lse-repo\assets\B30_013__LSE_FOUND_B26_PEST_SquashBug_Adult_MarginalResolution_Downtowngal_CC0.jpg"
"C:\Users\dstor\lse-repo\.build\html_backup\LSE_BOOK_4_PLANT_HEALTH_AND_DEFENSE_WORKING_20260919_162242.html","repo","LSE_BOOK_4_PLANT_HEALTH_AND_DEFENSE_WORKING_20260919_162242.html","204","assets/B30_006__LSE_FOUND_B26_ROOTS_Tomato_RootKnotNematode_GalledRoots_PlantPestsDiseases_CC0.jpg","C:\Users\dstor\lse-repo\.build\html_backup\assets\B30_006__LSE_FOUND_B26_ROOTS_Tomato_RootKnotNematode_GalledRoots_PlantPestsDiseases_CC0.jpg","broken-found-elsewhere","1","repo","C:\Users\dstor\lse-repo\assets\B30_006__LSE_FOUND_B26_ROOTS_Tomato_RootKnotNematode_GalledRoots_PlantPestsDiseases_CC0.jpg"
"C:\Users\dstor\lse-repo\.build\html_backup\LSE_BOOK_4_PLANT_HEALTH_AND_DEFENSE_WORKING_20260919_162242.html","repo","LSE_BOOK_4_PLANT_HEALTH_AND_DEFENSE_WORKING_20260919_162242.html","212","assets/lse_figures/LSE_C07_Harvest_Postharvest_Handling_Workflow_Ch49.png","C:\Users\dstor\lse-repo\.build\html_backup\assets\lse_figures\LSE_C07_Harvest_Postharvest_Handling_Workflow_Ch49.png","broken-found-elsewhere","1","repo","C:\Users\dstor\lse-repo\assets\lse_figures\LSE_C07_Harvest_Postharvest_Handling_Workflow_Ch49.png"
"C:\Users\dstor\lse-repo\.build\html_backup\LSE_BOOK_4_PLANT_HEALTH_AND_DEFENSE_WORKING_20260919_162242.html","repo","LSE_BOOK_4_PLANT_HEALTH_AND_DEFENSE_WORKING_20260919_162242.html","248","assets/B30_038__LSE_FOUND_B27_ABIOTIC_Tomato_FertilizerBurn_YoungLeafScorch_UMD_VERIFY.jpg","C:\Users\dstor\lse-repo\.build\html_backup\assets\B30_038__LSE_FOUND_B27_ABIOTIC_Tomato_FertilizerBurn_YoungLeafScorch_UMD_VERIFY.jpg","broken-found-elsewhere","1","repo","C:\Users\dstor\lse-repo\assets\B30_038__LSE_FOUND_B27_ABIOTIC_Tomato_FertilizerBurn_YoungLeafScorch_UMD_VERIFY.jpg"
"C:\Users\dstor\lse-repo\.build\html_backup\LSE_BOOK_4_PLANT_HEALTH_AND_DEFENSE_WORKING_20260919_162242.html","repo","LSE_BOOK_4_PLANT_HEALTH_AND_DEFENSE_WORKING_20260919_162242.html","248","assets/B30_056__LSE_FOUND_B28_ABIOTIC_FertilizerBurn_LeafScorchPattern_CannabisCropMismatch_Fenrisulfir_CC-BY-SA-GFDL.jpg","C:\Users\dstor\lse-repo\.build\html_backup\assets\B30_056__LSE_FOUND_B28_ABIOTIC_FertilizerBurn_LeafScorchPattern_CannabisCropMismatch_Fenrisulfir_CC-BY-SA-GFDL.jpg","broken-found-elsewhere","1","repo","C:\Users\dstor\lse-repo\assets\B30_056__LSE_FOUND_B28_ABIOTIC_FertilizerBurn_LeafScorchPattern_CannabisCropMismatch_Fenrisulfir_CC-BY-SA-GFDL.jpg"
"C:\Users\dstor\lse-repo\.build\html_backup\LSE_BOOK_4_PLANT_HEALTH_AND_DEFENSE_WORKING_20260919_162242.html","repo","LSE_BOOK_4_PLANT_HEALTH_AND_DEFENSE_WORKING_20260919_162242.html","250","assets/B30_037__LSE_FOUND_B27_ABIOTIC_VegetableTransplant_ColdFreezeDamage_WhiteLeaves_UMD_VERIFY.jpg","C:\Users\dstor\lse-repo\.build\html_backup\assets\B30_037__LSE_FOUND_B27_ABIOTIC_VegetableTransplant_ColdFreezeDamage_WhiteLeaves_UMD_VERIFY.jpg","broken-found-elsewhere","1","repo","C:\Users\dstor\lse-repo\assets\B30_037__LSE_FOUND_B27_ABIOTIC_VegetableTransplant_ColdFreezeDamage_WhiteLeaves_UMD_VERIFY.jpg"
"C:\Users\dstor\lse-repo\.build\html_backup\LSE_BOOK_4_PLANT_HEALTH_AND_DEFENSE_WORKING_20260919_162242.html","repo","LSE_BOOK_4_PLANT_HEALTH_AND_DEFENSE_WORKING_20260919_162242.html","250","assets/B30_071__LSE_FOUND_B29_ABIOTIC_Bean_HerbicideInjury_EpinastySwollenStems_VCE_PublicUse.jpg","C:\Users\dstor\lse-repo\.build\html_backup\assets\B30_071__LSE_FOUND_B29_ABIOTIC_Bean_HerbicideInjury_EpinastySwollenStems_VCE_PublicUse.jpg","broken-found-elsewhere","1","repo","C:\Users\dstor\lse-repo\assets\B30_071__LSE_FOUND_B29_ABIOTIC_Bean_HerbicideInjury_EpinastySwollenStems_VCE_PublicUse.jpg"
"C:\Users\dstor\lse-repo\.build\html_backup\LSE_BOOK_4_PLANT_HEALTH_AND_DEFENSE_WORKING_20260919_162242.html","repo","LSE_BOOK_4_PLANT_HEALTH_AND_DEFENSE_WORKING_20260919_162242.html","250","assets/B30_072__LSE_FOUND_B29_ABIOTIC_Squash_HerbicideResidue_FieldEpinastyTwisting_VCE_PublicUse.jpg","C:\Users\dstor\lse-repo\.build\html_backup\assets\B30_072__LSE_FOUND_B29_ABIOTIC_Squash_HerbicideResidue_FieldEpinastyTwisting_VCE_PublicUse.jpg","broken-found-elsewhere","1","repo","C:\Users\dstor\lse-repo\assets\B30_072__LSE_FOUND_B29_ABIOTIC_Squash_HerbicideResidue_FieldEpinastyTwisting_VCE_PublicUse.jpg"
"C:\Users\dstor\lse-repo\.build\html_backup\LSE_BOOK_4_PLANT_HEALTH_AND_DEFENSE_WORKING_20260919_162242.html","repo","LSE_BOOK_4_PLANT_HEALTH_AND_DEFENSE_WORKING_20260919_162242.html","250","assets/B30_045__LSE_FOUND_B28_ABIOTIC_Tomato_HailDamage_FruitBruisesHoles_DwightSipler_CC-BY-2.0.jpg","C:\Users\dstor\lse-repo\.build\html_backup\assets\B30_045__LSE_FOUND_B28_ABIOTIC_Tomato_HailDamage_FruitBruisesHoles_DwightSipler_CC-BY-2.0.jpg","broken-found-elsewhere","1","repo","C:\Users\dstor\lse-repo\assets\B30_045__LSE_FOUND_B28_ABIOTIC_Tomato_HailDamage_FruitBruisesHoles_DwightSipler_CC-BY-2.0.jpg"
"C:\Users\dstor\lse-repo\.build\html_backup\LSE_BOOK_4_PLANT_HEALTH_AND_DEFENSE_WORKING_20260919_162242.html","repo","LSE_BOOK_4_PLANT_HEALTH_AND_DEFENSE_WORKING_20260919_162242.html","250","assets/B30_004__LSE_FOUND_B26_ABIOTIC_Tomato_HailDamage_BruisedBrokenStems_DwightSipler_CC-BY-2.jpg","C:\Users\dstor\lse-repo\.build\html_backup\assets\B30_004__LSE_FOUND_B26_ABIOTIC_Tomato_HailDamage_BruisedBrokenStems_DwightSipler_CC-BY-2.jpg","broken-found-elsewhere","1","repo","C:\Users\dstor\lse-repo\assets\B30_004__LSE_FOUND_B26_ABIOTIC_Tomato_HailDamage_BruisedBrokenStems_DwightSipler_CC-BY-2.jpg"
"C:\Users\dstor\lse-repo\.build\html_backup\LSE_BOOK_4_PLANT_HEALTH_AND_DEFENSE_WORKING_20260919_162242.html","repo","LSE_BOOK_4_PLANT_HEALTH_AND_DEFENSE_WORKING_20260919_162242.html","250","assets/B30_078__LSE_FOUND_B29_HOLD_ABIOTIC_Bean_PesticideBurn_ScorchedLeaves_UMD_VERIFY.png","C:\Users\dstor\lse-repo\.build\html_backup\assets\B30_078__LSE_FOUND_B29_HOLD_ABIOTIC_Bean_PesticideBurn_ScorchedLeaves_UMD_VERIFY.png","broken-nomatch","0","",""
"C:\Users\dstor\lse-repo\.build\html_backup\LSE_BOOK_4_PLANT_HEALTH_AND_DEFENSE_WORKING_20260919_162242.html","repo","LSE_BOOK_4_PLANT_HEALTH_AND_DEFENSE_WORKING_20260919_162242.html","252","assets/B30_036__LSE_FOUND_B27_ABIOTIC_Bean_PesticideBurn_LeafScorch_UMD_VERIFY.png","C:\Users\dstor\lse-repo\.build\html_backup\assets\B30_036__LSE_FOUND_B27_ABIOTIC_Bean_PesticideBurn_LeafScorch_UMD_VERIFY.png","broken-nomatch","0","",""
"C:\Users\dstor\lse-repo\.build\html_backup\LSE_BOOK_4_PLANT_HEALTH_AND_DEFENSE_WORKING_20260919_162242.html","repo","LSE_BOOK_4_PLANT_HEALTH_AND_DEFENSE_WORKING_20260919_162242.html","252","assets/B30_077__LSE_FOUND_B29_HOLD_ABIOTIC_Squash_PesticideBurn_Phytotoxicity_UMD_VERIFY.jpg","C:\Users\dstor\lse-repo\.build\html_backup\assets\B30_077__LSE_FOUND_B29_HOLD_ABIOTIC_Squash_PesticideBurn_Phytotoxicity_UMD_VERIFY.jpg","broken-found-elsewhere","1","repo","C:\Users\dstor\lse-repo\assets\B30_077__LSE_FOUND_B29_HOLD_ABIOTIC_Squash_PesticideBurn_Phytotoxicity_UMD_VERIFY.jpg"
"C:\Users\dstor\lse-repo\.build\html_backup\LSE_BOOK_4_PLANT_HEALTH_AND_DEFENSE_WORKING_20260919_162242.html","repo","LSE_BOOK_4_PLANT_HEALTH_AND_DEFENSE_WORKING_20260919_162242.html","252","assets/B30_035__LSE_FOUND_B27_ABIOTIC_Squash_PesticideBurn_SoapPyrethrinLeafScorch_UMD_VERIFY.jpg","C:\Users\dstor\lse-repo\.build\html_backup\assets\B30_035__LSE_FOUND_B27_ABIOTIC_Squash_PesticideBurn_SoapPyrethrinLeafScorch_UMD_VERIFY.jpg","broken-found-elsewhere","1","repo","C:\Users\dstor\lse-repo\assets\B30_035__LSE_FOUND_B27_ABIOTIC_Squash_PesticideBurn_SoapPyrethrinLeafScorch_UMD_VERIFY.jpg"
"C:\Users\dstor\lse-repo\.build\html_backup\LSE_BOOK_4_PLANT_HEALTH_AND_DEFENSE_WORKING_20260919_162242.html","repo","LSE_BOOK_4_PLANT_HEALTH_AND_DEFENSE_WORKING_20260919_162242.html","252","assets/B30_001__LSE_FOUND_B26_ABIOTIC_Pepper_Sunscald_ExposedFruit_DonFerrin_Bugwood_CC-BY-3.jpg","C:\Users\dstor\lse-repo\.build\html_backup\assets\B30_001__LSE_FOUND_B26_ABIOTIC_Pepper_Sunscald_ExposedFruit_DonFerrin_Bugwood_CC-BY-3.jpg","broken-found-elsewhere","1","repo","C:\Users\dstor\lse-repo\assets\B30_001__LSE_FOUND_B26_ABIOTIC_Pepper_Sunscald_ExposedFruit_DonFerrin_Bugwood_CC-BY-3.jpg"
"C:\Users\dstor\lse-repo\.build\html_backup\LSE_BOOK_4_PLANT_HEALTH_AND_DEFENSE_WORKING_20260919_162242.html","repo","LSE_BOOK_4_PLANT_HEALTH_AND_DEFENSE_WORKING_20260919_162242.html","252","assets/B30_002__LSE_FOUND_B26_ABIOTIC_Tomato_FruitCracking_IrregularIrrigationCue_Fructibus_CC0.jpg","C:\Users\dstor\lse-repo\.build\html_backup\assets\B30_002__LSE_FOUND_B26_ABIOTIC_Tomato_FruitCracking_IrregularIrrigationCue_Fructibus_CC0.jpg","broken-found-elsewhere","1","repo","C:\Users\dstor\lse-repo\assets\B30_002__LSE_FOUND_B26_ABIOTIC_Tomato_FruitCracking_IrregularIrrigationCue_Fructibus_CC0.jpg"
"C:\Users\dstor\lse-repo\.build\html_backup\LSE_BOOK_4_PLANT_HEALTH_AND_DEFENSE_WORKING_20260919_162242.html","repo","LSE_BOOK_4_PLANT_HEALTH_AND_DEFENSE_WORKING_20260919_162242.html","254","assets/B30_050__LSE_FOUND_B28_ABIOTIC_Tomato_FrostDamage_LeafFruitBurn_AmroBinKulthoum_CC-BY-SA-3.0.jpg","C:\Users\dstor\lse-repo\.build\html_backup\assets\B30_050__LSE_FOUND_B28_ABIOTIC_Tomato_FrostDamage_LeafFruitBurn_AmroBinKulthoum_CC-BY-SA-3.0.jpg","broken-found-elsewhere","1","repo","C:\Users\dstor\lse-repo\assets\B30_050__LSE_FOUND_B28_ABIOTIC_Tomato_FrostDamage_LeafFruitBurn_AmroBinKulthoum_CC-BY-SA-3.0.jpg"
"C:\Users\dstor\lse-repo\.build\html_backup\LSE_BOOK_4_PLANT_HEALTH_AND_DEFENSE_WORKING_20260919_162242.html","repo","LSE_BOOK_4_PLANT_HEALTH_AND_DEFENSE_WORKING_20260919_162242.html","254","assets/B30_003__LSE_FOUND_B26_ABIOTIC_Tomato_Catfacing_FruitDeformity_ParthasarathySeethapathy_CC-BY-SA-4.jpg","C:\Users\dstor\lse-repo\.build\html_backup\assets\B30_003__LSE_FOUND_B26_ABIOTIC_Tomato_Catfacing_FruitDeformity_ParthasarathySeethapathy_CC-BY-SA-4.jpg","broken-found-elsewhere","1","repo","C:\Users\dstor\lse-repo\assets\B30_003__LSE_FOUND_B26_ABIOTIC_Tomato_Catfacing_FruitDeformity_ParthasarathySeethapathy_CC-BY-SA-4.jpg"
"C:\Users\dstor\lse-repo\.build\html_backup\LSE_BOOK_4_PLANT_HEALTH_AND_DEFENSE_WORKING_20260919_162242.html","repo","LSE_BOOK_4_PLANT_HEALTH_AND_DEFENSE_WORKING_20260919_162242.html","254","assets/lse_figures/LSE_D03_Damping_Off_Lookalike_Plate_Ch42_49.png","C:\Users\dstor\lse-repo\.build\html_backup\assets\lse_figures\LSE_D03_Damping_Off_Lookalike_Plate_Ch42_49.png","broken-nomatch","0","",""
"C:\Users\dstor\lse-repo\.build\html_backup\LSE_BOOK_4_PLANT_HEALTH_AND_DEFENSE_WORKING_20260919_162242.html","repo","LSE_BOOK_4_PLANT_HEALTH_AND_DEFENSE_WORKING_20260919_162242.html","260","assets/lse_figures/LSE_D15_Tomato_Leaf_Spot_Lookalikes_Ch42.png","C:\Users\dstor\lse-repo\.build\html_backup\assets\lse_figures\LSE_D15_Tomato_Leaf_Spot_Lookalikes_Ch42.png","broken-nomatch","0","",""
"C:\Users\dstor\lse-repo\.build\html_backup\LSE_BOOK_4_PLANT_HEALTH_AND_DEFENSE_WORKING_20260919_162242.html","repo","LSE_BOOK_4_PLANT_HEALTH_AND_DEFENSE_WORKING_20260919_162242.html","260","assets/lse_figures/LSE_D19_Powdery_Mildew_vs_Downy_Mildew_Ch42.png","C:\Users\dstor\lse-repo\.build\html_backup\assets\lse_figures\LSE_D19_Powdery_Mildew_vs_Downy_Mildew_Ch42.png","broken-nomatch","0","",""
"C:\Users\dstor\lse-repo\.build\html_backup\LSE_BOOK_4_PLANT_HEALTH_AND_DEFENSE_WORKING_20260919_162242.html","repo","LSE_BOOK_4_PLANT_HEALTH_AND_DEFENSE_WORKING_20260919_162242.html","264","assets/lse_figures/LSE_D01_Wilt_Triage_Decision_Tree_Ch42.png","C:\Users\dstor\lse-repo\.build\html_backup\assets\lse_figures\LSE_D01_Wilt_Triage_Decision_Tree_Ch42.png","broken-found-elsewhere","1","repo","C:\Users\dstor\lse-repo\assets\lse_figures\LSE_D01_Wilt_Triage_Decision_Tree_Ch42.png"
"C:\Users\dstor\lse-repo\.build\html_backup\LSE_BOOK_4_PLANT_HEALTH_AND_DEFENSE_WORKING_20260919_162242.html","repo","LSE_BOOK_4_PLANT_HEALTH_AND_DEFENSE_WORKING_20260919_162242.html","264","assets/lse_figures/LSE_D02_Southern_Blight_vs_White_Mold_Ch42.png","C:\Users\dstor\lse-repo\.build\html_backup\assets\lse_figures\LSE_D02_Southern_Blight_vs_White_Mold_Ch42.png","broken-nomatch","0","",""
"C:\Users\dstor\lse-repo\.build\html_backup\LSE_BOOK_4_PLANT_HEALTH_AND_DEFENSE_WORKING_20260919_162242.html","repo","LSE_BOOK_4_PLANT_HEALTH_AND_DEFENSE_WORKING_20260919_162242.html","267","assets/lse_figures/LSE_D05_Herbicide_Drift_Growth_Regulator_Lookalike_Plate_Ch42.png","C:\Users\dstor\lse-repo\.build\html_backup\assets\lse_figures\LSE_D05_Herbicide_Drift_Growth_Regulator_Lookalike_Plate_Ch42.png","broken-nomatch","0","",""
"C:\Users\dstor\lse-repo\.build\html_backup\LSE_BOOK_4_PLANT_HEALTH_AND_DEFENSE_WORKING_20260919_162242.html","repo","LSE_BOOK_4_PLANT_HEALTH_AND_DEFENSE_WORKING_20260919_162242.html","267","assets/user_created_web/UCI_029_Troubleshooting_Decision_Tree_Yellowing_Leaves.png","C:\Users\dstor\lse-repo\.build\html_backup\assets\user_created_web\UCI_029_Troubleshooting_Decision_Tree_Yellowing_Leaves.png","broken-found-elsewhere","1","repo","C:\Users\dstor\lse-repo\assets\user_created_web\UCI_029_Troubleshooting_Decision_Tree_Yellowing_Leaves.png"
"C:\Users\dstor\lse-repo\.build\html_backup\LSE_BOOK_4_PLANT_HEALTH_AND_DEFENSE_WORKING_20260919_162242.html","repo","LSE_BOOK_4_PLANT_HEALTH_AND_DEFENSE_WORKING_20260919_162242.html","270","assets/lse_figures/LSE_D16_Pepper_Abiotic_Disorders_Herbicide_Lookalikes_Ch42.png","C:\Users\dstor\lse-repo\.build\html_backup\assets\lse_figures\LSE_D16_Pepper_Abiotic_Disorders_Herbicide_Lookalikes_Ch42.png","broken-nomatch","0","",""
"C:\Users\dstor\lse-repo\.build\html_backup\LSE_BOOK_4_PLANT_HEALTH_AND_DEFENSE_WORKING_20260919_162242.html","repo","LSE_BOOK_4_PLANT_HEALTH_AND_DEFENSE_WORKING_20260919_162242.html","281","assets/B30_046__LSE_FOUND_B28_ROOTS_Tomato_BacterialWilt_StemCrossSection_ClemsonUSDA_CC-BY-3.0.jpg","C:\Users\dstor\lse-repo\.build\html_backup\assets\B30_046__LSE_FOUND_B28_ROOTS_Tomato_BacterialWilt_StemCrossSection_ClemsonUSDA_CC-BY-3.0.jpg","broken-found-elsewhere","1","repo","C:\Users\dstor\lse-repo\assets\B30_046__LSE_FOUND_B28_ROOTS_Tomato_BacterialWilt_StemCrossSection_ClemsonUSDA_CC-BY-3.0.jpg"
"C:\Users\dstor\lse-repo\.build\html_backup\LSE_BOOK_4_PLANT_HEALTH_AND_DEFENSE_WORKING_20260919_162242.html","repo","LSE_BOOK_4_PLANT_HEALTH_AND_DEFENSE_WORKING_20260919_162242.html","281","assets/B30_051__LSE_FOUND_B28_DISEASE_Tomato_SouthernBlight_SclerotiaAtCrown_PersleyCooke_CC-BY-SA-3.0_LOWRES.jpg","C:\Users\dstor\lse-repo\.build\html_backup\assets\B30_051__LSE_FOUND_B28_DISEASE_Tomato_SouthernBlight_SclerotiaAtCrown_PersleyCooke_CC-BY-SA-3.0_LOWRES.jpg","broken-found-elsewhere","1","repo","C:\Users\dstor\lse-repo\assets\B30_051__LSE_FOUND_B28_DISEASE_Tomato_SouthernBlight_SclerotiaAtCrown_PersleyCooke_CC-BY-SA-3.0_LOWRES.jpg"
"C:\Users\dstor\lse-repo\.build\html_backup\LSE_BOOK_4_PLANT_HEALTH_AND_DEFENSE_WORKING_20260919_162242.html","repo","LSE_BOOK_4_PLANT_HEALTH_AND_DEFENSE_WORKING_20260919_162242.html","281","assets/B30_025__LSE_FOUND_B27_ROOTS_Tomato_FusariumWilt_VascularBrowningStemSplit_NCSU-IngaMeadows_VERIFY.jpg","C:\Users\dstor\lse-repo\.build\html_backup\assets\B30_025__LSE_FOUND_B27_ROOTS_Tomato_FusariumWilt_VascularBrowningStemSplit_NCSU-IngaMeadows_VERIFY.jpg","broken-found-elsewhere","1","repo","C:\Users\dstor\lse-repo\assets\B30_025__LSE_FOUND_B27_ROOTS_Tomato_FusariumWilt_VascularBrowningStemSplit_NCSU-IngaMeadows_VERIFY.jpg"
"C:\Users\dstor\lse-repo\.build\html_backup\LSE_BOOK_4_PLANT_HEALTH_AND_DEFENSE_WORKING_20260919_162242.html","repo","LSE_BOOK_4_PLANT_HEALTH_AND_DEFENSE_WORKING_20260919_162242.html","281","assets/B30_082__LSE_FOUND_B29_HOLD_DISEASE_Tomato_BacterialWilt_StreamingTest_UAEX_PERMISSION.jpg","C:\Users\dstor\lse-repo\.build\html_backup\assets\B30_082__LSE_FOUND_B29_HOLD_DISEASE_Tomato_BacterialWilt_StreamingTest_UAEX_PERMISSION.jpg","broken-found-elsewhere","1","repo","C:\Users\dstor\lse-repo\assets\B30_082__LSE_FOUND_B29_HOLD_DISEASE_Tomato_BacterialWilt_StreamingTest_UAEX_PERMISSION.jpg"
"C:\Users\dstor\lse-repo\.build\html_backup\LSE_BOOK_4_PLANT_HEALTH_AND_DEFENSE_WORKING_20260919_162242.html","repo","LSE_BOOK_4_PLANT_HEALTH_AND_DEFENSE_WORKING_20260919_162242.html","281","assets/B30_026__LSE_FOUND_B27_ROOTS_Pepper_DampingOff_StemCankerSoilLine_UMass-TSmith_VERIFY.jpg","C:\Users\dstor\lse-repo\.build\html_backup\assets\B30_026__LSE_FOUND_B27_ROOTS_Pepper_DampingOff_StemCankerSoilLine_UMass-TSmith_VERIFY.jpg","broken-found-elsewhere","1","repo","C:\Users\dstor\lse-repo\assets\B30_026__LSE_FOUND_B27_ROOTS_Pepper_DampingOff_StemCankerSoilLine_UMass-TSmith_VERIFY.jpg"
"C:\Users\dstor\lse-repo\.build\html_backup\LSE_BOOK_4_PLANT_HEALTH_AND_DEFENSE_WORKING_20260919_162242.html","repo","LSE_BOOK_4_PLANT_HEALTH_AND_DEFENSE_WORKING_20260919_162242.html","281","assets/B30_047__LSE_FOUND_B28_DISEASE_Tomato_RhizoctoniaSolani_FruitRotBlackLesions_JGK_hn_CC-BY-3.0.jpg","C:\Users\dstor\lse-repo\.build\html_backup\assets\B30_047__LSE_FOUND_B28_DISEASE_Tomato_RhizoctoniaSolani_FruitRotBlackLesions_JGK_hn_CC-BY-3.0.jpg","broken-found-elsewhere","1","repo","C:\Users\dstor\lse-repo\assets\B30_047__LSE_FOUND_B28_DISEASE_Tomato_RhizoctoniaSolani_FruitRotBlackLesions_JGK_hn_CC-BY-3.0.jpg"
"C:\Users\dstor\lse-repo\.build\html_backup\LSE_BOOK_4_PLANT_HEALTH_AND_DEFENSE_WORKING_20260919_162242.html","repo","LSE_BOOK_4_PLANT_HEALTH_AND_DEFENSE_WORKING_20260919_162242.html","281","assets/B30_076__LSE_FOUND_B29_ROOTS_ContainerRootbound_GirdledRoots_BrendanLandis_CC-BY-SA-2.0.jpg","C:\Users\dstor\lse-repo\.build\html_backup\assets\B30_076__LSE_FOUND_B29_ROOTS_ContainerRootbound_GirdledRoots_BrendanLandis_CC-BY-SA-2.0.jpg","broken-found-elsewhere","1","repo","C:\Users\dstor\lse-repo\assets\B30_076__LSE_FOUND_B29_ROOTS_ContainerRootbound_GirdledRoots_BrendanLandis_CC-BY-SA-2.0.jpg"
"C:\Users\dstor\lse-repo\.build\html_backup\LSE_BOOK_4_PLANT_HEALTH_AND_DEFENSE_WORKING_20260919_162242.html","repo","LSE_BOOK_4_PLANT_HEALTH_AND_DEFENSE_WORKING_20260919_162242.html","281","assets/B30_070__LSE_FOUND_B29_ABIOTIC_Tomato_HerbicideResidue_CuppedNewGrowth_VCE_PublicUse.jpg","C:\Users\dstor\lse-repo\.build\html_backup\assets\B30_070__LSE_FOUND_B29_ABIOTIC_Tomato_HerbicideResidue_CuppedNewGrowth_VCE_PublicUse.jpg","broken-found-elsewhere","1","repo","C:\Users\dstor\lse-repo\assets\B30_070__LSE_FOUND_B29_ABIOTIC_Tomato_HerbicideResidue_CuppedNewGrowth_VCE_PublicUse.jpg"
"C:\Users\dstor\lse-repo\.build\html_backup\LSE_BOOK_4_PLANT_HEALTH_AND_DEFENSE_WORKING_20260919_162242.html","repo","LSE_BOOK_4_PLANT_HEALTH_AND_DEFENSE_WORKING_20260919_162242.html","281","assets/B30_022__LSE_FOUND_B27_ABIOTIC_Tomato_2-4DDrift_CuppedNewGrowth_MaryAnnHansen-Bugwood_CONDITIONAL.jpg","C:\Users\dstor\lse-repo\.build\html_backup\assets\B30_022__LSE_FOUND_B27_ABIOTIC_Tomato_2-4DDrift_CuppedNewGrowth_MaryAnnHansen-Bugwood_CONDITIONAL.jpg","broken-found-elsewhere","1","repo","C:\Users\dstor\lse-repo\assets\B30_022__LSE_FOUND_B27_ABIOTIC_Tomato_2-4DDrift_CuppedNewGrowth_MaryAnnHansen-Bugwood_CONDITIONAL.jpg"
"C:\Users\dstor\lse-repo\.build\html_backup\LSE_BOOK_4_PLANT_HEALTH_AND_DEFENSE_WORKING_20260919_162242.html","repo","LSE_BOOK_4_PLANT_HEALTH_AND_DEFENSE_WORKING_20260919_162242.html","281","assets/B30_023__LSE_FOUND_B27_ABIOTIC_Tomato_GlyphosateInjury_YellowDistortedNewGrowth_NathanHoward-Bugwood_VERIFY.jpg","C:\Users\dstor\lse-repo\.build\html_backup\assets\B30_023__LSE_FOUND_B27_ABIOTIC_Tomato_GlyphosateInjury_YellowDistortedNewGrowth_NathanHoward-Bugwood_VERIFY.jpg","broken-found-elsewhere","1","repo","C:\Users\dstor\lse-repo\assets\B30_023__LSE_FOUND_B27_ABIOTIC_Tomato_GlyphosateInjury_YellowDistortedNewGrowth_NathanHoward-Bugwood_VERIFY.jpg"
"C:\Users\dstor\lse-repo\.build\html_backup\LSE_BOOK_4_PLANT_HEALTH_AND_DEFENSE_WORKING_20260919_162242.html","repo","LSE_BOOK_4_PLANT_HEALTH_AND_DEFENSE_WORKING_20260919_162242.html","281","assets/B30_024__LSE_FOUND_B27_ABIOTIC_Tomato_2-4DInjury_TwistedCurlingShoot_PBacchi-Bugwood_VERIFY.png","C:\Users\dstor\lse-repo\.build\html_backup\assets\B30_024__LSE_FOUND_B27_ABIOTIC_Tomato_2-4DInjury_TwistedCurlingShoot_PBacchi-Bugwood_VERIFY.png","broken-nomatch","0","",""
"C:\Users\dstor\lse-repo\.build\html_backup\LSE_BOOK_4_PLANT_HEALTH_AND_DEFENSE_WORKING_20260919_162242.html","repo","LSE_BOOK_4_PLANT_HEALTH_AND_DEFENSE_WORKING_20260919_162242.html","281","assets/B30_039__LSE_FOUND_B27_ABIOTIC_Tomato_FlumioxazinDrift_FruitNecrosis_NCSU-CC-BY-NC-SA_REJECT.png","C:\Users\dstor\lse-repo\.build\html_backup\assets\B30_039__LSE_FOUND_B27_ABIOTIC_Tomato_FlumioxazinDrift_FruitNecrosis_NCSU-CC-BY-NC-SA_REJECT.png","broken-nomatch","0","",""
"C:\Users\dstor\lse-repo\.build\html_backup\LSE_BOOK_4_PLANT_HEALTH_AND_DEFENSE_WORKING_20260919_162242.html","repo","LSE_BOOK_4_PLANT_HEALTH_AND_DEFENSE_WORKING_20260919_162242.html","281","assets/B30_040__LSE_FOUND_B27_ABIOTIC_Tomato_FlumioxazinDrift_FoliageStemNecrosis_NCSU-CC-BY-NC-SA_REJECT.png","C:\Users\dstor\lse-repo\.build\html_backup\assets\B30_040__LSE_FOUND_B27_ABIOTIC_Tomato_FlumioxazinDrift_FoliageStemNecrosis_NCSU-CC-BY-NC-SA_REJECT.png","broken-nomatch","0","",""
"C:\Users\dstor\lse-repo\.build\html_backup\LSE_BOOK_4_PLANT_HEALTH_AND_DEFENSE_WORKING_20260919_162242.html","repo","LSE_BOOK_4_PLANT_HEALTH_AND_DEFENSE_WORKING_20260919_162242.html","284","assets/lse_figures/LSE_C13_Mobile_vs_Immobile_Nutrient_Symptom_Map_Ch46.png","C:\Users\dstor\lse-repo\.build\html_backup\assets\lse_figures\LSE_C13_Mobile_vs_Immobile_Nutrient_Symptom_Map_Ch46.png","broken-found-elsewhere","1","repo","C:\Users\dstor\lse-repo\assets\lse_figures\LSE_C13_Mobile_vs_Immobile_Nutrient_Symptom_Map_Ch46.png"
"C:\Users\dstor\lse-repo\.build\html_backup\LSE_BOOK_4_PLANT_HEALTH_AND_DEFENSE_WORKING_20260919_162242.html","repo","LSE_BOOK_4_PLANT_HEALTH_AND_DEFENSE_WORKING_20260919_162242.html","313","assets/lse_figures/LSE_C10_Refractometer_Protocol_Card_Ch47.png","C:\Users\dstor\lse-repo\.build\html_backup\assets\lse_figures\LSE_C10_Refractometer_Protocol_Card_Ch47.png","broken-found-elsewhere","1","repo","C:\Users\dstor\lse-repo\assets\lse_figures\LSE_C10_Refractometer_Protocol_Card_Ch47.png"
"C:\Users\dstor\lse-repo\.build\html_backup\LSE_BOOK_4_PLANT_HEALTH_AND_DEFENSE_WORKING_20260919_162242.html","repo","LSE_BOOK_4_PLANT_HEALTH_AND_DEFENSE_WORKING_20260919_162242.html","454","assets/user_created_web/UCI_025_Brix_Monitoring_Chart.png","C:\Users\dstor\lse-repo\.build\html_backup\assets\user_created_web\UCI_025_Brix_Monitoring_Chart.png","broken-found-elsewhere","1","repo","C:\Users\dstor\lse-repo\assets\user_created_web\UCI_025_Brix_Monitoring_Chart.png"
"C:\Users\dstor\lse-repo\.build\html_backup\LSE_BOOK_5_FIELD_COMPANION_WORKING_20260919_162242.html","repo","LSE_BOOK_5_FIELD_COMPANION_WORKING_20260919_162242.html","264","assets/user_created_web/UCI_028_Seasonal_Planting_Calendar.png","C:\Users\dstor\lse-repo\.build\html_backup\assets\user_created_web\UCI_028_Seasonal_Planting_Calendar.png","broken-found-elsewhere","1","repo","C:\Users\dstor\lse-repo\assets\user_created_web\UCI_028_Seasonal_Planting_Calendar.png"
"C:\Users\dstor\lse-repo\.build\html_backup\LSE_BOOK_5_FIELD_COMPANION_WORKING_20260919_162242.html","repo","LSE_BOOK_5_FIELD_COMPANION_WORKING_20260919_162242.html","481","assets/user_created_web/UCI_010_Biochar_Charging_Process.png","C:\Users\dstor\lse-repo\.build\html_backup\assets\user_created_web\UCI_010_Biochar_Charging_Process.png","broken-nomatch","0","",""
"C:\Users\dstor\lse-repo\.build\html_backup\LSE_BOOK_5_FIELD_COMPANION_WORKING_20260919_162242.html","repo","LSE_BOOK_5_FIELD_COMPANION_WORKING_20260919_162242.html","481","assets/user_created_web/UCI_011_AACT_Brewing_Setup.png","C:\Users\dstor\lse-repo\.build\html_backup\assets\user_created_web\UCI_011_AACT_Brewing_Setup.png","broken-nomatch","0","",""
"C:\Users\dstor\lse-repo\.build\html_backup\LSE_BOOK_5_FIELD_COMPANION_WORKING_20260919_162242.html","repo","LSE_BOOK_5_FIELD_COMPANION_WORKING_20260919_162242.html","483","assets/lse_figures/LSE_B36_Yellowing_Leaves_Decision_Tree_AppB.png","C:\Users\dstor\lse-repo\.build\html_backup\assets\lse_figures\LSE_B36_Yellowing_Leaves_Decision_Tree_AppB.png","broken-found-elsewhere","1","repo","C:\Users\dstor\lse-repo\assets\lse_figures\LSE_B36_Yellowing_Leaves_Decision_Tree_AppB.png"
"C:\Users\dstor\lse-repo\.build\html_backup\LSE_BOOK_5_FIELD_COMPANION_WORKING_20260919_162242.html","repo","LSE_BOOK_5_FIELD_COMPANION_WORKING_20260919_162242.html","599","assets/user_created_web/UCI_017_North_Texas_Crop_Calendar.png","C:\Users\dstor\lse-repo\.build\html_backup\assets\user_created_web\UCI_017_North_Texas_Crop_Calendar.png","broken-found-elsewhere","1","repo","C:\Users\dstor\lse-repo\assets\user_created_web\UCI_017_North_Texas_Crop_Calendar.png"
"C:\Users\dstor\lse-repo\.build\html_backup\LSE_BOOK_5_FIELD_COMPANION_WORKING_20260919_162242.html","repo","LSE_BOOK_5_FIELD_COMPANION_WORKING_20260919_162242.html","660","assets/lse_figures/LSE_C01_Annual_Soil_Building_Calendar_Ch49_AppC.png","C:\Users\dstor\lse-repo\.build\html_backup\assets\lse_figures\LSE_C01_Annual_Soil_Building_Calendar_Ch49_AppC.png","broken-found-elsewhere","1","repo","C:\Users\dstor\lse-repo\assets\lse_figures\LSE_C01_Annual_Soil_Building_Calendar_Ch49_AppC.png"
"C:\Users\dstor\lse-repo\.build\html_backup\LSE_BOOK_5_FIELD_COMPANION_WORKING_20260919_162242.html","repo","LSE_BOOK_5_FIELD_COMPANION_WORKING_20260919_162242.html","883","assets/user_created_web/UCI_030_Conversion_and_Dilution_Reference_Chart.png","C:\Users\dstor\lse-repo\.build\html_backup\assets\user_created_web\UCI_030_Conversion_and_Dilution_Reference_Chart.png","broken-found-elsewhere","1","repo","C:\Users\dstor\lse-repo\assets\user_created_web\UCI_030_Conversion_and_Dilution_Reference_Chart.png"
"C:\Users\dstor\lse-repo\.build\html_backup\LSE_BOOK_5_FIELD_COMPANION_WORKING_20260919_162242.html","repo","LSE_BOOK_5_FIELD_COMPANION_WORKING_20260919_162242.html","1543","assets/lse_figures/LSE_C14_Electroculture_Self_Experiment_Layout_Ch48.png","C:\Users\dstor\lse-repo\.build\html_backup\assets\lse_figures\LSE_C14_Electroculture_Self_Experiment_Layout_Ch48.png","broken-nomatch","0","",""
"C:\Users\dstor\lse-repo\.build\html_backup\LSE_BOOK_5_FIELD_COMPANION_WORKING_20260919_162242.html","repo","LSE_BOOK_5_FIELD_COMPANION_WORKING_20260919_162242.html","1722","assets/user_created_web/UCI_026_Electroculture_Experimental_Protocol_Layout.png","C:\Users\dstor\lse-repo\.build\html_backup\assets\user_created_web\UCI_026_Electroculture_Experimental_Protocol_Layout.png","broken-found-elsewhere","1","repo","C:\Users\dstor\lse-repo\assets\user_created_web\UCI_026_Electroculture_Experimental_Protocol_Layout.png"
"C:\Users\dstor\lse-repo\.build\html_backup\LSE_BOOK_5_FIELD_COMPANION_WORKING_20260919_162242.html","repo","LSE_BOOK_5_FIELD_COMPANION_WORKING_20260919_162242.html","1722","assets/user_created_web/UCI_027_Plant_Electrophysiology_Electrical_Signaling_Pathways.png","C:\Users\dstor\lse-repo\.build\html_backup\assets\user_created_web\UCI_027_Plant_Electrophysiology_Electrical_Signaling_Pathways.png","broken-nomatch","0","",""
"C:\Users\dstor\lse-repo\.build\html_backup\LSE_VOLUME_1_FOUNDATIONS_SYSTEMS_SOURCE_20260919_162242.html","repo","LSE_VOLUME_1_FOUNDATIONS_SYSTEMS_SOURCE_20260919_162242.html","381","assets/lse_figures/LSE_A02_Soil_Food_Web_Functional_Map_Ch02.png","C:\Users\dstor\lse-repo\.build\html_backup\assets\lse_figures\LSE_A02_Soil_Food_Web_Functional_Map_Ch02.png","broken-found-elsewhere","1","repo","C:\Users\dstor\lse-repo\assets\lse_figures\LSE_A02_Soil_Food_Web_Functional_Map_Ch02.png"
"C:\Users\dstor\lse-repo\.build\html_backup\LSE_VOLUME_1_FOUNDATIONS_SYSTEMS_SOURCE_20260919_162242.html","repo","LSE_VOLUME_1_FOUNDATIONS_SYSTEMS_SOURCE_20260919_162242.html","470","assets/lse_figures/LSE_B02_Predator_Driven_Nitrogen_Mineralization_Loop_Ch05.png","C:\Users\dstor\lse-repo\.build\html_backup\assets\lse_figures\LSE_B02_Predator_Driven_Nitrogen_Mineralization_Loop_Ch05.png","broken-nomatch","0","",""
"C:\Users\dstor\lse-repo\.build\html_backup\LSE_VOLUME_1_FOUNDATIONS_SYSTEMS_SOURCE_20260919_162242.html","repo","LSE_VOLUME_1_FOUNDATIONS_SYSTEMS_SOURCE_20260919_162242.html","471","assets/user_created_web/UCI_003_The_Nutrient_Mineralization_Loop.png","C:\Users\dstor\lse-repo\.build\html_backup\assets\user_created_web\UCI_003_The_Nutrient_Mineralization_Loop.png","broken-nomatch","0","",""
"C:\Users\dstor\lse-repo\.build\html_backup\LSE_VOLUME_1_FOUNDATIONS_SYSTEMS_SOURCE_20260919_162242.html","repo","LSE_VOLUME_1_FOUNDATIONS_SYSTEMS_SOURCE_20260919_162242.html","484","assets/lse_figures/LSE_B03_Nematode_Mouthpart_Comparison_Ch05_44.png","C:\Users\dstor\lse-repo\.build\html_backup\assets\lse_figures\LSE_B03_Nematode_Mouthpart_Comparison_Ch05_44.png","broken-found-elsewhere","1","repo","C:\Users\dstor\lse-repo\assets\lse_figures\LSE_B03_Nematode_Mouthpart_Comparison_Ch05_44.png"
"C:\Users\dstor\lse-repo\.build\html_backup\LSE_VOLUME_1_FOUNDATIONS_SYSTEMS_SOURCE_20260919_162242.html","repo","LSE_VOLUME_1_FOUNDATIONS_SYSTEMS_SOURCE_20260919_162242.html","494","assets/lse_figures/LSE_D04_Root_Knot_Nematode_Diagnosis_Workflow_Ch05_Ch29_Ch42_Ch44.png","C:\Users\dstor\lse-repo\.build\html_backup\assets\lse_figures\LSE_D04_Root_Knot_Nematode_Diagnosis_Workflow_Ch05_Ch29_Ch42_Ch44.png","broken-found-elsewhere","1","repo","C:\Users\dstor\lse-repo\assets\lse_figures\LSE_D04_Root_Knot_Nematode_Diagnosis_Workflow_Ch05_Ch29_Ch42_Ch44.png"
"C:\Users\dstor\lse-repo\.build\html_backup\LSE_VOLUME_1_FOUNDATIONS_SYSTEMS_SOURCE_20260919_162242.html","repo","LSE_VOLUME_1_FOUNDATIONS_SYSTEMS_SOURCE_20260919_162242.html","494","assets/lse_figures/LSE_D18_Root_Inspection_Nodules_Galls_Root_Disease_Ch05_Ch29_Ch44.png","C:\Users\dstor\lse-repo\.build\html_backup\assets\lse_figures\LSE_D18_Root_Inspection_Nodules_Galls_Root_Disease_Ch05_Ch29_Ch44.png","broken-nomatch","0","",""
"C:\Users\dstor\lse-repo\.build\html_backup\LSE_VOLUME_1_FOUNDATIONS_SYSTEMS_SOURCE_20260919_162242.html","repo","LSE_VOLUME_1_FOUNDATIONS_SYSTEMS_SOURCE_20260919_162242.html","503","assets/lse_figures/LSE_A04_Mycorrhizal_Exchange_Defense_Priming_Ch06.png","C:\Users\dstor\lse-repo\.build\html_backup\assets\lse_figures\LSE_A04_Mycorrhizal_Exchange_Defense_Priming_Ch06.png","broken-nomatch","0","",""
"C:\Users\dstor\lse-repo\.build\html_backup\LSE_VOLUME_1_FOUNDATIONS_SYSTEMS_SOURCE_20260919_162242.html","repo","LSE_VOLUME_1_FOUNDATIONS_SYSTEMS_SOURCE_20260919_162242.html","515","assets/user_created_web/UCI_005_ISR_and_SAR_The_Plant_Immune_System.png","C:\Users\dstor\lse-repo\.build\html_backup\assets\user_created_web\UCI_005_ISR_and_SAR_The_Plant_Immune_System.png","broken-nomatch","0","",""
"C:\Users\dstor\lse-repo\.build\html_backup\LSE_VOLUME_1_FOUNDATIONS_SYSTEMS_SOURCE_20260919_162242.html","repo","LSE_VOLUME_1_FOUNDATIONS_SYSTEMS_SOURCE_20260919_162242.html","519","assets/lse_figures/LSE_B05_Mycorrhizal_Inoculation_Failure_Modes_Ch06_17.png","C:\Users\dstor\lse-repo\.build\html_backup\assets\lse_figures\LSE_B05_Mycorrhizal_Inoculation_Failure_Modes_Ch06_17.png","broken-nomatch","0","",""
"C:\Users\dstor\lse-repo\.build\html_backup\LSE_VOLUME_1_FOUNDATIONS_SYSTEMS_SOURCE_20260919_162242.html","repo","LSE_VOLUME_1_FOUNDATIONS_SYSTEMS_SOURCE_20260919_162242.html","554","assets/user_created_web/UCI_002_Bacterial_vs_Fungal_Soil_Dominance.png","C:\Users\dstor\lse-repo\.build\html_backup\assets\user_created_web\UCI_002_Bacterial_vs_Fungal_Soil_Dominance.png","broken-nomatch","0","",""
"C:\Users\dstor\lse-repo\.build\html_backup\LSE_VOLUME_1_FOUNDATIONS_SYSTEMS_SOURCE_20260919_162242.html","repo","LSE_VOLUME_1_FOUNDATIONS_SYSTEMS_SOURCE_20260919_162242.html","556","assets/lse_figures/LSE_B06_Fungal_Bacterial_Succession_Strip_Ch07.png","C:\Users\dstor\lse-repo\.build\html_backup\assets\lse_figures\LSE_B06_Fungal_Bacterial_Succession_Strip_Ch07.png","broken-nomatch","0","",""
"C:\Users\dstor\lse-repo\.build\html_backup\LSE_VOLUME_1_FOUNDATIONS_SYSTEMS_SOURCE_20260919_162242.html","repo","LSE_VOLUME_1_FOUNDATIONS_SYSTEMS_SOURCE_20260919_162242.html","579","assets/user_created_web/UCI_009_Fungal_Bacterial_Input_Guide.png","C:\Users\dstor\lse-repo\.build\html_backup\assets\user_created_web\UCI_009_Fungal_Bacterial_Input_Guide.png","broken-found-elsewhere","1","repo","C:\Users\dstor\lse-repo\assets\user_created_web\UCI_009_Fungal_Bacterial_Input_Guide.png"
"C:\Users\dstor\lse-repo\.build\html_backup\LSE_VOLUME_1_FOUNDATIONS_SYSTEMS_SOURCE_20260919_162242.html","repo","LSE_VOLUME_1_FOUNDATIONS_SYSTEMS_SOURCE_20260919_162242.html","594","assets/user_created_web/UCI_007_Composite_Method_Reference.png","C:\Users\dstor\lse-repo\.build\html_backup\assets\user_created_web\UCI_007_Composite_Method_Reference.png","broken-found-elsewhere","1","repo","C:\Users\dstor\lse-repo\assets\user_created_web\UCI_007_Composite_Method_Reference.png"
"C:\Users\dstor\lse-repo\.build\html_backup\LSE_VOLUME_1_FOUNDATIONS_SYSTEMS_SOURCE_20260919_162242.html","repo","LSE_VOLUME_1_FOUNDATIONS_SYSTEMS_SOURCE_20260919_162242.html","596","assets/lse_figures/LSE_B07_Five_Soil_Health_Principles_Wheel_Ch08.png","C:\Users\dstor\lse-repo\.build\html_backup\assets\lse_figures\LSE_B07_Five_Soil_Health_Principles_Wheel_Ch08.png","broken-nomatch","0","",""
"C:\Users\dstor\lse-repo\.build\html_backup\LSE_VOLUME_1_FOUNDATIONS_SYSTEMS_SOURCE_20260919_162242.html","repo","LSE_VOLUME_1_FOUNDATIONS_SYSTEMS_SOURCE_20260919_162242.html","605","assets/lse_figures/LSE_A05_Regenerative_Permaculture_Garden_System_Ch08.png","C:\Users\dstor\lse-repo\.build\html_backup\assets\lse_figures\LSE_A05_Regenerative_Permaculture_Garden_System_Ch08.png","broken-nomatch","0","",""
"C:\Users\dstor\lse-repo\.build\html_backup\LSE_VOLUME_1_FOUNDATIONS_SYSTEMS_SOURCE_20260919_162242.html","repo","LSE_VOLUME_1_FOUNDATIONS_SYSTEMS_SOURCE_20260919_162242.html","606","assets/user_created_web/UCI_006_Permaculture_Zone_Map.png","C:\Users\dstor\lse-repo\.build\html_backup\assets\user_created_web\UCI_006_Permaculture_Zone_Map.png","broken-found-elsewhere","1","repo","C:\Users\dstor\lse-repo\assets\user_created_web\UCI_006_Permaculture_Zone_Map.png"
"C:\Users\dstor\lse-repo\.build\html_backup\LSE_VOLUME_1_FOUNDATIONS_SYSTEMS_SOURCE_20260919_162242.html","repo","LSE_VOLUME_1_FOUNDATIONS_SYSTEMS_SOURCE_20260919_162242.html","641","assets/lse_figures/LSE_B08_Thermal_Compost_Process_Ch09_Ch13.png","C:\Users\dstor\lse-repo\.build\html_backup\assets\lse_figures\LSE_B08_Thermal_Compost_Process_Ch09_Ch13.png","broken-nomatch","0","",""
"C:\Users\dstor\lse-repo\.build\html_backup\LSE_VOLUME_1_FOUNDATIONS_SYSTEMS_SOURCE_20260919_162242.html","repo","LSE_VOLUME_1_FOUNDATIONS_SYSTEMS_SOURCE_20260919_162242.html","648","assets/lse_figures/LSE_B09_Compost_Extract_vs_AACT_Ch09_19.png","C:\Users\dstor\lse-repo\.build\html_backup\assets\lse_figures\LSE_B09_Compost_Extract_vs_AACT_Ch09_19.png","broken-nomatch","0","",""
"C:\Users\dstor\lse-repo\.build\html_backup\LSE_VOLUME_1_FOUNDATIONS_SYSTEMS_SOURCE_20260919_162242.html","repo","LSE_VOLUME_1_FOUNDATIONS_SYSTEMS_SOURCE_20260919_162242.html","658","assets/lse_figures/LSE_A06_Compost_Microscope_Soil_Food_Web_Workflow_Ch09.png","C:\Users\dstor\lse-repo\.build\html_backup\assets\lse_figures\LSE_A06_Compost_Microscope_Soil_Food_Web_Workflow_Ch09.png","broken-found-elsewhere","1","repo","C:\Users\dstor\lse-repo\assets\lse_figures\LSE_A06_Compost_Microscope_Soil_Food_Web_Workflow_Ch09.png"
"C:\Users\dstor\lse-repo\.build\html_backup\LSE_VOLUME_1_FOUNDATIONS_SYSTEMS_SOURCE_20260919_162242.html","repo","LSE_VOLUME_1_FOUNDATIONS_SYSTEMS_SOURCE_20260919_162242.html","688","assets/lse_figures/LSE_B10_Coots_Mix_1_1_1_Triangle_Ch10_23.png","C:\Users\dstor\lse-repo\.build\html_backup\assets\lse_figures\LSE_B10_Coots_Mix_1_1_1_Triangle_Ch10_23.png","broken-nomatch","0","",""
"C:\Users\dstor\lse-repo\.build\html_backup\LSE_VOLUME_1_FOUNDATIONS_SYSTEMS_SOURCE_20260919_162242.html","repo","LSE_VOLUME_1_FOUNDATIONS_SYSTEMS_SOURCE_20260919_162242.html","736","assets/lse_figures/LSE_B11_Plant_Health_Pyramid_Evidence_Boundary_Ch11_Ch41.png","C:\Users\dstor\lse-repo\.build\html_backup\assets\lse_figures\LSE_B11_Plant_Health_Pyramid_Evidence_Boundary_Ch11_Ch41.png","broken-nomatch","0","",""
"C:\Users\dstor\lse-repo\.build\html_backup\LSE_VOLUME_1_FOUNDATIONS_SYSTEMS_SOURCE_20260919_162242.html","repo","LSE_VOLUME_1_FOUNDATIONS_SYSTEMS_SOURCE_20260919_162242.html","736","assets/lse_figures/LSE_A18_IPM_Pyramid_Scouting_Ch39.png","C:\Users\dstor\lse-repo\.build\html_backup\assets\lse_figures\LSE_A18_IPM_Pyramid_Scouting_Ch39.png","broken-nomatch","0","",""
"C:\Users\dstor\lse-repo\.build\html_backup\LSE_VOLUME_1_FOUNDATIONS_SYSTEMS_SOURCE_20260919_162242.html","repo","LSE_VOLUME_1_FOUNDATIONS_SYSTEMS_SOURCE_20260919_162242.html","747","assets/lse_figures/LSE_B16_Trace_Element_Deficiency_vs_Toxicity_Ch14.png","C:\Users\dstor\lse-repo\.build\html_backup\assets\lse_figures\LSE_B16_Trace_Element_Deficiency_vs_Toxicity_Ch14.png","broken-nomatch","0","",""
"C:\Users\dstor\lse-repo\.build\html_backup\LSE_VOLUME_1_FOUNDATIONS_SYSTEMS_SOURCE_20260919_162242.html","repo","LSE_VOLUME_1_FOUNDATIONS_SYSTEMS_SOURCE_20260919_162242.html","780","assets/lse_figures/LSE_B12_KNF_IMO_1_4_Workflow_Ch12_Ch19.png","C:\Users\dstor\lse-repo\.build\html_backup\assets\lse_figures\LSE_B12_KNF_IMO_1_4_Workflow_Ch12_Ch19.png","broken-found-elsewhere","1","repo","C:\Users\dstor\lse-repo\assets\lse_figures\LSE_B12_KNF_IMO_1_4_Workflow_Ch12_Ch19.png"
"C:\Users\dstor\lse-repo\.build\html_backup\LSE_VOLUME_1_FOUNDATIONS_SYSTEMS_SOURCE_20260919_162242.html","repo","LSE_VOLUME_1_FOUNDATIONS_SYSTEMS_SOURCE_20260919_162242.html","791","assets/lse_figures/LSE_B13_JADAM_Safety_Plate_Ch12_19_41.png","C:\Users\dstor\lse-repo\.build\html_backup\assets\lse_figures\LSE_B13_JADAM_Safety_Plate_Ch12_19_41.png","broken-nomatch","0","",""
"C:\Users\dstor\lse-repo\.build\html_backup\LSE_VOLUME_1_FOUNDATIONS_SYSTEMS_SOURCE_20260919_162242.html","repo","LSE_VOLUME_1_FOUNDATIONS_SYSTEMS_SOURCE_20260919_162242.html","850","assets/lse_figures/LSE_E01_North_Texas_Soil_Failure_Modes_Ch20_Ch21_Ch33.png","C:\Users\dstor\lse-repo\.build\html_backup\assets\lse_figures\LSE_E01_North_Texas_Soil_Failure_Modes_Ch20_Ch21_Ch33.png","broken-nomatch","0","",""
"C:\Users\dstor\lse-repo\.build\html_backup\LSE_VOLUME_1_FOUNDATIONS_SYSTEMS_SOURCE_20260919_162242.html","repo","LSE_VOLUME_1_FOUNDATIONS_SYSTEMS_SOURCE_20260919_162242.html","884","assets/user_created_web/UCI_012_Raised_Bed_Cross_Section_Layers_and_Fill_Strategy.png","C:\Users\dstor\lse-repo\.build\html_backup\assets\user_created_web\UCI_012_Raised_Bed_Cross_Section_Layers_and_Fill_Strategy.png","broken-nomatch","0","",""
"C:\Users\dstor\lse-repo\.build\html_backup\LSE_VOLUME_1_FOUNDATIONS_SYSTEMS_SOURCE_20260919_162242.html","repo","LSE_VOLUME_1_FOUNDATIONS_SYSTEMS_SOURCE_20260919_162242.html","905","assets/B30_068__LSE_FOUND_B29_PRACTICAL_ContainerVegetables_ReservoirSpace_WateringDepth_KathleenMoore_CC-BY-2.0.jpg","C:\Users\dstor\lse-repo\.build\html_backup\assets\B30_068__LSE_FOUND_B29_PRACTICAL_ContainerVegetables_ReservoirSpace_WateringDepth_KathleenMoore_CC-BY-2.0.jpg","broken-found-elsewhere","1","repo","C:\Users\dstor\lse-repo\assets\B30_068__LSE_FOUND_B29_PRACTICAL_ContainerVegetables_ReservoirSpace_WateringDepth_KathleenMoore_CC-BY-2.0.jpg"
"C:\Users\dstor\lse-repo\.build\html_backup\LSE_VOLUME_1_FOUNDATIONS_SYSTEMS_SOURCE_20260919_162242.html","repo","LSE_VOLUME_1_FOUNDATIONS_SYSTEMS_SOURCE_20260919_162242.html","906","assets/B30_067__LSE_FOUND_B29_ABIOTIC_ContainerHerbs_SaltBuildup_WhiteSaltCrust_DianeMays_CC-BY-2.0.jpg","C:\Users\dstor\lse-repo\.build\html_backup\assets\B30_067__LSE_FOUND_B29_ABIOTIC_ContainerHerbs_SaltBuildup_WhiteSaltCrust_DianeMays_CC-BY-2.0.jpg","broken-found-elsewhere","1","repo","C:\Users\dstor\lse-repo\assets\B30_067__LSE_FOUND_B29_ABIOTIC_ContainerHerbs_SaltBuildup_WhiteSaltCrust_DianeMays_CC-BY-2.0.jpg"
"C:\Users\dstor\lse-repo\.build\html_backup\LSE_VOLUME_1_FOUNDATIONS_SYSTEMS_SOURCE_20260919_162242.html","repo","LSE_VOLUME_1_FOUNDATIONS_SYSTEMS_SOURCE_20260919_162242.html","907","assets/B30_069__LSE_FOUND_B29_PRACTICAL_SmallSpaceVegetables_OutdoorRailingContainers_LucyBradley_CC-BY-2.0.jpg","C:\Users\dstor\lse-repo\.build\html_backup\assets\B30_069__LSE_FOUND_B29_PRACTICAL_SmallSpaceVegetables_OutdoorRailingContainers_LucyBradley_CC-BY-2.0.jpg","broken-found-elsewhere","1","repo","C:\Users\dstor\lse-repo\assets\B30_069__LSE_FOUND_B29_PRACTICAL_SmallSpaceVegetables_OutdoorRailingContainers_LucyBradley_CC-BY-2.0.jpg"
"C:\Users\dstor\lse-repo\.build\html_backup\LSE_VOLUME_1_FOUNDATIONS_SYSTEMS_SOURCE_20260919_162242.html","repo","LSE_VOLUME_1_FOUNDATIONS_SYSTEMS_SOURCE_20260919_162242.html","908","assets/B30_005__LSE_FOUND_B26_ROOTS_Container_Rootbound_CirclingRoots_B137_CC0.jpg","C:\Users\dstor\lse-repo\.build\html_backup\assets\B30_005__LSE_FOUND_B26_ROOTS_Container_Rootbound_CirclingRoots_B137_CC0.jpg","broken-found-elsewhere","1","repo","C:\Users\dstor\lse-repo\assets\B30_005__LSE_FOUND_B26_ROOTS_Container_Rootbound_CirclingRoots_B137_CC0.jpg"
"C:\Users\dstor\lse-repo\.build\html_backup\LSE_VOLUME_1_FOUNDATIONS_SYSTEMS_SOURCE_20260919_162242.html","repo","LSE_VOLUME_1_FOUNDATIONS_SYSTEMS_SOURCE_20260919_162242.html","913","assets/lse_figures/LSE_A12_Living_Soil_Container_Cross_Section_Ch22.png","C:\Users\dstor\lse-repo\.build\html_backup\assets\lse_figures\LSE_A12_Living_Soil_Container_Cross_Section_Ch22.png","broken-nomatch","0","",""
"C:\Users\dstor\lse-repo\.build\html_backup\LSE_VOLUME_1_FOUNDATIONS_SYSTEMS_SOURCE_20260919_162242.html","repo","LSE_VOLUME_1_FOUNDATIONS_SYSTEMS_SOURCE_20260919_162242.html","913","assets/lse_figures/LSE_E06_Container_Drainage_Myth_Rocks_At_The_Bottom_Ch22_Ch31.png","C:\Users\dstor\lse-repo\.build\html_backup\assets\lse_figures\LSE_E06_Container_Drainage_Myth_Rocks_At_The_Bottom_Ch22_Ch31.png","broken-nomatch","0","",""
"C:\Users\dstor\lse-repo\.build\html_backup\LSE_VOLUME_1_FOUNDATIONS_SYSTEMS_SOURCE_20260919_162242.html","repo","LSE_VOLUME_1_FOUNDATIONS_SYSTEMS_SOURCE_20260919_162242.html","940","assets/lse_figures/LSE_B21_Soil_Recipe_Matrix_By_Crop_Type_Ch23.png","C:\Users\dstor\lse-repo\.build\html_backup\assets\lse_figures\LSE_B21_Soil_Recipe_Matrix_By_Crop_Type_Ch23.png","broken-found-elsewhere","1","repo","C:\Users\dstor\lse-repo\assets\lse_figures\LSE_B21_Soil_Recipe_Matrix_By_Crop_Type_Ch23.png"
"C:\Users\dstor\lse-repo\.build\html_backup\LSE_VOLUME_1_FOUNDATIONS_SYSTEMS_SOURCE_20260919_162242.html","repo","LSE_VOLUME_1_FOUNDATIONS_SYSTEMS_SOURCE_20260919_162242.html","1003","assets/user_created_web/UCI_014_No_Till_Top_Dressing_Cycle.png","C:\Users\dstor\lse-repo\.build\html_backup\assets\user_created_web\UCI_014_No_Till_Top_Dressing_Cycle.png","broken-nomatch","0","",""
"C:\Users\dstor\lse-repo\.build\html_backup\LSE_VOLUME_1_FOUNDATIONS_SYSTEMS_SOURCE_20260919_162242.html","repo","LSE_VOLUME_1_FOUNDATIONS_SYSTEMS_SOURCE_20260919_162242.html","1005","assets/lse_figures/LSE_B22_Top_Dress_Layer_Cake_Ch24.png","C:\Users\dstor\lse-repo\.build\html_backup\assets\lse_figures\LSE_B22_Top_Dress_Layer_Cake_Ch24.png","broken-nomatch","0","",""
"C:\Users\dstor\lse-repo\.build\html_backup\LSE_VOLUME_1_FOUNDATIONS_SYSTEMS_SOURCE_20260919_162242.html","repo","LSE_VOLUME_1_FOUNDATIONS_SYSTEMS_SOURCE_20260919_162242.html","1029","assets/lse_figures/LSE_A13_Cover_Crop_Function_Root_Architecture_Plate_Ch25.png","C:\Users\dstor\lse-repo\.build\html_backup\assets\lse_figures\LSE_A13_Cover_Crop_Function_Root_Architecture_Plate_Ch25.png","broken-nomatch","0","",""
"C:\Users\dstor\lse-repo\.build\html_backup\LSE_VOLUME_1_FOUNDATIONS_SYSTEMS_SOURCE_20260919_162242.html","repo","LSE_VOLUME_1_FOUNDATIONS_SYSTEMS_SOURCE_20260919_162242.html","1035","assets/lse_figures/LSE_B23_Cover_Crop_Selector_North_Texas_Ch25.png","C:\Users\dstor\lse-repo\.build\html_backup\assets\lse_figures\LSE_B23_Cover_Crop_Selector_North_Texas_Ch25.png","broken-found-elsewhere","1","repo","C:\Users\dstor\lse-repo\assets\lse_figures\LSE_B23_Cover_Crop_Selector_North_Texas_Ch25.png"
"C:\Users\dstor\lse-repo\.build\html_backup\LSE_VOLUME_1_FOUNDATIONS_SYSTEMS_SOURCE_20260919_162242.html","repo","LSE_VOLUME_1_FOUNDATIONS_SYSTEMS_SOURCE_20260919_162242.html","1046","assets/lse_figures/LSE_C20_Cover_Crop_Termination_Methods_Small_Beds_Ch25.png","C:\Users\dstor\lse-repo\.build\html_backup\assets\lse_figures\LSE_C20_Cover_Crop_Termination_Methods_Small_Beds_Ch25.png","broken-nomatch","0","",""
"C:\Users\dstor\lse-repo\.build\html_backup\LSE_VOLUME_1_FOUNDATIONS_SYSTEMS_SOURCE_20260919_162242.html","repo","LSE_VOLUME_1_FOUNDATIONS_SYSTEMS_SOURCE_20260919_162242.html","1051","assets/lse_figures/LSE_E09_Cover_Crop_Failure_Modes_Small_Beds_Ch25.png","C:\Users\dstor\lse-repo\.build\html_backup\assets\lse_figures\LSE_E09_Cover_Crop_Failure_Modes_Small_Beds_Ch25.png","broken-nomatch","0","",""
"C:\Users\dstor\lse-repo\.build\html_backup\LSE_VOLUME_1_FOUNDATIONS_SYSTEMS_SOURCE_20260919_162242.html","repo","LSE_VOLUME_1_FOUNDATIONS_SYSTEMS_SOURCE_20260919_162242.html","1083","assets/user_created_web/UCI_022_Irrigation_Systems_Comparison.png","C:\Users\dstor\lse-repo\.build\html_backup\assets\user_created_web\UCI_022_Irrigation_Systems_Comparison.png","broken-found-elsewhere","1","repo","C:\Users\dstor\lse-repo\assets\user_created_web\UCI_022_Irrigation_Systems_Comparison.png"
"C:\Users\dstor\lse-repo\.build\html_backup\LSE_VOLUME_1_FOUNDATIONS_SYSTEMS_SOURCE_20260919_162242.html","repo","LSE_VOLUME_1_FOUNDATIONS_SYSTEMS_SOURCE_20260919_162242.html","1084","assets/B30_009__LSE_FOUND_B26_WATER_DripIrrigation_WettingPattern_PeggyGreb_USDA-PD.jpg","C:\Users\dstor\lse-repo\.build\html_backup\assets\B30_009__LSE_FOUND_B26_WATER_DripIrrigation_WettingPattern_PeggyGreb_USDA-PD.jpg","broken-found-elsewhere","1","repo","C:\Users\dstor\lse-repo\assets\B30_009__LSE_FOUND_B26_WATER_DripIrrigation_WettingPattern_PeggyGreb_USDA-PD.jpg"
"C:\Users\dstor\lse-repo\.build\html_backup\LSE_VOLUME_1_FOUNDATIONS_SYSTEMS_SOURCE_20260919_162242.html","repo","LSE_VOLUME_1_FOUNDATIONS_SYSTEMS_SOURCE_20260919_162242.html","1085","assets/B30_080__LSE_FOUND_B29_HOLD_ROOTS_Basil_RhizoctoniaRootRot_DarkRoots_MSU_PERMISSION.jpg","C:\Users\dstor\lse-repo\.build\html_backup\assets\B30_080__LSE_FOUND_B29_HOLD_ROOTS_Basil_RhizoctoniaRootRot_DarkRoots_MSU_PERMISSION.jpg","broken-found-elsewhere","1","repo","C:\Users\dstor\lse-repo\assets\B30_080__LSE_FOUND_B29_HOLD_ROOTS_Basil_RhizoctoniaRootRot_DarkRoots_MSU_PERMISSION.jpg"
"C:\Users\dstor\lse-repo\.build\html_backup\LSE_VOLUME_1_FOUNDATIONS_SYSTEMS_SOURCE_20260919_162242.html","repo","LSE_VOLUME_1_FOUNDATIONS_SYSTEMS_SOURCE_20260919_162242.html","1086","assets/B30_081__LSE_FOUND_B29_HOLD_ROOTS_Strawberry_BlackRootRot_HealthyVsDiseased_NCSU_PERMISSION.jpg","C:\Users\dstor\lse-repo\.build\html_backup\assets\B30_081__LSE_FOUND_B29_HOLD_ROOTS_Strawberry_BlackRootRot_HealthyVsDiseased_NCSU_PERMISSION.jpg","broken-found-elsewhere","1","repo","C:\Users\dstor\lse-repo\assets\B30_081__LSE_FOUND_B29_HOLD_ROOTS_Strawberry_BlackRootRot_HealthyVsDiseased_NCSU_PERMISSION.jpg"
"C:\Users\dstor\lse-repo\.build\html_backup\LSE_VOLUME_1_FOUNDATIONS_SYSTEMS_SOURCE_20260919_162242.html","repo","LSE_VOLUME_1_FOUNDATIONS_SYSTEMS_SOURCE_20260919_162242.html","1090","assets/user_created_web/UCI_018_Comparing_Irrigation_Systems_for_Home_Gardens.png","C:\Users\dstor\lse-repo\.build\html_backup\assets\user_created_web\UCI_018_Comparing_Irrigation_Systems_for_Home_Gardens.png","broken-nomatch","0","",""
"C:\Users\dstor\lse-repo\.build\html_backup\LSE_VOLUME_1_FOUNDATIONS_SYSTEMS_SOURCE_20260919_162242.html","repo","LSE_VOLUME_1_FOUNDATIONS_SYSTEMS_SOURCE_20260919_162242.html","1092","assets/lse_figures/LSE_B30_Irrigation_Systems_Compared_Ch34.png","C:\Users\dstor\lse-repo\.build\html_backup\assets\lse_figures\LSE_B30_Irrigation_Systems_Compared_Ch34.png","broken-nomatch","0","",""
"C:\Users\dstor\lse-repo\.build\html_backup\LSE_VOLUME_1_FOUNDATIONS_SYSTEMS_SOURCE_20260919_162242.html","repo","LSE_VOLUME_1_FOUNDATIONS_SYSTEMS_SOURCE_20260919_162242.html","1097","assets/lse_figures/LSE_C05_Irrigation_Maintenance_Checklist_Ch34_35_49.png","C:\Users\dstor\lse-repo\.build\html_backup\assets\lse_figures\LSE_C05_Irrigation_Maintenance_Checklist_Ch34_35_49.png","broken-found-elsewhere","1","repo","C:\Users\dstor\lse-repo\assets\lse_figures\LSE_C05_Irrigation_Maintenance_Checklist_Ch34_35_49.png"
"C:\Users\dstor\lse-repo\.build\html_backup\LSE_VOLUME_1_FOUNDATIONS_SYSTEMS_SOURCE_20260919_162242.html","repo","LSE_VOLUME_1_FOUNDATIONS_SYSTEMS_SOURCE_20260919_162242.html","1157","assets/user_created_web/UCI_024_Rainwater_Harvesting_System_Home_Scale.png","C:\Users\dstor\lse-repo\.build\html_backup\assets\user_created_web\UCI_024_Rainwater_Harvesting_System_Home_Scale.png","broken-nomatch","0","",""
"C:\Users\dstor\lse-repo\.build\html_backup\LSE_VOLUME_1_FOUNDATIONS_SYSTEMS_SOURCE_20260919_162242.html","repo","LSE_VOLUME_1_FOUNDATIONS_SYSTEMS_SOURCE_20260919_162242.html","1168","assets/B30_074__LSE_FOUND_B29_PRACTICAL_HighTunnel_Vegetables_RollUpVentilation_KathleenMoore_CC-BY-2.0.jpg","C:\Users\dstor\lse-repo\.build\html_backup\assets\B30_074__LSE_FOUND_B29_PRACTICAL_HighTunnel_Vegetables_RollUpVentilation_KathleenMoore_CC-BY-2.0.jpg","broken-found-elsewhere","1","repo","C:\Users\dstor\lse-repo\assets\B30_074__LSE_FOUND_B29_PRACTICAL_HighTunnel_Vegetables_RollUpVentilation_KathleenMoore_CC-BY-2.0.jpg"
"C:\Users\dstor\lse-repo\.build\html_backup\LSE_VOLUME_1_FOUNDATIONS_SYSTEMS_SOURCE_20260919_162242.html","repo","LSE_VOLUME_1_FOUNDATIONS_SYSTEMS_SOURCE_20260919_162242.html","1169","assets/B30_075__LSE_FOUND_B29_PRACTICAL_HerbsLettuce_ColdFrame_OpenLid_ChrisAlberti_CC-BY-2.0.jpg","C:\Users\dstor\lse-repo\.build\html_backup\assets\B30_075__LSE_FOUND_B29_PRACTICAL_HerbsLettuce_ColdFrame_OpenLid_ChrisAlberti_CC-BY-2.0.jpg","broken-found-elsewhere","1","repo","C:\Users\dstor\lse-repo\assets\B30_075__LSE_FOUND_B29_PRACTICAL_HerbsLettuce_ColdFrame_OpenLid_ChrisAlberti_CC-BY-2.0.jpg"
"C:\Users\dstor\lse-repo\.build\html_backup\LSE_VOLUME_1_FOUNDATIONS_SYSTEMS_SOURCE_20260919_162242.html","repo","LSE_VOLUME_1_FOUNDATIONS_SYSTEMS_SOURCE_20260919_162242.html","1174","assets/lse_figures/LSE_A17_Hoop_House_Season_Extension_Setup_Ch36.png","C:\Users\dstor\lse-repo\.build\html_backup\assets\lse_figures\LSE_A17_Hoop_House_Season_Extension_Setup_Ch36.png","broken-nomatch","0","",""
"C:\Users\dstor\lse-repo\.build\html_backup\LSE_VOLUME_1_FOUNDATIONS_SYSTEMS_SOURCE_20260919_162242.html","repo","LSE_VOLUME_1_FOUNDATIONS_SYSTEMS_SOURCE_20260919_162242.html","1178","assets/lse_figures/LSE_E14_Hoop_House_Spring_Rain_vs_Summer_Heat_Ch36.png","C:\Users\dstor\lse-repo\.build\html_backup\assets\lse_figures\LSE_E14_Hoop_House_Spring_Rain_vs_Summer_Heat_Ch36.png","broken-nomatch","0","",""
"C:\Users\dstor\lse-repo\.build\html_backup\LSE_VOLUME_1_FOUNDATIONS_SYSTEMS_SOURCE_20260919_162242.html","repo","LSE_VOLUME_1_FOUNDATIONS_SYSTEMS_SOURCE_20260919_162242.html","1192","assets/lse_figures/LSE_E16_Light_Metrics_PPFD_DLI_Concept_Ch37.png","C:\Users\dstor\lse-repo\.build\html_backup\assets\lse_figures\LSE_E16_Light_Metrics_PPFD_DLI_Concept_Ch37.png","broken-nomatch","0","",""
"C:\Users\dstor\lse-repo\.build\html_backup\LSE_VOLUME_1_FOUNDATIONS_SYSTEMS_SOURCE_20260919_162242.html","repo","LSE_VOLUME_1_FOUNDATIONS_SYSTEMS_SOURCE_20260919_162242.html","1209","assets/lse_figures/LSE_C02_Seed_Starting_Hardening_Off_Workflow_Ch49.png","C:\Users\dstor\lse-repo\.build\html_backup\assets\lse_figures\LSE_C02_Seed_Starting_Hardening_Off_Workflow_Ch49.png","broken-found-elsewhere","1","repo","C:\Users\dstor\lse-repo\assets\lse_figures\LSE_C02_Seed_Starting_Hardening_Off_Workflow_Ch49.png"
"C:\Users\dstor\lse-repo\.build\html_backup\LSE_VOLUME_1_FOUNDATIONS_SYSTEMS_SOURCE_20260919_162242.html","repo","LSE_VOLUME_1_FOUNDATIONS_SYSTEMS_SOURCE_20260919_162242.html","1232","assets/lse_figures/LSE_B32_Tool_Sanitation_Workflow_Ch38_49.png","C:\Users\dstor\lse-repo\.build\html_backup\assets\lse_figures\LSE_B32_Tool_Sanitation_Workflow_Ch38_49.png","broken-found-elsewhere","1","repo","C:\Users\dstor\lse-repo\assets\lse_figures\LSE_B32_Tool_Sanitation_Workflow_Ch38_49.png"
"C:\Users\dstor\lse-repo\.build\html_backup\LSE_VOLUME_1_FOUNDATIONS_SYSTEMS_SOURCE_20260919_162242.html","repo","LSE_VOLUME_1_FOUNDATIONS_SYSTEMS_SOURCE_20260919_162242.html","1251","assets/B30_049__LSE_FOUND_B28_SOIL_DroughtDrySoil_CrackingScale_VladislavNekrasov_CC-BY-4.0.jpg","C:\Users\dstor\lse-repo\.build\html_backup\assets\B30_049__LSE_FOUND_B28_SOIL_DroughtDrySoil_CrackingScale_VladislavNekrasov_CC-BY-4.0.jpg","broken-found-elsewhere","1","repo","C:\Users\dstor\lse-repo\assets\B30_049__LSE_FOUND_B28_SOIL_DroughtDrySoil_CrackingScale_VladislavNekrasov_CC-BY-4.0.jpg"
"C:\Users\dstor\lse-repo\.build\html_backup\LSE_VOLUME_1_FOUNDATIONS_SYSTEMS_SOURCE_20260919_162242.html","repo","LSE_VOLUME_1_FOUNDATIONS_SYSTEMS_SOURCE_20260919_162242.html","1251","assets/B30_008__LSE_FOUND_B26_SOIL_AggregateStability_SlakeComparison_LanceCheung_USDA-PD.jpg","C:\Users\dstor\lse-repo\.build\html_backup\assets\B30_008__LSE_FOUND_B26_SOIL_AggregateStability_SlakeComparison_LanceCheung_USDA-PD.jpg","broken-found-elsewhere","1","repo","C:\Users\dstor\lse-repo\assets\B30_008__LSE_FOUND_B26_SOIL_AggregateStability_SlakeComparison_LanceCheung_USDA-PD.jpg"
"C:\Users\dstor\lse-repo\.build\html_backup\LSE_VOLUME_1_FOUNDATIONS_SYSTEMS_SOURCE_20260919_162242.html","repo","LSE_VOLUME_1_FOUNDATIONS_SYSTEMS_SOURCE_20260919_162242.html","1316","assets/user_created_web/UCI_021_Refractometer_Use_Protocol.png","C:\Users\dstor\lse-repo\.build\html_backup\assets\user_created_web\UCI_021_Refractometer_Use_Protocol.png","broken-found-elsewhere","1","repo","C:\Users\dstor\lse-repo\assets\user_created_web\UCI_021_Refractometer_Use_Protocol.png"
"C:\Users\dstor\lse-repo\.build\html_backup\LSE_VOLUME_3_CROPS_IPM_DIAGNOSTICS_SOURCE_20260919_162242.html","repo","LSE_VOLUME_3_CROPS_IPM_DIAGNOSTICS_SOURCE_20260919_162242.html","49","assets/lse_figures/LSE_B24_Companion_Planting_Mechanism_vs_Folklore_Ch26.png","C:\Users\dstor\lse-repo\.build\html_backup\assets\lse_figures\LSE_B24_Companion_Planting_Mechanism_vs_Folklore_Ch26.png","broken-nomatch","0","",""
"C:\Users\dstor\lse-repo\.build\html_backup\LSE_VOLUME_3_CROPS_IPM_DIAGNOSTICS_SOURCE_20260919_162242.html","repo","LSE_VOLUME_3_CROPS_IPM_DIAGNOSTICS_SOURCE_20260919_162242.html","55","assets/lse_figures/LSE_E12_Trap_Crop_Decision_Nasturtium_Aphids_Ch26_Ch28_Ch39.png","C:\Users\dstor\lse-repo\.build\html_backup\assets\lse_figures\LSE_E12_Trap_Crop_Decision_Nasturtium_Aphids_Ch26_Ch28_Ch39.png","broken-nomatch","0","",""
"C:\Users\dstor\lse-repo\.build\html_backup\LSE_VOLUME_3_CROPS_IPM_DIAGNOSTICS_SOURCE_20260919_162242.html","repo","LSE_VOLUME_3_CROPS_IPM_DIAGNOSTICS_SOURCE_20260919_162242.html","67","assets/user_created_web/UCI_015_Three_Sisters_Guild.png","C:\Users\dstor\lse-repo\.build\html_backup\assets\user_created_web\UCI_015_Three_Sisters_Guild.png","broken-nomatch","0","",""
"C:\Users\dstor\lse-repo\.build\html_backup\LSE_VOLUME_3_CROPS_IPM_DIAGNOSTICS_SOURCE_20260919_162242.html","repo","LSE_VOLUME_3_CROPS_IPM_DIAGNOSTICS_SOURCE_20260919_162242.html","68","assets/user_created_web/UCI_016_Polyculture_Guild_Design.png","C:\Users\dstor\lse-repo\.build\html_backup\assets\user_created_web\UCI_016_Polyculture_Guild_Design.png","broken-nomatch","0","",""
"C:\Users\dstor\lse-repo\.build\html_backup\LSE_VOLUME_3_CROPS_IPM_DIAGNOSTICS_SOURCE_20260919_162242.html","repo","LSE_VOLUME_3_CROPS_IPM_DIAGNOSTICS_SOURCE_20260919_162242.html","72","assets/lse_figures/LSE_B25_Seven_Layer_Guild_Design_Texas_Peach_Ch27.png","C:\Users\dstor\lse-repo\.build\html_backup\assets\lse_figures\LSE_B25_Seven_Layer_Guild_Design_Texas_Peach_Ch27.png","broken-nomatch","0","",""
"C:\Users\dstor\lse-repo\.build\html_backup\LSE_VOLUME_3_CROPS_IPM_DIAGNOSTICS_SOURCE_20260919_162242.html","repo","LSE_VOLUME_3_CROPS_IPM_DIAGNOSTICS_SOURCE_20260919_162242.html","97","assets/lse_figures/LSE_A14_Insectary_Pollinator_Guild_Ch28.png","C:\Users\dstor\lse-repo\.build\html_backup\assets\lse_figures\LSE_A14_Insectary_Pollinator_Guild_Ch28.png","broken-nomatch","0","",""
"C:\Users\dstor\lse-repo\.build\html_backup\LSE_VOLUME_3_CROPS_IPM_DIAGNOSTICS_SOURCE_20260919_162242.html","repo","LSE_VOLUME_3_CROPS_IPM_DIAGNOSTICS_SOURCE_20260919_162242.html","97","assets/lse_figures/LSE_E07_Living_Mulch_Insectary_Strip_Boundary_Ch28.png","C:\Users\dstor\lse-repo\.build\html_backup\assets\lse_figures\LSE_E07_Living_Mulch_Insectary_Strip_Boundary_Ch28.png","broken-nomatch","0","",""
"C:\Users\dstor\lse-repo\.build\html_backup\LSE_VOLUME_3_CROPS_IPM_DIAGNOSTICS_SOURCE_20260919_162242.html","repo","LSE_VOLUME_3_CROPS_IPM_DIAGNOSTICS_SOURCE_20260919_162242.html","99","assets/lse_figures/LSE_B26_Flower_Architecture_For_Beneficial_Insects_Ch28_40.png","C:\Users\dstor\lse-repo\.build\html_backup\assets\lse_figures\LSE_B26_Flower_Architecture_For_Beneficial_Insects_Ch28_40.png","broken-nomatch","0","",""
"C:\Users\dstor\lse-repo\.build\html_backup\LSE_VOLUME_3_CROPS_IPM_DIAGNOSTICS_SOURCE_20260919_162242.html","repo","LSE_VOLUME_3_CROPS_IPM_DIAGNOSTICS_SOURCE_20260919_162242.html","103","assets/lse_figures/LSE_E10_Pollinator_Safe_Spray_Timing_Ch28_39_41.png","C:\Users\dstor\lse-repo\.build\html_backup\assets\lse_figures\LSE_E10_Pollinator_Safe_Spray_Timing_Ch28_39_41.png","broken-nomatch","0","",""
"C:\Users\dstor\lse-repo\.build\html_backup\LSE_VOLUME_3_CROPS_IPM_DIAGNOSTICS_SOURCE_20260919_162242.html","repo","LSE_VOLUME_3_CROPS_IPM_DIAGNOSTICS_SOURCE_20260919_162242.html","105","assets/user_created_web/UCI_013_Beneficial_Insectary_Bloom_Calendar.png","C:\Users\dstor\lse-repo\.build\html_backup\assets\user_created_web\UCI_013_Beneficial_Insectary_Bloom_Calendar.png","broken-found-elsewhere","1","repo","C:\Users\dstor\lse-repo\assets\user_created_web\UCI_013_Beneficial_Insectary_Bloom_Calendar.png"
"C:\Users\dstor\lse-repo\.build\html_backup\LSE_VOLUME_3_CROPS_IPM_DIAGNOSTICS_SOURCE_20260919_162242.html","repo","LSE_VOLUME_3_CROPS_IPM_DIAGNOSTICS_SOURCE_20260919_162242.html","115","assets/lse_figures/LSE_E11_North_Texas_Insectary_Bloom_Succession_Calendar_Ch28_40.png","C:\Users\dstor\lse-repo\.build\html_backup\assets\lse_figures\LSE_E11_North_Texas_Insectary_Bloom_Succession_Calendar_Ch28_40.png","broken-found-elsewhere","1","repo","C:\Users\dstor\lse-repo\assets\lse_figures\LSE_E11_North_Texas_Insectary_Bloom_Succession_Calendar_Ch28_40.png"
"C:\Users\dstor\lse-repo\.build\html_backup\LSE_VOLUME_3_CROPS_IPM_DIAGNOSTICS_SOURCE_20260919_162242.html","repo","LSE_VOLUME_3_CROPS_IPM_DIAGNOSTICS_SOURCE_20260919_162242.html","126","assets/lse_figures/LSE_A15_Crop_Family_Rotation_Map_Ch29.png","C:\Users\dstor\lse-repo\.build\html_backup\assets\lse_figures\LSE_A15_Crop_Family_Rotation_Map_Ch29.png","broken-found-elsewhere","1","repo","C:\Users\dstor\lse-repo\assets\lse_figures\LSE_A15_Crop_Family_Rotation_Map_Ch29.png"
"C:\Users\dstor\lse-repo\.build\html_backup\LSE_VOLUME_3_CROPS_IPM_DIAGNOSTICS_SOURCE_20260919_162242.html","repo","LSE_VOLUME_3_CROPS_IPM_DIAGNOSTICS_SOURCE_20260919_162242.html","134","assets/lse_figures/LSE_B28_North_Texas_Bed_Pivot_Calendar_Ch25_Ch29_Ch30.png","C:\Users\dstor\lse-repo\.build\html_backup\assets\lse_figures\LSE_B28_North_Texas_Bed_Pivot_Calendar_Ch25_Ch29_Ch30.png","broken-found-elsewhere","1","repo","C:\Users\dstor\lse-repo\assets\lse_figures\LSE_B28_North_Texas_Bed_Pivot_Calendar_Ch25_Ch29_Ch30.png"
"C:\Users\dstor\lse-repo\.build\html_backup\LSE_VOLUME_3_CROPS_IPM_DIAGNOSTICS_SOURCE_20260919_162242.html","repo","LSE_VOLUME_3_CROPS_IPM_DIAGNOSTICS_SOURCE_20260919_162242.html","138","assets/lse_figures/LSE_C08_Crop_Planning_Succession_Board_Ch29_49.png","C:\Users\dstor\lse-repo\.build\html_backup\assets\lse_figures\LSE_C08_Crop_Planning_Succession_Board_Ch29_49.png","broken-nomatch","0","",""
"C:\Users\dstor\lse-repo\.build\html_backup\LSE_VOLUME_3_CROPS_IPM_DIAGNOSTICS_SOURCE_20260919_162242.html","repo","LSE_VOLUME_3_CROPS_IPM_DIAGNOSTICS_SOURCE_20260919_162242.html","145","assets/lse_figures/LSE_D13_Squash_Vine_Borer_Scouting_Plate_Ch30_39.png","C:\Users\dstor\lse-repo\.build\html_backup\assets\lse_figures\LSE_D13_Squash_Vine_Borer_Scouting_Plate_Ch30_39.png","broken-nomatch","0","",""
"C:\Users\dstor\lse-repo\.build\html_backup\LSE_VOLUME_3_CROPS_IPM_DIAGNOSTICS_SOURCE_20260919_162242.html","repo","LSE_VOLUME_3_CROPS_IPM_DIAGNOSTICS_SOURCE_20260919_162242.html","151","assets/lse_figures/LSE_D14_Cucumber_Beetle_Bacterial_Wilt_Vector_Diagram_Ch30_Ch39_Ch42.png","C:\Users\dstor\lse-repo\.build\html_backup\assets\lse_figures\LSE_D14_Cucumber_Beetle_Bacterial_Wilt_Vector_Diagram_Ch30_Ch39_Ch42.png","broken-nomatch","0","",""
"C:\Users\dstor\lse-repo\.build\html_backup\LSE_VOLUME_3_CROPS_IPM_DIAGNOSTICS_SOURCE_20260919_162242.html","repo","LSE_VOLUME_3_CROPS_IPM_DIAGNOSTICS_SOURCE_20260919_162242.html","151","assets/lse_figures/LSE_D17_Okra_Pod_Injury_Hidden_Pest_Damage_Ch30.png","C:\Users\dstor\lse-repo\.build\html_backup\assets\lse_figures\LSE_D17_Okra_Pod_Injury_Hidden_Pest_Damage_Ch30.png","broken-nomatch","0","",""
"C:\Users\dstor\lse-repo\.build\html_backup\LSE_VOLUME_3_CROPS_IPM_DIAGNOSTICS_SOURCE_20260919_162242.html","repo","LSE_VOLUME_3_CROPS_IPM_DIAGNOSTICS_SOURCE_20260919_162242.html","161","assets/lse_figures/LSE_E03_Row_Cover_Low_Tunnel_Timing_Plate_Ch30_36_39.png","C:\Users\dstor\lse-repo\.build\html_backup\assets\lse_figures\LSE_E03_Row_Cover_Low_Tunnel_Timing_Plate_Ch30_36_39.png","broken-nomatch","0","",""
"C:\Users\dstor\lse-repo\.build\html_backup\LSE_VOLUME_3_CROPS_IPM_DIAGNOSTICS_SOURCE_20260919_162242.html","repo","LSE_VOLUME_3_CROPS_IPM_DIAGNOSTICS_SOURCE_20260919_162242.html","168","assets/lse_figures/LSE_B29_Herb_Grouping_Matrix_Ch31.png","C:\Users\dstor\lse-repo\.build\html_backup\assets\lse_figures\LSE_B29_Herb_Grouping_Matrix_Ch31.png","broken-found-elsewhere","1","repo","C:\Users\dstor\lse-repo\assets\lse_figures\LSE_B29_Herb_Grouping_Matrix_Ch31.png"
"C:\Users\dstor\lse-repo\.build\html_backup\LSE_VOLUME_3_CROPS_IPM_DIAGNOSTICS_SOURCE_20260919_162242.html","repo","LSE_VOLUME_3_CROPS_IPM_DIAGNOSTICS_SOURCE_20260919_162242.html","174","assets/lse_figures/LSE_C17_Basil_Pruning_Downy_Mildew_Scouting_Ch31_42.png","C:\Users\dstor\lse-repo\.build\html_backup\assets\lse_figures\LSE_C17_Basil_Pruning_Downy_Mildew_Scouting_Ch31_42.png","broken-nomatch","0","",""
"C:\Users\dstor\lse-repo\.build\html_backup\LSE_VOLUME_3_CROPS_IPM_DIAGNOSTICS_SOURCE_20260919_162242.html","repo","LSE_VOLUME_3_CROPS_IPM_DIAGNOSTICS_SOURCE_20260919_162242.html","181","assets/lse_figures/LSE_C19_Woody_Herb_Harvest_Limits_Ch31.png","C:\Users\dstor\lse-repo\.build\html_backup\assets\lse_figures\LSE_C19_Woody_Herb_Harvest_Limits_Ch31.png","broken-nomatch","0","",""
"C:\Users\dstor\lse-repo\.build\html_backup\LSE_VOLUME_3_CROPS_IPM_DIAGNOSTICS_SOURCE_20260919_162242.html","repo","LSE_VOLUME_3_CROPS_IPM_DIAGNOSTICS_SOURCE_20260919_162242.html","181","assets/lse_figures/LSE_D20_Basil_Downy_Mildew_vs_Nutrient_Yellowing_Ch31_42.png","C:\Users\dstor\lse-repo\.build\html_backup\assets\lse_figures\LSE_D20_Basil_Downy_Mildew_vs_Nutrient_Yellowing_Ch31_42.png","broken-nomatch","0","",""
"C:\Users\dstor\lse-repo\.build\html_backup\LSE_VOLUME_3_CROPS_IPM_DIAGNOSTICS_SOURCE_20260919_162242.html","repo","LSE_VOLUME_3_CROPS_IPM_DIAGNOSTICS_SOURCE_20260919_162242.html","183","assets/lse_figures/LSE_C16_Herb_Barrel_Setup_Sequence_Ch31.png","C:\Users\dstor\lse-repo\.build\html_backup\assets\lse_figures\LSE_C16_Herb_Barrel_Setup_Sequence_Ch31.png","broken-nomatch","0","",""
"C:\Users\dstor\lse-repo\.build\html_backup\LSE_VOLUME_3_CROPS_IPM_DIAGNOSTICS_SOURCE_20260919_162242.html","repo","LSE_VOLUME_3_CROPS_IPM_DIAGNOSTICS_SOURCE_20260919_162242.html","186","assets/lse_figures/LSE_C18_Cilantro_Dill_Cool_Season_Succession_Ch31.png","C:\Users\dstor\lse-repo\.build\html_backup\assets\lse_figures\LSE_C18_Cilantro_Dill_Cool_Season_Succession_Ch31.png","broken-nomatch","0","",""
"C:\Users\dstor\lse-repo\.build\html_backup\LSE_VOLUME_3_CROPS_IPM_DIAGNOSTICS_SOURCE_20260919_162242.html","repo","LSE_VOLUME_3_CROPS_IPM_DIAGNOSTICS_SOURCE_20260919_162242.html","186","assets/lse_figures/LSE_E05_Barrel_Herb_Garden_Cross_Section_Ch31.png","C:\Users\dstor\lse-repo\.build\html_backup\assets\lse_figures\LSE_E05_Barrel_Herb_Garden_Cross_Section_Ch31.png","broken-nomatch","0","",""
"C:\Users\dstor\lse-repo\.build\html_backup\LSE_VOLUME_3_CROPS_IPM_DIAGNOSTICS_SOURCE_20260919_162242.html","repo","LSE_VOLUME_3_CROPS_IPM_DIAGNOSTICS_SOURCE_20260919_162242.html","226","assets/user_created_web/UCI_020_Common_Dallas_Pest_Identification_Guide.png","C:\Users\dstor\lse-repo\.build\html_backup\assets\user_created_web\UCI_020_Common_Dallas_Pest_Identification_Guide.png","broken-found-elsewhere","1","repo","C:\Users\dstor\lse-repo\assets\user_created_web\UCI_020_Common_Dallas_Pest_Identification_Guide.png"
"C:\Users\dstor\lse-repo\.build\html_backup\LSE_VOLUME_3_CROPS_IPM_DIAGNOSTICS_SOURCE_20260919_162242.html","repo","LSE_VOLUME_3_CROPS_IPM_DIAGNOSTICS_SOURCE_20260919_162242.html","227","assets/B30_052__LSE_FOUND_B28_PEST_Brassica_CabbageFlyLarva_StalkDamage_PakChoi_SchlagheckenJosef_CC-BY-SA-4.0.jpg","C:\Users\dstor\lse-repo\.build\html_backup\assets\B30_052__LSE_FOUND_B28_PEST_Brassica_CabbageFlyLarva_StalkDamage_PakChoi_SchlagheckenJosef_CC-BY-SA-4.0.jpg","broken-found-elsewhere","1","repo","C:\Users\dstor\lse-repo\assets\B30_052__LSE_FOUND_B28_PEST_Brassica_CabbageFlyLarva_StalkDamage_PakChoi_SchlagheckenJosef_CC-BY-SA-4.0.jpg"
"C:\Users\dstor\lse-repo\.build\html_backup\LSE_VOLUME_3_CROPS_IPM_DIAGNOSTICS_SOURCE_20260919_162242.html","repo","LSE_VOLUME_3_CROPS_IPM_DIAGNOSTICS_SOURCE_20260919_162242.html","228","assets/B30_053__LSE_FOUND_B28_PEST_Brassica_DeliaRadicum_MaggotPupaLifeStages_Rasbak_CC-BY-SA-GFDL.jpg","C:\Users\dstor\lse-repo\.build\html_backup\assets\B30_053__LSE_FOUND_B28_PEST_Brassica_DeliaRadicum_MaggotPupaLifeStages_Rasbak_CC-BY-SA-GFDL.jpg","broken-found-elsewhere","1","repo","C:\Users\dstor\lse-repo\assets\B30_053__LSE_FOUND_B28_PEST_Brassica_DeliaRadicum_MaggotPupaLifeStages_Rasbak_CC-BY-SA-GFDL.jpg"
"C:\Users\dstor\lse-repo\.build\html_backup\LSE_VOLUME_3_CROPS_IPM_DIAGNOSTICS_SOURCE_20260919_162242.html","repo","LSE_VOLUME_3_CROPS_IPM_DIAGNOSTICS_SOURCE_20260919_162242.html","229","assets/B30_027__LSE_FOUND_B27_PEST_Cowpea_CowpeaCurculio_PodCrossSectionLarvaAdult_UGA_VERIFY.jpg","C:\Users\dstor\lse-repo\.build\html_backup\assets\B30_027__LSE_FOUND_B27_PEST_Cowpea_CowpeaCurculio_PodCrossSectionLarvaAdult_UGA_VERIFY.jpg","broken-found-elsewhere","1","repo","C:\Users\dstor\lse-repo\assets\B30_027__LSE_FOUND_B27_PEST_Cowpea_CowpeaCurculio_PodCrossSectionLarvaAdult_UGA_VERIFY.jpg"
"C:\Users\dstor\lse-repo\.build\html_backup\LSE_VOLUME_3_CROPS_IPM_DIAGNOSTICS_SOURCE_20260919_162242.html","repo","LSE_VOLUME_3_CROPS_IPM_DIAGNOSTICS_SOURCE_20260919_162242.html","230","assets/B30_028__LSE_FOUND_B27_PEST_Cowpea_CowpeaCurculio_LarvaInsidePodRisk_UGA_VERIFY.jpg","C:\Users\dstor\lse-repo\.build\html_backup\assets\B30_028__LSE_FOUND_B27_PEST_Cowpea_CowpeaCurculio_LarvaInsidePodRisk_UGA_VERIFY.jpg","broken-found-elsewhere","1","repo","C:\Users\dstor\lse-repo\assets\B30_028__LSE_FOUND_B27_PEST_Cowpea_CowpeaCurculio_LarvaInsidePodRisk_UGA_VERIFY.jpg"
"C:\Users\dstor\lse-repo\.build\html_backup\LSE_VOLUME_3_CROPS_IPM_DIAGNOSTICS_SOURCE_20260919_162242.html","repo","LSE_VOLUME_3_CROPS_IPM_DIAGNOSTICS_SOURCE_20260919_162242.html","231","assets/B30_079__LSE_FOUND_B29_HOLD_PEST_Okra_StinkBugDamage_TwistedPods_Clemson_PERMISSION.jpg","C:\Users\dstor\lse-repo\.build\html_backup\assets\B30_079__LSE_FOUND_B29_HOLD_PEST_Okra_StinkBugDamage_TwistedPods_Clemson_PERMISSION.jpg","broken-found-elsewhere","1","repo","C:\Users\dstor\lse-repo\assets\B30_079__LSE_FOUND_B29_HOLD_PEST_Okra_StinkBugDamage_TwistedPods_Clemson_PERMISSION.jpg"
"C:\Users\dstor\lse-repo\.build\html_backup\LSE_VOLUME_3_CROPS_IPM_DIAGNOSTICS_SOURCE_20260919_162242.html","repo","LSE_VOLUME_3_CROPS_IPM_DIAGNOSTICS_SOURCE_20260919_162242.html","247","assets/B30_029__LSE_FOUND_B27_PEST_Cowpea_CowpeaCurculio_AdultScouting_UGA_VERIFY.jpg","C:\Users\dstor\lse-repo\.build\html_backup\assets\B30_029__LSE_FOUND_B27_PEST_Cowpea_CowpeaCurculio_AdultScouting_UGA_VERIFY.jpg","broken-found-elsewhere","1","repo","C:\Users\dstor\lse-repo\assets\B30_029__LSE_FOUND_B27_PEST_Cowpea_CowpeaCurculio_AdultScouting_UGA_VERIFY.jpg"
"C:\Users\dstor\lse-repo\.build\html_backup\LSE_VOLUME_3_CROPS_IPM_DIAGNOSTICS_SOURCE_20260919_162242.html","repo","LSE_VOLUME_3_CROPS_IPM_DIAGNOSTICS_SOURCE_20260919_162242.html","248","assets/B30_030__LSE_FOUND_B27_PEST_Eggplant_FleaBeetle_ShotHolePittedLeaf_DavidCappaert-Bugwood_VERIFY.jpg","C:\Users\dstor\lse-repo\.build\html_backup\assets\B30_030__LSE_FOUND_B27_PEST_Eggplant_FleaBeetle_ShotHolePittedLeaf_DavidCappaert-Bugwood_VERIFY.jpg","broken-found-elsewhere","1","repo","C:\Users\dstor\lse-repo\assets\B30_030__LSE_FOUND_B27_PEST_Eggplant_FleaBeetle_ShotHolePittedLeaf_DavidCappaert-Bugwood_VERIFY.jpg"
"C:\Users\dstor\lse-repo\.build\html_backup\LSE_VOLUME_3_CROPS_IPM_DIAGNOSTICS_SOURCE_20260919_162242.html","repo","LSE_VOLUME_3_CROPS_IPM_DIAGNOSTICS_SOURCE_20260919_162242.html","252","assets/B30_073__LSE_FOUND_B29_PRACTICAL_RowCover_LowTunnel_FabricOverHoops_KathleenMoore_CC-BY-2.0.jpg","C:\Users\dstor\lse-repo\.build\html_backup\assets\B30_073__LSE_FOUND_B29_PRACTICAL_RowCover_LowTunnel_FabricOverHoops_KathleenMoore_CC-BY-2.0.jpg","broken-found-elsewhere","1","repo","C:\Users\dstor\lse-repo\assets\B30_073__LSE_FOUND_B29_PRACTICAL_RowCover_LowTunnel_FabricOverHoops_KathleenMoore_CC-BY-2.0.jpg"
"C:\Users\dstor\lse-repo\.build\html_backup\LSE_VOLUME_3_CROPS_IPM_DIAGNOSTICS_SOURCE_20260919_162242.html","repo","LSE_VOLUME_3_CROPS_IPM_DIAGNOSTICS_SOURCE_20260919_162242.html","253","assets/B30_033__LSE_FOUND_B27_EXCLUSION_VegetableBeds_FloatingRowCover_PhysicalBarrier_ScotNelson_CONDITIONAL.jpg","C:\Users\dstor\lse-repo\.build\html_backup\assets\B30_033__LSE_FOUND_B27_EXCLUSION_VegetableBeds_FloatingRowCover_PhysicalBarrier_ScotNelson_CONDITIONAL.jpg","broken-found-elsewhere","1","repo","C:\Users\dstor\lse-repo\assets\B30_033__LSE_FOUND_B27_EXCLUSION_VegetableBeds_FloatingRowCover_PhysicalBarrier_ScotNelson_CONDITIONAL.jpg"
"C:\Users\dstor\lse-repo\.build\html_backup\LSE_VOLUME_3_CROPS_IPM_DIAGNOSTICS_SOURCE_20260919_162242.html","repo","LSE_VOLUME_3_CROPS_IPM_DIAGNOSTICS_SOURCE_20260919_162242.html","266","assets/B30_048__LSE_FOUND_B28_PEST_Brassica_CabbageFlyMaggot_RootDamage_Kohlrabi_SchlagheckenJosef_CC-BY-4.0.jpg","C:\Users\dstor\lse-repo\.build\html_backup\assets\B30_048__LSE_FOUND_B28_PEST_Brassica_CabbageFlyMaggot_RootDamage_Kohlrabi_SchlagheckenJosef_CC-BY-4.0.jpg","broken-found-elsewhere","1","repo","C:\Users\dstor\lse-repo\assets\B30_048__LSE_FOUND_B28_PEST_Brassica_CabbageFlyMaggot_RootDamage_Kohlrabi_SchlagheckenJosef_CC-BY-4.0.jpg"
"C:\Users\dstor\lse-repo\.build\html_backup\LSE_VOLUME_3_CROPS_IPM_DIAGNOSTICS_SOURCE_20260919_162242.html","repo","LSE_VOLUME_3_CROPS_IPM_DIAGNOSTICS_SOURCE_20260919_162242.html","267","assets/B30_032__LSE_FOUND_B27_EXCLUSION_Seedlings_CutwormCollars_CardboardBarrier_KathleenMoore_CC-BY-2.0.jpg","C:\Users\dstor\lse-repo\.build\html_backup\assets\B30_032__LSE_FOUND_B27_EXCLUSION_Seedlings_CutwormCollars_CardboardBarrier_KathleenMoore_CC-BY-2.0.jpg","broken-found-elsewhere","1","repo","C:\Users\dstor\lse-repo\assets\B30_032__LSE_FOUND_B27_EXCLUSION_Seedlings_CutwormCollars_CardboardBarrier_KathleenMoore_CC-BY-2.0.jpg"
"C:\Users\dstor\lse-repo\.build\html_backup\LSE_VOLUME_3_CROPS_IPM_DIAGNOSTICS_SOURCE_20260919_162242.html","repo","LSE_VOLUME_3_CROPS_IPM_DIAGNOSTICS_SOURCE_20260919_162242.html","268","assets/B30_031__LSE_FOUND_B27_PEST_Corn_BlackCutworm_SeveredSeedlingDamage_WM-Hantsbarger_CC-BY-3.0-US.jpg","C:\Users\dstor\lse-repo\.build\html_backup\assets\B30_031__LSE_FOUND_B27_PEST_Corn_BlackCutworm_SeveredSeedlingDamage_WM-Hantsbarger_CC-BY-3.0-US.jpg","broken-found-elsewhere","1","repo","C:\Users\dstor\lse-repo\assets\B30_031__LSE_FOUND_B27_PEST_Corn_BlackCutworm_SeveredSeedlingDamage_WM-Hantsbarger_CC-BY-3.0-US.jpg"
"C:\Users\dstor\lse-repo\.build\html_backup\LSE_VOLUME_3_CROPS_IPM_DIAGNOSTICS_SOURCE_20260919_162242.html","repo","LSE_VOLUME_3_CROPS_IPM_DIAGNOSTICS_SOURCE_20260919_162242.html","269","assets/B30_034__LSE_FOUND_B27_EXCLUSION_Containers_SlugBarrier_CopperTape_KathleenMoore_CC-BY-2.0.jpg","C:\Users\dstor\lse-repo\.build\html_backup\assets\B30_034__LSE_FOUND_B27_EXCLUSION_Containers_SlugBarrier_CopperTape_KathleenMoore_CC-BY-2.0.jpg","broken-found-elsewhere","1","repo","C:\Users\dstor\lse-repo\assets\B30_034__LSE_FOUND_B27_EXCLUSION_Containers_SlugBarrier_CopperTape_KathleenMoore_CC-BY-2.0.jpg"
"C:\Users\dstor\lse-repo\.build\html_backup\LSE_VOLUME_3_CROPS_IPM_DIAGNOSTICS_SOURCE_20260919_162242.html","repo","LSE_VOLUME_3_CROPS_IPM_DIAGNOSTICS_SOURCE_20260919_162242.html","280","assets/lse_figures/LSE_C03_Daily_Weekly_Scouting_Route_Ch39_Ch49.png","C:\Users\dstor\lse-repo\.build\html_backup\assets\lse_figures\LSE_C03_Daily_Weekly_Scouting_Route_Ch39_Ch49.png","broken-nomatch","0","",""
"C:\Users\dstor\lse-repo\.build\html_backup\LSE_VOLUME_3_CROPS_IPM_DIAGNOSTICS_SOURCE_20260919_162242.html","repo","LSE_VOLUME_3_CROPS_IPM_DIAGNOSTICS_SOURCE_20260919_162242.html","314","assets/lse_figures/LSE_B33_Beneficial_Insect_Lifecycle_Plate_Ch40.png","C:\Users\dstor\lse-repo\.build\html_backup\assets\lse_figures\LSE_B33_Beneficial_Insect_Lifecycle_Plate_Ch40.png","broken-nomatch","0","",""
"C:\Users\dstor\lse-repo\.build\html_backup\LSE_VOLUME_3_CROPS_IPM_DIAGNOSTICS_SOURCE_20260919_162242.html","repo","LSE_VOLUME_3_CROPS_IPM_DIAGNOSTICS_SOURCE_20260919_162242.html","347","assets/lse_figures/LSE_C07_Harvest_Postharvest_Handling_Workflow_Ch49.png","C:\Users\dstor\lse-repo\.build\html_backup\assets\lse_figures\LSE_C07_Harvest_Postharvest_Handling_Workflow_Ch49.png","broken-found-elsewhere","1","repo","C:\Users\dstor\lse-repo\assets\lse_figures\LSE_C07_Harvest_Postharvest_Handling_Workflow_Ch49.png"
"C:\Users\dstor\lse-repo\.build\html_backup\LSE_VOLUME_3_CROPS_IPM_DIAGNOSTICS_SOURCE_20260919_162242.html","repo","LSE_VOLUME_3_CROPS_IPM_DIAGNOSTICS_SOURCE_20260919_162242.html","363","assets/B30_038__LSE_FOUND_B27_ABIOTIC_Tomato_FertilizerBurn_YoungLeafScorch_UMD_VERIFY.jpg","C:\Users\dstor\lse-repo\.build\html_backup\assets\B30_038__LSE_FOUND_B27_ABIOTIC_Tomato_FertilizerBurn_YoungLeafScorch_UMD_VERIFY.jpg","broken-found-elsewhere","1","repo","C:\Users\dstor\lse-repo\assets\B30_038__LSE_FOUND_B27_ABIOTIC_Tomato_FertilizerBurn_YoungLeafScorch_UMD_VERIFY.jpg"
"C:\Users\dstor\lse-repo\.build\html_backup\LSE_VOLUME_3_CROPS_IPM_DIAGNOSTICS_SOURCE_20260919_162242.html","repo","LSE_VOLUME_3_CROPS_IPM_DIAGNOSTICS_SOURCE_20260919_162242.html","364","assets/B30_056__LSE_FOUND_B28_ABIOTIC_FertilizerBurn_LeafScorchPattern_CannabisCropMismatch_Fenrisulfir_CC-BY-SA-GFDL.jpg","C:\Users\dstor\lse-repo\.build\html_backup\assets\B30_056__LSE_FOUND_B28_ABIOTIC_FertilizerBurn_LeafScorchPattern_CannabisCropMismatch_Fenrisulfir_CC-BY-SA-GFDL.jpg","broken-found-elsewhere","1","repo","C:\Users\dstor\lse-repo\assets\B30_056__LSE_FOUND_B28_ABIOTIC_FertilizerBurn_LeafScorchPattern_CannabisCropMismatch_Fenrisulfir_CC-BY-SA-GFDL.jpg"
"C:\Users\dstor\lse-repo\.build\html_backup\LSE_VOLUME_3_CROPS_IPM_DIAGNOSTICS_SOURCE_20260919_162242.html","repo","LSE_VOLUME_3_CROPS_IPM_DIAGNOSTICS_SOURCE_20260919_162242.html","368","assets/B30_037__LSE_FOUND_B27_ABIOTIC_VegetableTransplant_ColdFreezeDamage_WhiteLeaves_UMD_VERIFY.jpg","C:\Users\dstor\lse-repo\.build\html_backup\assets\B30_037__LSE_FOUND_B27_ABIOTIC_VegetableTransplant_ColdFreezeDamage_WhiteLeaves_UMD_VERIFY.jpg","broken-found-elsewhere","1","repo","C:\Users\dstor\lse-repo\assets\B30_037__LSE_FOUND_B27_ABIOTIC_VegetableTransplant_ColdFreezeDamage_WhiteLeaves_UMD_VERIFY.jpg"
"C:\Users\dstor\lse-repo\.build\html_backup\LSE_VOLUME_3_CROPS_IPM_DIAGNOSTICS_SOURCE_20260919_162242.html","repo","LSE_VOLUME_3_CROPS_IPM_DIAGNOSTICS_SOURCE_20260919_162242.html","369","assets/B30_071__LSE_FOUND_B29_ABIOTIC_Bean_HerbicideInjury_EpinastySwollenStems_VCE_PublicUse.jpg","C:\Users\dstor\lse-repo\.build\html_backup\assets\B30_071__LSE_FOUND_B29_ABIOTIC_Bean_HerbicideInjury_EpinastySwollenStems_VCE_PublicUse.jpg","broken-found-elsewhere","1","repo","C:\Users\dstor\lse-repo\assets\B30_071__LSE_FOUND_B29_ABIOTIC_Bean_HerbicideInjury_EpinastySwollenStems_VCE_PublicUse.jpg"
"C:\Users\dstor\lse-repo\.build\html_backup\LSE_VOLUME_3_CROPS_IPM_DIAGNOSTICS_SOURCE_20260919_162242.html","repo","LSE_VOLUME_3_CROPS_IPM_DIAGNOSTICS_SOURCE_20260919_162242.html","370","assets/B30_072__LSE_FOUND_B29_ABIOTIC_Squash_HerbicideResidue_FieldEpinastyTwisting_VCE_PublicUse.jpg","C:\Users\dstor\lse-repo\.build\html_backup\assets\B30_072__LSE_FOUND_B29_ABIOTIC_Squash_HerbicideResidue_FieldEpinastyTwisting_VCE_PublicUse.jpg","broken-found-elsewhere","1","repo","C:\Users\dstor\lse-repo\assets\B30_072__LSE_FOUND_B29_ABIOTIC_Squash_HerbicideResidue_FieldEpinastyTwisting_VCE_PublicUse.jpg"
"C:\Users\dstor\lse-repo\.build\html_backup\LSE_VOLUME_3_CROPS_IPM_DIAGNOSTICS_SOURCE_20260919_162242.html","repo","LSE_VOLUME_3_CROPS_IPM_DIAGNOSTICS_SOURCE_20260919_162242.html","371","assets/B30_045__LSE_FOUND_B28_ABIOTIC_Tomato_HailDamage_FruitBruisesHoles_DwightSipler_CC-BY-2.0.jpg","C:\Users\dstor\lse-repo\.build\html_backup\assets\B30_045__LSE_FOUND_B28_ABIOTIC_Tomato_HailDamage_FruitBruisesHoles_DwightSipler_CC-BY-2.0.jpg","broken-found-elsewhere","1","repo","C:\Users\dstor\lse-repo\assets\B30_045__LSE_FOUND_B28_ABIOTIC_Tomato_HailDamage_FruitBruisesHoles_DwightSipler_CC-BY-2.0.jpg"
"C:\Users\dstor\lse-repo\.build\html_backup\LSE_VOLUME_3_CROPS_IPM_DIAGNOSTICS_SOURCE_20260919_162242.html","repo","LSE_VOLUME_3_CROPS_IPM_DIAGNOSTICS_SOURCE_20260919_162242.html","372","assets/B30_004__LSE_FOUND_B26_ABIOTIC_Tomato_HailDamage_BruisedBrokenStems_DwightSipler_CC-BY-2.jpg","C:\Users\dstor\lse-repo\.build\html_backup\assets\B30_004__LSE_FOUND_B26_ABIOTIC_Tomato_HailDamage_BruisedBrokenStems_DwightSipler_CC-BY-2.jpg","broken-found-elsewhere","1","repo","C:\Users\dstor\lse-repo\assets\B30_004__LSE_FOUND_B26_ABIOTIC_Tomato_HailDamage_BruisedBrokenStems_DwightSipler_CC-BY-2.jpg"
"C:\Users\dstor\lse-repo\.build\html_backup\LSE_VOLUME_3_CROPS_IPM_DIAGNOSTICS_SOURCE_20260919_162242.html","repo","LSE_VOLUME_3_CROPS_IPM_DIAGNOSTICS_SOURCE_20260919_162242.html","373","assets/B30_078__LSE_FOUND_B29_HOLD_ABIOTIC_Bean_PesticideBurn_ScorchedLeaves_UMD_VERIFY.png","C:\Users\dstor\lse-repo\.build\html_backup\assets\B30_078__LSE_FOUND_B29_HOLD_ABIOTIC_Bean_PesticideBurn_ScorchedLeaves_UMD_VERIFY.png","broken-nomatch","0","",""
"C:\Users\dstor\lse-repo\.build\html_backup\LSE_VOLUME_3_CROPS_IPM_DIAGNOSTICS_SOURCE_20260919_162242.html","repo","LSE_VOLUME_3_CROPS_IPM_DIAGNOSTICS_SOURCE_20260919_162242.html","377","assets/B30_036__LSE_FOUND_B27_ABIOTIC_Bean_PesticideBurn_LeafScorch_UMD_VERIFY.png","C:\Users\dstor\lse-repo\.build\html_backup\assets\B30_036__LSE_FOUND_B27_ABIOTIC_Bean_PesticideBurn_LeafScorch_UMD_VERIFY.png","broken-nomatch","0","",""
"C:\Users\dstor\lse-repo\.build\html_backup\LSE_VOLUME_3_CROPS_IPM_DIAGNOSTICS_SOURCE_20260919_162242.html","repo","LSE_VOLUME_3_CROPS_IPM_DIAGNOSTICS_SOURCE_20260919_162242.html","378","assets/B30_077__LSE_FOUND_B29_HOLD_ABIOTIC_Squash_PesticideBurn_Phytotoxicity_UMD_VERIFY.jpg","C:\Users\dstor\lse-repo\.build\html_backup\assets\B30_077__LSE_FOUND_B29_HOLD_ABIOTIC_Squash_PesticideBurn_Phytotoxicity_UMD_VERIFY.jpg","broken-found-elsewhere","1","repo","C:\Users\dstor\lse-repo\assets\B30_077__LSE_FOUND_B29_HOLD_ABIOTIC_Squash_PesticideBurn_Phytotoxicity_UMD_VERIFY.jpg"
"C:\Users\dstor\lse-repo\.build\html_backup\LSE_VOLUME_3_CROPS_IPM_DIAGNOSTICS_SOURCE_20260919_162242.html","repo","LSE_VOLUME_3_CROPS_IPM_DIAGNOSTICS_SOURCE_20260919_162242.html","379","assets/B30_035__LSE_FOUND_B27_ABIOTIC_Squash_PesticideBurn_SoapPyrethrinLeafScorch_UMD_VERIFY.jpg","C:\Users\dstor\lse-repo\.build\html_backup\assets\B30_035__LSE_FOUND_B27_ABIOTIC_Squash_PesticideBurn_SoapPyrethrinLeafScorch_UMD_VERIFY.jpg","broken-found-elsewhere","1","repo","C:\Users\dstor\lse-repo\assets\B30_035__LSE_FOUND_B27_ABIOTIC_Squash_PesticideBurn_SoapPyrethrinLeafScorch_UMD_VERIFY.jpg"
"C:\Users\dstor\lse-repo\.build\html_backup\LSE_VOLUME_3_CROPS_IPM_DIAGNOSTICS_SOURCE_20260919_162242.html","repo","LSE_VOLUME_3_CROPS_IPM_DIAGNOSTICS_SOURCE_20260919_162242.html","380","assets/B30_001__LSE_FOUND_B26_ABIOTIC_Pepper_Sunscald_ExposedFruit_DonFerrin_Bugwood_CC-BY-3.jpg","C:\Users\dstor\lse-repo\.build\html_backup\assets\B30_001__LSE_FOUND_B26_ABIOTIC_Pepper_Sunscald_ExposedFruit_DonFerrin_Bugwood_CC-BY-3.jpg","broken-found-elsewhere","1","repo","C:\Users\dstor\lse-repo\assets\B30_001__LSE_FOUND_B26_ABIOTIC_Pepper_Sunscald_ExposedFruit_DonFerrin_Bugwood_CC-BY-3.jpg"
"C:\Users\dstor\lse-repo\.build\html_backup\LSE_VOLUME_3_CROPS_IPM_DIAGNOSTICS_SOURCE_20260919_162242.html","repo","LSE_VOLUME_3_CROPS_IPM_DIAGNOSTICS_SOURCE_20260919_162242.html","381","assets/B30_002__LSE_FOUND_B26_ABIOTIC_Tomato_FruitCracking_IrregularIrrigationCue_Fructibus_CC0.jpg","C:\Users\dstor\lse-repo\.build\html_backup\assets\B30_002__LSE_FOUND_B26_ABIOTIC_Tomato_FruitCracking_IrregularIrrigationCue_Fructibus_CC0.jpg","broken-found-elsewhere","1","repo","C:\Users\dstor\lse-repo\assets\B30_002__LSE_FOUND_B26_ABIOTIC_Tomato_FruitCracking_IrregularIrrigationCue_Fructibus_CC0.jpg"
"C:\Users\dstor\lse-repo\.build\html_backup\LSE_VOLUME_3_CROPS_IPM_DIAGNOSTICS_SOURCE_20260919_162242.html","repo","LSE_VOLUME_3_CROPS_IPM_DIAGNOSTICS_SOURCE_20260919_162242.html","385","assets/B30_050__LSE_FOUND_B28_ABIOTIC_Tomato_FrostDamage_LeafFruitBurn_AmroBinKulthoum_CC-BY-SA-3.0.jpg","C:\Users\dstor\lse-repo\.build\html_backup\assets\B30_050__LSE_FOUND_B28_ABIOTIC_Tomato_FrostDamage_LeafFruitBurn_AmroBinKulthoum_CC-BY-SA-3.0.jpg","broken-found-elsewhere","1","repo","C:\Users\dstor\lse-repo\assets\B30_050__LSE_FOUND_B28_ABIOTIC_Tomato_FrostDamage_LeafFruitBurn_AmroBinKulthoum_CC-BY-SA-3.0.jpg"
"C:\Users\dstor\lse-repo\.build\html_backup\LSE_VOLUME_3_CROPS_IPM_DIAGNOSTICS_SOURCE_20260919_162242.html","repo","LSE_VOLUME_3_CROPS_IPM_DIAGNOSTICS_SOURCE_20260919_162242.html","386","assets/B30_003__LSE_FOUND_B26_ABIOTIC_Tomato_Catfacing_FruitDeformity_ParthasarathySeethapathy_CC-BY-SA-4.jpg","C:\Users\dstor\lse-repo\.build\html_backup\assets\B30_003__LSE_FOUND_B26_ABIOTIC_Tomato_Catfacing_FruitDeformity_ParthasarathySeethapathy_CC-BY-SA-4.jpg","broken-found-elsewhere","1","repo","C:\Users\dstor\lse-repo\assets\B30_003__LSE_FOUND_B26_ABIOTIC_Tomato_Catfacing_FruitDeformity_ParthasarathySeethapathy_CC-BY-SA-4.jpg"
"C:\Users\dstor\lse-repo\.build\html_backup\LSE_VOLUME_3_CROPS_IPM_DIAGNOSTICS_SOURCE_20260919_162242.html","repo","LSE_VOLUME_3_CROPS_IPM_DIAGNOSTICS_SOURCE_20260919_162242.html","388","assets/lse_figures/LSE_D03_Damping_Off_Lookalike_Plate_Ch42_49.png","C:\Users\dstor\lse-repo\.build\html_backup\assets\lse_figures\LSE_D03_Damping_Off_Lookalike_Plate_Ch42_49.png","broken-nomatch","0","",""
"C:\Users\dstor\lse-repo\.build\html_backup\LSE_VOLUME_3_CROPS_IPM_DIAGNOSTICS_SOURCE_20260919_162242.html","repo","LSE_VOLUME_3_CROPS_IPM_DIAGNOSTICS_SOURCE_20260919_162242.html","395","assets/lse_figures/LSE_D15_Tomato_Leaf_Spot_Lookalikes_Ch42.png","C:\Users\dstor\lse-repo\.build\html_backup\assets\lse_figures\LSE_D15_Tomato_Leaf_Spot_Lookalikes_Ch42.png","broken-nomatch","0","",""
"C:\Users\dstor\lse-repo\.build\html_backup\LSE_VOLUME_3_CROPS_IPM_DIAGNOSTICS_SOURCE_20260919_162242.html","repo","LSE_VOLUME_3_CROPS_IPM_DIAGNOSTICS_SOURCE_20260919_162242.html","395","assets/lse_figures/LSE_D19_Powdery_Mildew_vs_Downy_Mildew_Ch42.png","C:\Users\dstor\lse-repo\.build\html_backup\assets\lse_figures\LSE_D19_Powdery_Mildew_vs_Downy_Mildew_Ch42.png","broken-nomatch","0","",""
"C:\Users\dstor\lse-repo\.build\html_backup\LSE_VOLUME_3_CROPS_IPM_DIAGNOSTICS_SOURCE_20260919_162242.html","repo","LSE_VOLUME_3_CROPS_IPM_DIAGNOSTICS_SOURCE_20260919_162242.html","401","assets/lse_figures/LSE_D01_Wilt_Triage_Decision_Tree_Ch42.png","C:\Users\dstor\lse-repo\.build\html_backup\assets\lse_figures\LSE_D01_Wilt_Triage_Decision_Tree_Ch42.png","broken-found-elsewhere","1","repo","C:\Users\dstor\lse-repo\assets\lse_figures\LSE_D01_Wilt_Triage_Decision_Tree_Ch42.png"
"C:\Users\dstor\lse-repo\.build\html_backup\LSE_VOLUME_3_CROPS_IPM_DIAGNOSTICS_SOURCE_20260919_162242.html","repo","LSE_VOLUME_3_CROPS_IPM_DIAGNOSTICS_SOURCE_20260919_162242.html","401","assets/lse_figures/LSE_D02_Southern_Blight_vs_White_Mold_Ch42.png","C:\Users\dstor\lse-repo\.build\html_backup\assets\lse_figures\LSE_D02_Southern_Blight_vs_White_Mold_Ch42.png","broken-nomatch","0","",""
"C:\Users\dstor\lse-repo\.build\html_backup\LSE_VOLUME_3_CROPS_IPM_DIAGNOSTICS_SOURCE_20260919_162242.html","repo","LSE_VOLUME_3_CROPS_IPM_DIAGNOSTICS_SOURCE_20260919_162242.html","406","assets/lse_figures/LSE_D05_Herbicide_Drift_Growth_Regulator_Lookalike_Plate_Ch42.png","C:\Users\dstor\lse-repo\.build\html_backup\assets\lse_figures\LSE_D05_Herbicide_Drift_Growth_Regulator_Lookalike_Plate_Ch42.png","broken-nomatch","0","",""
"C:\Users\dstor\lse-repo\.build\html_backup\LSE_VOLUME_3_CROPS_IPM_DIAGNOSTICS_SOURCE_20260919_162242.html","repo","LSE_VOLUME_3_CROPS_IPM_DIAGNOSTICS_SOURCE_20260919_162242.html","406","assets/user_created_web/UCI_029_Troubleshooting_Decision_Tree_Yellowing_Leaves.png","C:\Users\dstor\lse-repo\.build\html_backup\assets\user_created_web\UCI_029_Troubleshooting_Decision_Tree_Yellowing_Leaves.png","broken-found-elsewhere","1","repo","C:\Users\dstor\lse-repo\assets\user_created_web\UCI_029_Troubleshooting_Decision_Tree_Yellowing_Leaves.png"
"C:\Users\dstor\lse-repo\.build\html_backup\LSE_VOLUME_3_CROPS_IPM_DIAGNOSTICS_SOURCE_20260919_162242.html","repo","LSE_VOLUME_3_CROPS_IPM_DIAGNOSTICS_SOURCE_20260919_162242.html","410","assets/lse_figures/LSE_D16_Pepper_Abiotic_Disorders_Herbicide_Lookalikes_Ch42.png","C:\Users\dstor\lse-repo\.build\html_backup\assets\lse_figures\LSE_D16_Pepper_Abiotic_Disorders_Herbicide_Lookalikes_Ch42.png","broken-nomatch","0","",""
"C:\Users\dstor\lse-repo\.build\html_backup\LSE_VOLUME_3_CROPS_IPM_DIAGNOSTICS_SOURCE_20260919_162242.html","repo","LSE_VOLUME_3_CROPS_IPM_DIAGNOSTICS_SOURCE_20260919_162242.html","426","assets/user_created_web/UCI_025_Brix_Monitoring_Chart.png","C:\Users\dstor\lse-repo\.build\html_backup\assets\user_created_web\UCI_025_Brix_Monitoring_Chart.png","broken-found-elsewhere","1","repo","C:\Users\dstor\lse-repo\assets\user_created_web\UCI_025_Brix_Monitoring_Chart.png"
"C:\Users\dstor\lse-repo\.build\html_backup\LSE_VOLUME_3_CROPS_IPM_DIAGNOSTICS_SOURCE_20260919_162242.html","repo","LSE_VOLUME_3_CROPS_IPM_DIAGNOSTICS_SOURCE_20260919_162242.html","506","assets/lse_figures/LSE_A20_Soil_Microscopy_Workflow_Ch44.png","C:\Users\dstor\lse-repo\.build\html_backup\assets\lse_figures\LSE_A20_Soil_Microscopy_Workflow_Ch44.png","broken-found-elsewhere","1","repo","C:\Users\dstor\lse-repo\assets\lse_figures\LSE_A20_Soil_Microscopy_Workflow_Ch44.png"
"C:\Users\dstor\lse-repo\.build\html_backup\LSE_VOLUME_3_CROPS_IPM_DIAGNOSTICS_SOURCE_20260919_162242.html","repo","LSE_VOLUME_3_CROPS_IPM_DIAGNOSTICS_SOURCE_20260919_162242.html","551","assets/user_created_web/UCI_023_Soil_Test_Results_How_to_Read_Them.png","C:\Users\dstor\lse-repo\.build\html_backup\assets\user_created_web\UCI_023_Soil_Test_Results_How_to_Read_Them.png","broken-nomatch","0","",""
"C:\Users\dstor\lse-repo\.build\html_backup\LSE_VOLUME_3_CROPS_IPM_DIAGNOSTICS_SOURCE_20260919_162242.html","repo","LSE_VOLUME_3_CROPS_IPM_DIAGNOSTICS_SOURCE_20260919_162242.html","574","assets/lse_figures/LSE_C12_Soil_Test_Report_Decoder_Ch45.png","C:\Users\dstor\lse-repo\.build\html_backup\assets\lse_figures\LSE_C12_Soil_Test_Report_Decoder_Ch45.png","broken-found-elsewhere","1","repo","C:\Users\dstor\lse-repo\assets\lse_figures\LSE_C12_Soil_Test_Report_Decoder_Ch45.png"
"C:\Users\dstor\lse-repo\.build\html_backup\LSE_VOLUME_3_CROPS_IPM_DIAGNOSTICS_SOURCE_20260919_162242.html","repo","LSE_VOLUME_3_CROPS_IPM_DIAGNOSTICS_SOURCE_20260919_162242.html","598","assets/lse_figures/LSE_C13_Mobile_vs_Immobile_Nutrient_Symptom_Map_Ch46.png","C:\Users\dstor\lse-repo\.build\html_backup\assets\lse_figures\LSE_C13_Mobile_vs_Immobile_Nutrient_Symptom_Map_Ch46.png","broken-found-elsewhere","1","repo","C:\Users\dstor\lse-repo\assets\lse_figures\LSE_C13_Mobile_vs_Immobile_Nutrient_Symptom_Map_Ch46.png"
"C:\Users\dstor\lse-repo\.build\html_backup\LSE_VOLUME_3_CROPS_IPM_DIAGNOSTICS_SOURCE_20260919_162242.html","repo","LSE_VOLUME_3_CROPS_IPM_DIAGNOSTICS_SOURCE_20260919_162242.html","649","assets/lse_figures/LSE_C10_Refractometer_Protocol_Card_Ch47.png","C:\Users\dstor\lse-repo\.build\html_backup\assets\lse_figures\LSE_C10_Refractometer_Protocol_Card_Ch47.png","broken-found-elsewhere","1","repo","C:\Users\dstor\lse-repo\assets\lse_figures\LSE_C10_Refractometer_Protocol_Card_Ch47.png"
"C:\Users\dstor\lse-repo\.build\html_backup\LSE_VOLUME_3_CROPS_IPM_DIAGNOSTICS_SOURCE_20260919_162242.html","repo","LSE_VOLUME_3_CROPS_IPM_DIAGNOSTICS_SOURCE_20260919_162242.html","905","assets/lse_figures/LSE_C14_Electroculture_Self_Experiment_Layout_Ch48.png","C:\Users\dstor\lse-repo\.build\html_backup\assets\lse_figures\LSE_C14_Electroculture_Self_Experiment_Layout_Ch48.png","broken-nomatch","0","",""
"C:\Users\dstor\lse-repo\.build\html_backup\LSE_VOLUME_3_CROPS_IPM_DIAGNOSTICS_SOURCE_20260919_162242.html","repo","LSE_VOLUME_3_CROPS_IPM_DIAGNOSTICS_SOURCE_20260919_162242.html","1236","assets/B30_070__LSE_FOUND_B29_ABIOTIC_Tomato_HerbicideResidue_CuppedNewGrowth_VCE_PublicUse.jpg","C:\Users\dstor\lse-repo\.build\html_backup\assets\B30_070__LSE_FOUND_B29_ABIOTIC_Tomato_HerbicideResidue_CuppedNewGrowth_VCE_PublicUse.jpg","broken-found-elsewhere","1","repo","C:\Users\dstor\lse-repo\assets\B30_070__LSE_FOUND_B29_ABIOTIC_Tomato_HerbicideResidue_CuppedNewGrowth_VCE_PublicUse.jpg"
"C:\Users\dstor\lse-repo\.build\html_backup\LSE_VOLUME_3_CROPS_IPM_DIAGNOSTICS_SOURCE_20260919_162242.html","repo","LSE_VOLUME_3_CROPS_IPM_DIAGNOSTICS_SOURCE_20260919_162242.html","1236","assets/B30_022__LSE_FOUND_B27_ABIOTIC_Tomato_2-4DDrift_CuppedNewGrowth_MaryAnnHansen-Bugwood_CONDITIONAL.jpg","C:\Users\dstor\lse-repo\.build\html_backup\assets\B30_022__LSE_FOUND_B27_ABIOTIC_Tomato_2-4DDrift_CuppedNewGrowth_MaryAnnHansen-Bugwood_CONDITIONAL.jpg","broken-found-elsewhere","1","repo","C:\Users\dstor\lse-repo\assets\B30_022__LSE_FOUND_B27_ABIOTIC_Tomato_2-4DDrift_CuppedNewGrowth_MaryAnnHansen-Bugwood_CONDITIONAL.jpg"
"C:\Users\dstor\lse-repo\.build\html_backup\LSE_VOLUME_3_CROPS_IPM_DIAGNOSTICS_SOURCE_20260919_162242.html","repo","LSE_VOLUME_3_CROPS_IPM_DIAGNOSTICS_SOURCE_20260919_162242.html","1236","assets/B30_023__LSE_FOUND_B27_ABIOTIC_Tomato_GlyphosateInjury_YellowDistortedNewGrowth_NathanHoward-Bugwood_VERIFY.jpg","C:\Users\dstor\lse-repo\.build\html_backup\assets\B30_023__LSE_FOUND_B27_ABIOTIC_Tomato_GlyphosateInjury_YellowDistortedNewGrowth_NathanHoward-Bugwood_VERIFY.jpg","broken-found-elsewhere","1","repo","C:\Users\dstor\lse-repo\assets\B30_023__LSE_FOUND_B27_ABIOTIC_Tomato_GlyphosateInjury_YellowDistortedNewGrowth_NathanHoward-Bugwood_VERIFY.jpg"
"C:\Users\dstor\lse-repo\.build\html_backup\LSE_VOLUME_3_CROPS_IPM_DIAGNOSTICS_SOURCE_20260919_162242.html","repo","LSE_VOLUME_3_CROPS_IPM_DIAGNOSTICS_SOURCE_20260919_162242.html","1236","assets/B30_024__LSE_FOUND_B27_ABIOTIC_Tomato_2-4DInjury_TwistedCurlingShoot_PBacchi-Bugwood_VERIFY.png","C:\Users\dstor\lse-repo\.build\html_backup\assets\B30_024__LSE_FOUND_B27_ABIOTIC_Tomato_2-4DInjury_TwistedCurlingShoot_PBacchi-Bugwood_VERIFY.png","broken-nomatch","0","",""
"C:\Users\dstor\lse-repo\.build\html_backup\LSE_VOLUME_3_CROPS_IPM_DIAGNOSTICS_SOURCE_20260919_162242.html","repo","LSE_VOLUME_3_CROPS_IPM_DIAGNOSTICS_SOURCE_20260919_162242.html","1236","assets/B30_039__LSE_FOUND_B27_ABIOTIC_Tomato_FlumioxazinDrift_FruitNecrosis_NCSU-CC-BY-NC-SA_REJECT.png","C:\Users\dstor\lse-repo\.build\html_backup\assets\B30_039__LSE_FOUND_B27_ABIOTIC_Tomato_FlumioxazinDrift_FruitNecrosis_NCSU-CC-BY-NC-SA_REJECT.png","broken-nomatch","0","",""
"C:\Users\dstor\lse-repo\.build\html_backup\LSE_VOLUME_3_CROPS_IPM_DIAGNOSTICS_SOURCE_20260919_162242.html","repo","LSE_VOLUME_3_CROPS_IPM_DIAGNOSTICS_SOURCE_20260919_162242.html","1236","assets/B30_040__LSE_FOUND_B27_ABIOTIC_Tomato_FlumioxazinDrift_FoliageStemNecrosis_NCSU-CC-BY-NC-SA_REJECT.png","C:\Users\dstor\lse-repo\.build\html_backup\assets\B30_040__LSE_FOUND_B27_ABIOTIC_Tomato_FlumioxazinDrift_FoliageStemNecrosis_NCSU-CC-BY-NC-SA_REJECT.png","broken-nomatch","0","",""
"C:\Users\dstor\lse-repo\.build\html_backup\LSE_VOLUME_3_CROPS_IPM_DIAGNOSTICS_SOURCE_20260919_162242.html","repo","LSE_VOLUME_3_CROPS_IPM_DIAGNOSTICS_SOURCE_20260919_162242.html","1750","assets/user_created_web/UCI_026_Electroculture_Experimental_Protocol_Layout.png","C:\Users\dstor\lse-repo\.build\html_backup\assets\user_created_web\UCI_026_Electroculture_Experimental_Protocol_Layout.png","broken-found-elsewhere","1","repo","C:\Users\dstor\lse-repo\assets\user_created_web\UCI_026_Electroculture_Experimental_Protocol_Layout.png"
"C:\Users\dstor\lse-repo\.build\html_backup\LSE_VOLUME_3_CROPS_IPM_DIAGNOSTICS_SOURCE_20260919_162242.html","repo","LSE_VOLUME_3_CROPS_IPM_DIAGNOSTICS_SOURCE_20260919_162242.html","1800","assets/user_created_web/UCI_027_Plant_Electrophysiology_Electrical_Signaling_Pathways.png","C:\Users\dstor\lse-repo\.build\html_backup\assets\user_created_web\UCI_027_Plant_Electrophysiology_Electrical_Signaling_Pathways.png","broken-nomatch","0","",""
"C:\Users\dstor\lse-repo\.build\html_backup\LSE_VOLUME_3_CROPS_IPM_DIAGNOSTICS_SOURCE_20260919_162242.html","repo","LSE_VOLUME_3_CROPS_IPM_DIAGNOSTICS_SOURCE_20260919_162242.html","2449","assets/B30_012__LSE_FOUND_B26_PEST_SquashBug_Nymphs_OnSummerSquash_Pollinator_CC-BY-2-5.jpg","C:\Users\dstor\lse-repo\.build\html_backup\assets\B30_012__LSE_FOUND_B26_PEST_SquashBug_Nymphs_OnSummerSquash_Pollinator_CC-BY-2-5.jpg","broken-found-elsewhere","1","repo","C:\Users\dstor\lse-repo\assets\B30_012__LSE_FOUND_B26_PEST_SquashBug_Nymphs_OnSummerSquash_Pollinator_CC-BY-2-5.jpg"
"C:\Users\dstor\lse-repo\.build\html_backup\LSE_VOLUME_3_CROPS_IPM_DIAGNOSTICS_SOURCE_20260919_162242.html","repo","LSE_VOLUME_3_CROPS_IPM_DIAGNOSTICS_SOURCE_20260919_162242.html","2449","assets/B30_010__LSE_FOUND_B26_PEST_SquashBug_EggCluster_UndersidePumpkinLeaf_Bdm25_CC-BY-SA-4.jpg","C:\Users\dstor\lse-repo\.build\html_backup\assets\B30_010__LSE_FOUND_B26_PEST_SquashBug_EggCluster_UndersidePumpkinLeaf_Bdm25_CC-BY-SA-4.jpg","broken-found-elsewhere","1","repo","C:\Users\dstor\lse-repo\assets\B30_010__LSE_FOUND_B26_PEST_SquashBug_EggCluster_UndersidePumpkinLeaf_Bdm25_CC-BY-SA-4.jpg"
"C:\Users\dstor\lse-repo\.build\html_backup\LSE_VOLUME_3_CROPS_IPM_DIAGNOSTICS_SOURCE_20260919_162242.html","repo","LSE_VOLUME_3_CROPS_IPM_DIAGNOSTICS_SOURCE_20260919_162242.html","2449","assets/B30_011__LSE_FOUND_B26_PEST_SquashBug_EggCluster_AnasaTristis_BeatrizMoisset_CC-BY-SA-4.jpg","C:\Users\dstor\lse-repo\.build\html_backup\assets\B30_011__LSE_FOUND_B26_PEST_SquashBug_EggCluster_AnasaTristis_BeatrizMoisset_CC-BY-SA-4.jpg","broken-found-elsewhere","1","repo","C:\Users\dstor\lse-repo\assets\B30_011__LSE_FOUND_B26_PEST_SquashBug_EggCluster_AnasaTristis_BeatrizMoisset_CC-BY-SA-4.jpg"
"C:\Users\dstor\lse-repo\.build\html_backup\LSE_VOLUME_3_CROPS_IPM_DIAGNOSTICS_SOURCE_20260919_162242.html","repo","LSE_VOLUME_3_CROPS_IPM_DIAGNOSTICS_SOURCE_20260919_162242.html","2449","assets/B30_054__LSE_FOUND_B28_PEST_SquashVineBorer_FrassAtStem_Pollinator_CC-BY-2.5_CONDITIONAL.jpg","C:\Users\dstor\lse-repo\.build\html_backup\assets\B30_054__LSE_FOUND_B28_PEST_SquashVineBorer_FrassAtStem_Pollinator_CC-BY-2.5_CONDITIONAL.jpg","broken-found-elsewhere","1","repo","C:\Users\dstor\lse-repo\assets\B30_054__LSE_FOUND_B28_PEST_SquashVineBorer_FrassAtStem_Pollinator_CC-BY-2.5_CONDITIONAL.jpg"
"C:\Users\dstor\lse-repo\.build\html_backup\LSE_VOLUME_3_CROPS_IPM_DIAGNOSTICS_SOURCE_20260919_162242.html","repo","LSE_VOLUME_3_CROPS_IPM_DIAGNOSTICS_SOURCE_20260919_162242.html","2449","assets/B30_055__LSE_FOUND_B28_PEST_SquashVineBorer_LarvaeSplitStemFrass_Pollinator_CC-BY-2.5_CONDITIONAL.jpg","C:\Users\dstor\lse-repo\.build\html_backup\assets\B30_055__LSE_FOUND_B28_PEST_SquashVineBorer_LarvaeSplitStemFrass_Pollinator_CC-BY-2.5_CONDITIONAL.jpg","broken-found-elsewhere","1","repo","C:\Users\dstor\lse-repo\assets\B30_055__LSE_FOUND_B28_PEST_SquashVineBorer_LarvaeSplitStemFrass_Pollinator_CC-BY-2.5_CONDITIONAL.jpg"
"C:\Users\dstor\lse-repo\.build\html_backup\LSE_VOLUME_3_CROPS_IPM_DIAGNOSTICS_SOURCE_20260919_162242.html","repo","LSE_VOLUME_3_CROPS_IPM_DIAGNOSTICS_SOURCE_20260919_162242.html","2449","assets/B30_013__LSE_FOUND_B26_PEST_SquashBug_Adult_MarginalResolution_Downtowngal_CC0.jpg","C:\Users\dstor\lse-repo\.build\html_backup\assets\B30_013__LSE_FOUND_B26_PEST_SquashBug_Adult_MarginalResolution_Downtowngal_CC0.jpg","broken-found-elsewhere","1","repo","C:\Users\dstor\lse-repo\assets\B30_013__LSE_FOUND_B26_PEST_SquashBug_Adult_MarginalResolution_Downtowngal_CC0.jpg"
"C:\Users\dstor\lse-repo\.build\html_backup\LSE_VOLUME_3_CROPS_IPM_DIAGNOSTICS_SOURCE_20260919_162242.html","repo","LSE_VOLUME_3_CROPS_IPM_DIAGNOSTICS_SOURCE_20260919_162242.html","2461","assets/B30_046__LSE_FOUND_B28_ROOTS_Tomato_BacterialWilt_StemCrossSection_ClemsonUSDA_CC-BY-3.0.jpg","C:\Users\dstor\lse-repo\.build\html_backup\assets\B30_046__LSE_FOUND_B28_ROOTS_Tomato_BacterialWilt_StemCrossSection_ClemsonUSDA_CC-BY-3.0.jpg","broken-found-elsewhere","1","repo","C:\Users\dstor\lse-repo\assets\B30_046__LSE_FOUND_B28_ROOTS_Tomato_BacterialWilt_StemCrossSection_ClemsonUSDA_CC-BY-3.0.jpg"
"C:\Users\dstor\lse-repo\.build\html_backup\LSE_VOLUME_3_CROPS_IPM_DIAGNOSTICS_SOURCE_20260919_162242.html","repo","LSE_VOLUME_3_CROPS_IPM_DIAGNOSTICS_SOURCE_20260919_162242.html","2461","assets/B30_051__LSE_FOUND_B28_DISEASE_Tomato_SouthernBlight_SclerotiaAtCrown_PersleyCooke_CC-BY-SA-3.0_LOWRES.jpg","C:\Users\dstor\lse-repo\.build\html_backup\assets\B30_051__LSE_FOUND_B28_DISEASE_Tomato_SouthernBlight_SclerotiaAtCrown_PersleyCooke_CC-BY-SA-3.0_LOWRES.jpg","broken-found-elsewhere","1","repo","C:\Users\dstor\lse-repo\assets\B30_051__LSE_FOUND_B28_DISEASE_Tomato_SouthernBlight_SclerotiaAtCrown_PersleyCooke_CC-BY-SA-3.0_LOWRES.jpg"
"C:\Users\dstor\lse-repo\.build\html_backup\LSE_VOLUME_3_CROPS_IPM_DIAGNOSTICS_SOURCE_20260919_162242.html","repo","LSE_VOLUME_3_CROPS_IPM_DIAGNOSTICS_SOURCE_20260919_162242.html","2461","assets/B30_025__LSE_FOUND_B27_ROOTS_Tomato_FusariumWilt_VascularBrowningStemSplit_NCSU-IngaMeadows_VERIFY.jpg","C:\Users\dstor\lse-repo\.build\html_backup\assets\B30_025__LSE_FOUND_B27_ROOTS_Tomato_FusariumWilt_VascularBrowningStemSplit_NCSU-IngaMeadows_VERIFY.jpg","broken-found-elsewhere","1","repo","C:\Users\dstor\lse-repo\assets\B30_025__LSE_FOUND_B27_ROOTS_Tomato_FusariumWilt_VascularBrowningStemSplit_NCSU-IngaMeadows_VERIFY.jpg"
"C:\Users\dstor\lse-repo\.build\html_backup\LSE_VOLUME_3_CROPS_IPM_DIAGNOSTICS_SOURCE_20260919_162242.html","repo","LSE_VOLUME_3_CROPS_IPM_DIAGNOSTICS_SOURCE_20260919_162242.html","2461","assets/B30_082__LSE_FOUND_B29_HOLD_DISEASE_Tomato_BacterialWilt_StreamingTest_UAEX_PERMISSION.jpg","C:\Users\dstor\lse-repo\.build\html_backup\assets\B30_082__LSE_FOUND_B29_HOLD_DISEASE_Tomato_BacterialWilt_StreamingTest_UAEX_PERMISSION.jpg","broken-found-elsewhere","1","repo","C:\Users\dstor\lse-repo\assets\B30_082__LSE_FOUND_B29_HOLD_DISEASE_Tomato_BacterialWilt_StreamingTest_UAEX_PERMISSION.jpg"
"C:\Users\dstor\lse-repo\.build\html_backup\LSE_VOLUME_3_CROPS_IPM_DIAGNOSTICS_SOURCE_20260919_162242.html","repo","LSE_VOLUME_3_CROPS_IPM_DIAGNOSTICS_SOURCE_20260919_162242.html","2464","assets/B30_026__LSE_FOUND_B27_ROOTS_Pepper_DampingOff_StemCankerSoilLine_UMass-TSmith_VERIFY.jpg","C:\Users\dstor\lse-repo\.build\html_backup\assets\B30_026__LSE_FOUND_B27_ROOTS_Pepper_DampingOff_StemCankerSoilLine_UMass-TSmith_VERIFY.jpg","broken-found-elsewhere","1","repo","C:\Users\dstor\lse-repo\assets\B30_026__LSE_FOUND_B27_ROOTS_Pepper_DampingOff_StemCankerSoilLine_UMass-TSmith_VERIFY.jpg"
"C:\Users\dstor\lse-repo\.build\html_backup\LSE_VOLUME_3_CROPS_IPM_DIAGNOSTICS_SOURCE_20260919_162242.html","repo","LSE_VOLUME_3_CROPS_IPM_DIAGNOSTICS_SOURCE_20260919_162242.html","2465","assets/B30_047__LSE_FOUND_B28_DISEASE_Tomato_RhizoctoniaSolani_FruitRotBlackLesions_JGK_hn_CC-BY-3.0.jpg","C:\Users\dstor\lse-repo\.build\html_backup\assets\B30_047__LSE_FOUND_B28_DISEASE_Tomato_RhizoctoniaSolani_FruitRotBlackLesions_JGK_hn_CC-BY-3.0.jpg","broken-found-elsewhere","1","repo","C:\Users\dstor\lse-repo\assets\B30_047__LSE_FOUND_B28_DISEASE_Tomato_RhizoctoniaSolani_FruitRotBlackLesions_JGK_hn_CC-BY-3.0.jpg"
"C:\Users\dstor\lse-repo\.build\html_backup\LSE_VOLUME_3_CROPS_IPM_DIAGNOSTICS_SOURCE_20260919_162242.html","repo","LSE_VOLUME_3_CROPS_IPM_DIAGNOSTICS_SOURCE_20260919_162242.html","2465","assets/B30_076__LSE_FOUND_B29_ROOTS_ContainerRootbound_GirdledRoots_BrendanLandis_CC-BY-SA-2.0.jpg","C:\Users\dstor\lse-repo\.build\html_backup\assets\B30_076__LSE_FOUND_B29_ROOTS_ContainerRootbound_GirdledRoots_BrendanLandis_CC-BY-SA-2.0.jpg","broken-found-elsewhere","1","repo","C:\Users\dstor\lse-repo\assets\B30_076__LSE_FOUND_B29_ROOTS_ContainerRootbound_GirdledRoots_BrendanLandis_CC-BY-SA-2.0.jpg"
"C:\Users\dstor\lse-repo\.build\html_backup\LSE_VOLUME_3_CROPS_IPM_DIAGNOSTICS_SOURCE_20260919_162242.html","repo","LSE_VOLUME_3_CROPS_IPM_DIAGNOSTICS_SOURCE_20260919_162242.html","2664","assets/B30_006__LSE_FOUND_B26_ROOTS_Tomato_RootKnotNematode_GalledRoots_PlantPestsDiseases_CC0.jpg","C:\Users\dstor\lse-repo\.build\html_backup\assets\B30_006__LSE_FOUND_B26_ROOTS_Tomato_RootKnotNematode_GalledRoots_PlantPestsDiseases_CC0.jpg","broken-found-elsewhere","1","repo","C:\Users\dstor\lse-repo\assets\B30_006__LSE_FOUND_B26_ROOTS_Tomato_RootKnotNematode_GalledRoots_PlantPestsDiseases_CC0.jpg"
"C:\Users\dstor\Downloads\LSE_CLEAN_SOURCE.html","Downloads","LSE_CLEAN_SOURCE.html","25","assets/user_created_web/UCI_012_Raised_Bed_Cross_Section_Layers_and_Fill_Strategy.jpg","C:\Users\dstor\Downloads\assets\user_created_web\UCI_012_Raised_Bed_Cross_Section_Layers_and_Fill_Strategy.jpg","broken-found-elsewhere","1","repo","C:\Users\dstor\lse-repo\assets\user_created_web\UCI_012_Raised_Bed_Cross_Section_Layers_and_Fill_Strategy.jpg"
"C:\Users\dstor\Downloads\LSE_CLEAN_SOURCE.html","Downloads","LSE_CLEAN_SOURCE.html","26","assets/user_created_web/UCI_014_No_Till_Top_Dressing_Cycle.jpg","C:\Users\dstor\Downloads\assets\user_created_web\UCI_014_No_Till_Top_Dressing_Cycle.jpg","broken-found-elsewhere","1","repo","C:\Users\dstor\lse-repo\assets\user_created_web\UCI_014_No_Till_Top_Dressing_Cycle.jpg"
"C:\Users\dstor\Downloads\LSE_CLEAN_SOURCE.html","Downloads","LSE_CLEAN_SOURCE.html","27","assets/user_created_web/UCI_023_Soil_Test_Results_How_to_Read_Them.jpg","C:\Users\dstor\Downloads\assets\user_created_web\UCI_023_Soil_Test_Results_How_to_Read_Them.jpg","broken-found-elsewhere","1","repo","C:\Users\dstor\lse-repo\assets\user_created_web\UCI_023_Soil_Test_Results_How_to_Read_Them.jpg"
"C:\Users\dstor\Downloads\LSE_CLEAN_SOURCE.html","Downloads","LSE_CLEAN_SOURCE.html","28","assets/user_created_web/UCI_029_Troubleshooting_Decision_Tree_Yellowing_Leaves.jpg","C:\Users\dstor\Downloads\assets\user_created_web\UCI_029_Troubleshooting_Decision_Tree_Yellowing_Leaves.jpg","broken-nomatch","0","",""
"C:\Users\dstor\Downloads\LSE_CLEAN_SOURCE.html","Downloads","LSE_CLEAN_SOURCE.html","29","assets/user_created_web/UCI_031_Home_Brew_Feed_Quick_Reference_Card.jpg","C:\Users\dstor\Downloads\assets\user_created_web\UCI_031_Home_Brew_Feed_Quick_Reference_Card.jpg","broken-nomatch","0","",""
"C:\Users\dstor\Downloads\LSE_CLEAN_SOURCE.html","Downloads","LSE_CLEAN_SOURCE.html","506","assets/user_created_web/UCI_001_Soil_Food_Web_Complete_Trophic_Map.jpg","C:\Users\dstor\Downloads\assets\user_created_web\UCI_001_Soil_Food_Web_Complete_Trophic_Map.jpg","broken-nomatch","0","",""
"C:\Users\dstor\Downloads\LSE_CLEAN_SOURCE.html","Downloads","LSE_CLEAN_SOURCE.html","598","assets/user_created_web/UCI_003_The_Nutrient_Mineralization_Loop.jpg","C:\Users\dstor\Downloads\assets\user_created_web\UCI_003_The_Nutrient_Mineralization_Loop.jpg","broken-found-elsewhere","1","repo","C:\Users\dstor\lse-repo\assets\user_created_web\UCI_003_The_Nutrient_Mineralization_Loop.jpg"
"C:\Users\dstor\Downloads\LSE_CLEAN_SOURCE.html","Downloads","LSE_CLEAN_SOURCE.html","642","assets/user_created_web/UCI_005_ISR_and_SAR_The_Plant_Immune_System.jpg","C:\Users\dstor\Downloads\assets\user_created_web\UCI_005_ISR_and_SAR_The_Plant_Immune_System.jpg","broken-found-elsewhere","1","repo","C:\Users\dstor\lse-repo\assets\user_created_web\UCI_005_ISR_and_SAR_The_Plant_Immune_System.jpg"
"C:\Users\dstor\Downloads\LSE_CLEAN_SOURCE.html","Downloads","LSE_CLEAN_SOURCE.html","681","assets/user_created_web/UCI_002_Bacterial_vs_Fungal_Soil_Dominance.jpg","C:\Users\dstor\Downloads\assets\user_created_web\UCI_002_Bacterial_vs_Fungal_Soil_Dominance.jpg","broken-found-elsewhere","1","repo","C:\Users\dstor\lse-repo\assets\user_created_web\UCI_002_Bacterial_vs_Fungal_Soil_Dominance.jpg"
"C:\Users\dstor\Downloads\LSE_CLEAN_SOURCE.html","Downloads","LSE_CLEAN_SOURCE.html","706","assets/user_created_web/UCI_009_Fungal_Bacterial_Input_Guide.jpg","C:\Users\dstor\Downloads\assets\user_created_web\UCI_009_Fungal_Bacterial_Input_Guide.jpg","broken-nomatch","0","",""
"C:\Users\dstor\Downloads\LSE_CLEAN_SOURCE.html","Downloads","LSE_CLEAN_SOURCE.html","721","assets/user_created_web/UCI_007_Composite_Method_Reference.jpg","C:\Users\dstor\Downloads\assets\user_created_web\UCI_007_Composite_Method_Reference.jpg","broken-nomatch","0","",""
"C:\Users\dstor\Downloads\LSE_CLEAN_SOURCE.html","Downloads","LSE_CLEAN_SOURCE.html","733","assets/user_created_web/UCI_006_Permaculture_Zone_Map.jpg","C:\Users\dstor\Downloads\assets\user_created_web\UCI_006_Permaculture_Zone_Map.jpg","broken-nomatch","0","",""
"C:\Users\dstor\Downloads\LSE_CLEAN_SOURCE.html","Downloads","LSE_CLEAN_SOURCE.html","975","assets/user_created_web/UCI_008_Soil_Input_Categories_Overview.jpg","C:\Users\dstor\Downloads\assets\user_created_web\UCI_008_Soil_Input_Categories_Overview.jpg","broken-found-elsewhere","1","repo","C:\Users\dstor\lse-repo\assets\user_created_web\UCI_008_Soil_Input_Categories_Overview.jpg"
"C:\Users\dstor\Downloads\LSE_CLEAN_SOURCE.html","Downloads","LSE_CLEAN_SOURCE.html","980","assets/B30_007__LSE_FOUND_B26_COMPOST_Compost_MaturityContamination_TemperatureInspection_StephenAusmus_USDA-PD.jpg","C:\Users\dstor\Downloads\assets\B30_007__LSE_FOUND_B26_COMPOST_Compost_MaturityContamination_TemperatureInspection_StephenAusmus_USDA-PD.jpg","broken-found-elsewhere","1","repo","C:\Users\dstor\lse-repo\assets\B30_007__LSE_FOUND_B26_COMPOST_Compost_MaturityContamination_TemperatureInspection_StephenAusmus_USDA-PD.jpg"
"C:\Users\dstor\Downloads\LSE_CLEAN_SOURCE.html","Downloads","LSE_CLEAN_SOURCE.html","1126","assets/user_created_web/UCI_004_Soil_Nutrient_Availability.jpg","C:\Users\dstor\Downloads\assets\user_created_web\UCI_004_Soil_Nutrient_Availability.jpg","broken-found-elsewhere","1","repo","C:\Users\dstor\lse-repo\assets\user_created_web\UCI_004_Soil_Nutrient_Availability.jpg"
"C:\Users\dstor\Downloads\LSE_CLEAN_SOURCE.html","Downloads","LSE_CLEAN_SOURCE.html","2941","assets/B30_068__LSE_FOUND_B29_PRACTICAL_ContainerVegetables_ReservoirSpace_WateringDepth_KathleenMoore_CC-BY-2.0.jpg","C:\Users\dstor\Downloads\assets\B30_068__LSE_FOUND_B29_PRACTICAL_ContainerVegetables_ReservoirSpace_WateringDepth_KathleenMoore_CC-BY-2.0.jpg","broken-found-elsewhere","1","repo","C:\Users\dstor\lse-repo\assets\B30_068__LSE_FOUND_B29_PRACTICAL_ContainerVegetables_ReservoirSpace_WateringDepth_KathleenMoore_CC-BY-2.0.jpg"
"C:\Users\dstor\Downloads\LSE_CLEAN_SOURCE.html","Downloads","LSE_CLEAN_SOURCE.html","2942","assets/B30_067__LSE_FOUND_B29_ABIOTIC_ContainerHerbs_SaltBuildup_WhiteSaltCrust_DianeMays_CC-BY-2.0.jpg","C:\Users\dstor\Downloads\assets\B30_067__LSE_FOUND_B29_ABIOTIC_ContainerHerbs_SaltBuildup_WhiteSaltCrust_DianeMays_CC-BY-2.0.jpg","broken-found-elsewhere","1","repo","C:\Users\dstor\lse-repo\assets\B30_067__LSE_FOUND_B29_ABIOTIC_ContainerHerbs_SaltBuildup_WhiteSaltCrust_DianeMays_CC-BY-2.0.jpg"
"C:\Users\dstor\Downloads\LSE_CLEAN_SOURCE.html","Downloads","LSE_CLEAN_SOURCE.html","2943","assets/B30_069__LSE_FOUND_B29_PRACTICAL_SmallSpaceVegetables_OutdoorRailingContainers_LucyBradley_CC-BY-2.0.jpg","C:\Users\dstor\Downloads\assets\B30_069__LSE_FOUND_B29_PRACTICAL_SmallSpaceVegetables_OutdoorRailingContainers_LucyBradley_CC-BY-2.0.jpg","broken-found-elsewhere","1","repo","C:\Users\dstor\lse-repo\assets\B30_069__LSE_FOUND_B29_PRACTICAL_SmallSpaceVegetables_OutdoorRailingContainers_LucyBradley_CC-BY-2.0.jpg"
"C:\Users\dstor\Downloads\LSE_CLEAN_SOURCE.html","Downloads","LSE_CLEAN_SOURCE.html","2944","assets/B30_005__LSE_FOUND_B26_ROOTS_Container_Rootbound_CirclingRoots_B137_CC0.jpg","C:\Users\dstor\Downloads\assets\B30_005__LSE_FOUND_B26_ROOTS_Container_Rootbound_CirclingRoots_B137_CC0.jpg","broken-found-elsewhere","1","repo","C:\Users\dstor\lse-repo\assets\B30_005__LSE_FOUND_B26_ROOTS_Container_Rootbound_CirclingRoots_B137_CC0.jpg"
"C:\Users\dstor\Downloads\LSE_CLEAN_SOURCE.html","Downloads","LSE_CLEAN_SOURCE.html","3110","assets/user_created_web/UCI_015_Three_Sisters_Guild.jpg","C:\Users\dstor\Downloads\assets\user_created_web\UCI_015_Three_Sisters_Guild.jpg","broken-found-elsewhere","1","repo","C:\Users\dstor\lse-repo\assets\user_created_web\UCI_015_Three_Sisters_Guild.jpg"
"C:\Users\dstor\Downloads\LSE_CLEAN_SOURCE.html","Downloads","LSE_CLEAN_SOURCE.html","3111","assets/user_created_web/UCI_016_Polyculture_Guild_Design.jpg","C:\Users\dstor\Downloads\assets\user_created_web\UCI_016_Polyculture_Guild_Design.jpg","broken-found-elsewhere","1","repo","C:\Users\dstor\lse-repo\assets\user_created_web\UCI_016_Polyculture_Guild_Design.jpg"
"C:\Users\dstor\Downloads\LSE_CLEAN_SOURCE.html","Downloads","LSE_CLEAN_SOURCE.html","3291","assets/B30_009__LSE_FOUND_B26_WATER_DripIrrigation_WettingPattern_PeggyGreb_USDA-PD.jpg","C:\Users\dstor\Downloads\assets\B30_009__LSE_FOUND_B26_WATER_DripIrrigation_WettingPattern_PeggyGreb_USDA-PD.jpg","broken-found-elsewhere","1","repo","C:\Users\dstor\lse-repo\assets\B30_009__LSE_FOUND_B26_WATER_DripIrrigation_WettingPattern_PeggyGreb_USDA-PD.jpg"
"C:\Users\dstor\Downloads\LSE_CLEAN_SOURCE.html","Downloads","LSE_CLEAN_SOURCE.html","3292","assets/B30_080__LSE_FOUND_B29_HOLD_ROOTS_Basil_RhizoctoniaRootRot_DarkRoots_MSU_PERMISSION.jpg","C:\Users\dstor\Downloads\assets\B30_080__LSE_FOUND_B29_HOLD_ROOTS_Basil_RhizoctoniaRootRot_DarkRoots_MSU_PERMISSION.jpg","broken-found-elsewhere","1","repo","C:\Users\dstor\lse-repo\assets\B30_080__LSE_FOUND_B29_HOLD_ROOTS_Basil_RhizoctoniaRootRot_DarkRoots_MSU_PERMISSION.jpg"
"C:\Users\dstor\Downloads\LSE_CLEAN_SOURCE.html","Downloads","LSE_CLEAN_SOURCE.html","3293","assets/B30_081__LSE_FOUND_B29_HOLD_ROOTS_Strawberry_BlackRootRot_HealthyVsDiseased_NCSU_PERMISSION.jpg","C:\Users\dstor\Downloads\assets\B30_081__LSE_FOUND_B29_HOLD_ROOTS_Strawberry_BlackRootRot_HealthyVsDiseased_NCSU_PERMISSION.jpg","broken-found-elsewhere","1","repo","C:\Users\dstor\lse-repo\assets\B30_081__LSE_FOUND_B29_HOLD_ROOTS_Strawberry_BlackRootRot_HealthyVsDiseased_NCSU_PERMISSION.jpg"
"C:\Users\dstor\Downloads\LSE_CLEAN_SOURCE.html","Downloads","LSE_CLEAN_SOURCE.html","3295","assets/user_created_web/UCI_018_Comparing_Irrigation_Systems_for_Home_Gardens.jpg","C:\Users\dstor\Downloads\assets\user_created_web\UCI_018_Comparing_Irrigation_Systems_for_Home_Gardens.jpg","broken-found-elsewhere","1","repo","C:\Users\dstor\lse-repo\assets\user_created_web\UCI_018_Comparing_Irrigation_Systems_for_Home_Gardens.jpg"
"C:\Users\dstor\Downloads\LSE_CLEAN_SOURCE.html","Downloads","LSE_CLEAN_SOURCE.html","3373","assets/B30_074__LSE_FOUND_B29_PRACTICAL_HighTunnel_Vegetables_RollUpVentilation_KathleenMoore_CC-BY-2.0.jpg","C:\Users\dstor\Downloads\assets\B30_074__LSE_FOUND_B29_PRACTICAL_HighTunnel_Vegetables_RollUpVentilation_KathleenMoore_CC-BY-2.0.jpg","broken-found-elsewhere","1","repo","C:\Users\dstor\lse-repo\assets\B30_074__LSE_FOUND_B29_PRACTICAL_HighTunnel_Vegetables_RollUpVentilation_KathleenMoore_CC-BY-2.0.jpg"
"C:\Users\dstor\Downloads\LSE_CLEAN_SOURCE.html","Downloads","LSE_CLEAN_SOURCE.html","3374","assets/B30_075__LSE_FOUND_B29_PRACTICAL_HerbsLettuce_ColdFrame_OpenLid_ChrisAlberti_CC-BY-2.0.jpg","C:\Users\dstor\Downloads\assets\B30_075__LSE_FOUND_B29_PRACTICAL_HerbsLettuce_ColdFrame_OpenLid_ChrisAlberti_CC-BY-2.0.jpg","broken-found-elsewhere","1","repo","C:\Users\dstor\lse-repo\assets\B30_075__LSE_FOUND_B29_PRACTICAL_HerbsLettuce_ColdFrame_OpenLid_ChrisAlberti_CC-BY-2.0.jpg"
"C:\Users\dstor\Downloads\LSE_CLEAN_SOURCE.html","Downloads","LSE_CLEAN_SOURCE.html","3452","assets/user_created_web/UCI_020_Common_Dallas_Pest_Identification_Guide.jpg","C:\Users\dstor\Downloads\assets\user_created_web\UCI_020_Common_Dallas_Pest_Identification_Guide.jpg","broken-nomatch","0","",""
"C:\Users\dstor\Downloads\LSE_CLEAN_SOURCE.html","Downloads","LSE_CLEAN_SOURCE.html","3453","assets/B30_052__LSE_FOUND_B28_PEST_Brassica_CabbageFlyLarva_StalkDamage_PakChoi_SchlagheckenJosef_CC-BY-SA-4.0.jpg","C:\Users\dstor\Downloads\assets\B30_052__LSE_FOUND_B28_PEST_Brassica_CabbageFlyLarva_StalkDamage_PakChoi_SchlagheckenJosef_CC-BY-SA-4.0.jpg","broken-found-elsewhere","1","repo","C:\Users\dstor\lse-repo\assets\B30_052__LSE_FOUND_B28_PEST_Brassica_CabbageFlyLarva_StalkDamage_PakChoi_SchlagheckenJosef_CC-BY-SA-4.0.jpg"
"C:\Users\dstor\Downloads\LSE_CLEAN_SOURCE.html","Downloads","LSE_CLEAN_SOURCE.html","3454","assets/B30_053__LSE_FOUND_B28_PEST_Brassica_DeliaRadicum_MaggotPupaLifeStages_Rasbak_CC-BY-SA-GFDL.jpg","C:\Users\dstor\Downloads\assets\B30_053__LSE_FOUND_B28_PEST_Brassica_DeliaRadicum_MaggotPupaLifeStages_Rasbak_CC-BY-SA-GFDL.jpg","broken-found-elsewhere","1","repo","C:\Users\dstor\lse-repo\assets\B30_053__LSE_FOUND_B28_PEST_Brassica_DeliaRadicum_MaggotPupaLifeStages_Rasbak_CC-BY-SA-GFDL.jpg"
"C:\Users\dstor\Downloads\LSE_CLEAN_SOURCE.html","Downloads","LSE_CLEAN_SOURCE.html","3455","assets/B30_027__LSE_FOUND_B27_PEST_Cowpea_CowpeaCurculio_PodCrossSectionLarvaAdult_UGA_VERIFY.jpg","C:\Users\dstor\Downloads\assets\B30_027__LSE_FOUND_B27_PEST_Cowpea_CowpeaCurculio_PodCrossSectionLarvaAdult_UGA_VERIFY.jpg","broken-found-elsewhere","1","repo","C:\Users\dstor\lse-repo\assets\B30_027__LSE_FOUND_B27_PEST_Cowpea_CowpeaCurculio_PodCrossSectionLarvaAdult_UGA_VERIFY.jpg"
"C:\Users\dstor\Downloads\LSE_CLEAN_SOURCE.html","Downloads","LSE_CLEAN_SOURCE.html","3456","assets/B30_028__LSE_FOUND_B27_PEST_Cowpea_CowpeaCurculio_LarvaInsidePodRisk_UGA_VERIFY.jpg","C:\Users\dstor\Downloads\assets\B30_028__LSE_FOUND_B27_PEST_Cowpea_CowpeaCurculio_LarvaInsidePodRisk_UGA_VERIFY.jpg","broken-found-elsewhere","1","repo","C:\Users\dstor\lse-repo\assets\B30_028__LSE_FOUND_B27_PEST_Cowpea_CowpeaCurculio_LarvaInsidePodRisk_UGA_VERIFY.jpg"
"C:\Users\dstor\Downloads\LSE_CLEAN_SOURCE.html","Downloads","LSE_CLEAN_SOURCE.html","3457","assets/B30_079__LSE_FOUND_B29_HOLD_PEST_Okra_StinkBugDamage_TwistedPods_Clemson_PERMISSION.jpg","C:\Users\dstor\Downloads\assets\B30_079__LSE_FOUND_B29_HOLD_PEST_Okra_StinkBugDamage_TwistedPods_Clemson_PERMISSION.jpg","broken-found-elsewhere","1","repo","C:\Users\dstor\lse-repo\assets\B30_079__LSE_FOUND_B29_HOLD_PEST_Okra_StinkBugDamage_TwistedPods_Clemson_PERMISSION.jpg"
"C:\Users\dstor\Downloads\LSE_CLEAN_SOURCE.html","Downloads","LSE_CLEAN_SOURCE.html","3463","assets/B30_029__LSE_FOUND_B27_PEST_Cowpea_CowpeaCurculio_AdultScouting_UGA_VERIFY.jpg","C:\Users\dstor\Downloads\assets\B30_029__LSE_FOUND_B27_PEST_Cowpea_CowpeaCurculio_AdultScouting_UGA_VERIFY.jpg","broken-found-elsewhere","1","repo","C:\Users\dstor\lse-repo\assets\B30_029__LSE_FOUND_B27_PEST_Cowpea_CowpeaCurculio_AdultScouting_UGA_VERIFY.jpg"
"C:\Users\dstor\Downloads\LSE_CLEAN_SOURCE.html","Downloads","LSE_CLEAN_SOURCE.html","3464","assets/B30_030__LSE_FOUND_B27_PEST_Eggplant_FleaBeetle_ShotHolePittedLeaf_DavidCappaert-Bugwood_VERIFY.jpg","C:\Users\dstor\Downloads\assets\B30_030__LSE_FOUND_B27_PEST_Eggplant_FleaBeetle_ShotHolePittedLeaf_DavidCappaert-Bugwood_VERIFY.jpg","broken-found-elsewhere","1","repo","C:\Users\dstor\lse-repo\assets\B30_030__LSE_FOUND_B27_PEST_Eggplant_FleaBeetle_ShotHolePittedLeaf_DavidCappaert-Bugwood_VERIFY.jpg"
"C:\Users\dstor\Downloads\LSE_CLEAN_SOURCE.html","Downloads","LSE_CLEAN_SOURCE.html","3466","assets/B30_073__LSE_FOUND_B29_PRACTICAL_RowCover_LowTunnel_FabricOverHoops_KathleenMoore_CC-BY-2.0.jpg","C:\Users\dstor\Downloads\assets\B30_073__LSE_FOUND_B29_PRACTICAL_RowCover_LowTunnel_FabricOverHoops_KathleenMoore_CC-BY-2.0.jpg","broken-found-elsewhere","1","repo","C:\Users\dstor\lse-repo\assets\B30_073__LSE_FOUND_B29_PRACTICAL_RowCover_LowTunnel_FabricOverHoops_KathleenMoore_CC-BY-2.0.jpg"
"C:\Users\dstor\Downloads\LSE_CLEAN_SOURCE.html","Downloads","LSE_CLEAN_SOURCE.html","3467","assets/B30_033__LSE_FOUND_B27_EXCLUSION_VegetableBeds_FloatingRowCover_PhysicalBarrier_ScotNelson_CONDITIONAL.jpg","C:\Users\dstor\Downloads\assets\B30_033__LSE_FOUND_B27_EXCLUSION_VegetableBeds_FloatingRowCover_PhysicalBarrier_ScotNelson_CONDITIONAL.jpg","broken-found-elsewhere","1","repo","C:\Users\dstor\lse-repo\assets\B30_033__LSE_FOUND_B27_EXCLUSION_VegetableBeds_FloatingRowCover_PhysicalBarrier_ScotNelson_CONDITIONAL.jpg"
"C:\Users\dstor\Downloads\LSE_CLEAN_SOURCE.html","Downloads","LSE_CLEAN_SOURCE.html","3472","assets/B30_048__LSE_FOUND_B28_PEST_Brassica_CabbageFlyMaggot_RootDamage_Kohlrabi_SchlagheckenJosef_CC-BY-4.0.jpg","C:\Users\dstor\Downloads\assets\B30_048__LSE_FOUND_B28_PEST_Brassica_CabbageFlyMaggot_RootDamage_Kohlrabi_SchlagheckenJosef_CC-BY-4.0.jpg","broken-found-elsewhere","1","repo","C:\Users\dstor\lse-repo\assets\B30_048__LSE_FOUND_B28_PEST_Brassica_CabbageFlyMaggot_RootDamage_Kohlrabi_SchlagheckenJosef_CC-BY-4.0.jpg"
"C:\Users\dstor\Downloads\LSE_CLEAN_SOURCE.html","Downloads","LSE_CLEAN_SOURCE.html","3473","assets/B30_032__LSE_FOUND_B27_EXCLUSION_Seedlings_CutwormCollars_CardboardBarrier_KathleenMoore_CC-BY-2.0.jpg","C:\Users\dstor\Downloads\assets\B30_032__LSE_FOUND_B27_EXCLUSION_Seedlings_CutwormCollars_CardboardBarrier_KathleenMoore_CC-BY-2.0.jpg","broken-found-elsewhere","1","repo","C:\Users\dstor\lse-repo\assets\B30_032__LSE_FOUND_B27_EXCLUSION_Seedlings_CutwormCollars_CardboardBarrier_KathleenMoore_CC-BY-2.0.jpg"
"C:\Users\dstor\Downloads\LSE_CLEAN_SOURCE.html","Downloads","LSE_CLEAN_SOURCE.html","3474","assets/B30_031__LSE_FOUND_B27_PEST_Corn_BlackCutworm_SeveredSeedlingDamage_WM-Hantsbarger_CC-BY-3.0-US.jpg","C:\Users\dstor\Downloads\assets\B30_031__LSE_FOUND_B27_PEST_Corn_BlackCutworm_SeveredSeedlingDamage_WM-Hantsbarger_CC-BY-3.0-US.jpg","broken-found-elsewhere","1","repo","C:\Users\dstor\lse-repo\assets\B30_031__LSE_FOUND_B27_PEST_Corn_BlackCutworm_SeveredSeedlingDamage_WM-Hantsbarger_CC-BY-3.0-US.jpg"
"C:\Users\dstor\Downloads\LSE_CLEAN_SOURCE.html","Downloads","LSE_CLEAN_SOURCE.html","3475","assets/B30_034__LSE_FOUND_B27_EXCLUSION_Containers_SlugBarrier_CopperTape_KathleenMoore_CC-BY-2.0.jpg","C:\Users\dstor\Downloads\assets\B30_034__LSE_FOUND_B27_EXCLUSION_Containers_SlugBarrier_CopperTape_KathleenMoore_CC-BY-2.0.jpg","broken-found-elsewhere","1","repo","C:\Users\dstor\lse-repo\assets\B30_034__LSE_FOUND_B27_EXCLUSION_Containers_SlugBarrier_CopperTape_KathleenMoore_CC-BY-2.0.jpg"
"C:\Users\dstor\Downloads\LSE_CLEAN_SOURCE.html","Downloads","LSE_CLEAN_SOURCE.html","3479","assets/user_created_web/UCI_019_IPM_Decision_Pyramid.jpg","C:\Users\dstor\Downloads\assets\user_created_web\UCI_019_IPM_Decision_Pyramid.jpg","broken-nomatch","0","",""
"C:\Users\dstor\Downloads\LSE_CLEAN_SOURCE.html","Downloads","LSE_CLEAN_SOURCE.html","3570","assets/B30_038__LSE_FOUND_B27_ABIOTIC_Tomato_FertilizerBurn_YoungLeafScorch_UMD_VERIFY.jpg","C:\Users\dstor\Downloads\assets\B30_038__LSE_FOUND_B27_ABIOTIC_Tomato_FertilizerBurn_YoungLeafScorch_UMD_VERIFY.jpg","broken-found-elsewhere","1","repo","C:\Users\dstor\lse-repo\assets\B30_038__LSE_FOUND_B27_ABIOTIC_Tomato_FertilizerBurn_YoungLeafScorch_UMD_VERIFY.jpg"
"C:\Users\dstor\Downloads\LSE_CLEAN_SOURCE.html","Downloads","LSE_CLEAN_SOURCE.html","3571","assets/B30_056__LSE_FOUND_B28_ABIOTIC_FertilizerBurn_LeafScorchPattern_CannabisCropMismatch_Fenrisulfir_CC-BY-SA-GFDL.jpg","C:\Users\dstor\Downloads\assets\B30_056__LSE_FOUND_B28_ABIOTIC_FertilizerBurn_LeafScorchPattern_CannabisCropMismatch_Fenrisulfir_CC-BY-SA-GFDL.jpg","broken-found-elsewhere","1","repo","C:\Users\dstor\lse-repo\assets\B30_056__LSE_FOUND_B28_ABIOTIC_FertilizerBurn_LeafScorchPattern_CannabisCropMismatch_Fenrisulfir_CC-BY-SA-GFDL.jpg"
"C:\Users\dstor\Downloads\LSE_CLEAN_SOURCE.html","Downloads","LSE_CLEAN_SOURCE.html","3573","assets/B30_037__LSE_FOUND_B27_ABIOTIC_VegetableTransplant_ColdFreezeDamage_WhiteLeaves_UMD_VERIFY.jpg","C:\Users\dstor\Downloads\assets\B30_037__LSE_FOUND_B27_ABIOTIC_VegetableTransplant_ColdFreezeDamage_WhiteLeaves_UMD_VERIFY.jpg","broken-found-elsewhere","1","repo","C:\Users\dstor\lse-repo\assets\B30_037__LSE_FOUND_B27_ABIOTIC_VegetableTransplant_ColdFreezeDamage_WhiteLeaves_UMD_VERIFY.jpg"
"C:\Users\dstor\Downloads\LSE_CLEAN_SOURCE.html","Downloads","LSE_CLEAN_SOURCE.html","3574","assets/B30_071__LSE_FOUND_B29_ABIOTIC_Bean_HerbicideInjury_EpinastySwollenStems_VCE_PublicUse.jpg","C:\Users\dstor\Downloads\assets\B30_071__LSE_FOUND_B29_ABIOTIC_Bean_HerbicideInjury_EpinastySwollenStems_VCE_PublicUse.jpg","broken-found-elsewhere","1","repo","C:\Users\dstor\lse-repo\assets\B30_071__LSE_FOUND_B29_ABIOTIC_Bean_HerbicideInjury_EpinastySwollenStems_VCE_PublicUse.jpg"
"C:\Users\dstor\Downloads\LSE_CLEAN_SOURCE.html","Downloads","LSE_CLEAN_SOURCE.html","3575","assets/B30_072__LSE_FOUND_B29_ABIOTIC_Squash_HerbicideResidue_FieldEpinastyTwisting_VCE_PublicUse.jpg","C:\Users\dstor\Downloads\assets\B30_072__LSE_FOUND_B29_ABIOTIC_Squash_HerbicideResidue_FieldEpinastyTwisting_VCE_PublicUse.jpg","broken-found-elsewhere","1","repo","C:\Users\dstor\lse-repo\assets\B30_072__LSE_FOUND_B29_ABIOTIC_Squash_HerbicideResidue_FieldEpinastyTwisting_VCE_PublicUse.jpg"
"C:\Users\dstor\Downloads\LSE_CLEAN_SOURCE.html","Downloads","LSE_CLEAN_SOURCE.html","3576","assets/B30_045__LSE_FOUND_B28_ABIOTIC_Tomato_HailDamage_FruitBruisesHoles_DwightSipler_CC-BY-2.0.jpg","C:\Users\dstor\Downloads\assets\B30_045__LSE_FOUND_B28_ABIOTIC_Tomato_HailDamage_FruitBruisesHoles_DwightSipler_CC-BY-2.0.jpg","broken-found-elsewhere","1","repo","C:\Users\dstor\lse-repo\assets\B30_045__LSE_FOUND_B28_ABIOTIC_Tomato_HailDamage_FruitBruisesHoles_DwightSipler_CC-BY-2.0.jpg"
"C:\Users\dstor\Downloads\LSE_CLEAN_SOURCE.html","Downloads","LSE_CLEAN_SOURCE.html","3577","assets/B30_004__LSE_FOUND_B26_ABIOTIC_Tomato_HailDamage_BruisedBrokenStems_DwightSipler_CC-BY-2.jpg","C:\Users\dstor\Downloads\assets\B30_004__LSE_FOUND_B26_ABIOTIC_Tomato_HailDamage_BruisedBrokenStems_DwightSipler_CC-BY-2.jpg","broken-found-elsewhere","1","repo","C:\Users\dstor\lse-repo\assets\B30_004__LSE_FOUND_B26_ABIOTIC_Tomato_HailDamage_BruisedBrokenStems_DwightSipler_CC-BY-2.jpg"
"C:\Users\dstor\Downloads\LSE_CLEAN_SOURCE.html","Downloads","LSE_CLEAN_SOURCE.html","3578","assets/B30_078__LSE_FOUND_B29_HOLD_ABIOTIC_Bean_PesticideBurn_ScorchedLeaves_UMD_VERIFY.png","C:\Users\dstor\Downloads\assets\B30_078__LSE_FOUND_B29_HOLD_ABIOTIC_Bean_PesticideBurn_ScorchedLeaves_UMD_VERIFY.png","broken-nomatch","0","",""
"C:\Users\dstor\Downloads\LSE_CLEAN_SOURCE.html","Downloads","LSE_CLEAN_SOURCE.html","3580","assets/B30_036__LSE_FOUND_B27_ABIOTIC_Bean_PesticideBurn_LeafScorch_UMD_VERIFY.png","C:\Users\dstor\Downloads\assets\B30_036__LSE_FOUND_B27_ABIOTIC_Bean_PesticideBurn_LeafScorch_UMD_VERIFY.png","broken-nomatch","0","",""
"C:\Users\dstor\Downloads\LSE_CLEAN_SOURCE.html","Downloads","LSE_CLEAN_SOURCE.html","3581","assets/B30_077__LSE_FOUND_B29_HOLD_ABIOTIC_Squash_PesticideBurn_Phytotoxicity_UMD_VERIFY.jpg","C:\Users\dstor\Downloads\assets\B30_077__LSE_FOUND_B29_HOLD_ABIOTIC_Squash_PesticideBurn_Phytotoxicity_UMD_VERIFY.jpg","broken-found-elsewhere","1","repo","C:\Users\dstor\lse-repo\assets\B30_077__LSE_FOUND_B29_HOLD_ABIOTIC_Squash_PesticideBurn_Phytotoxicity_UMD_VERIFY.jpg"
"C:\Users\dstor\Downloads\LSE_CLEAN_SOURCE.html","Downloads","LSE_CLEAN_SOURCE.html","3582","assets/B30_035__LSE_FOUND_B27_ABIOTIC_Squash_PesticideBurn_SoapPyrethrinLeafScorch_UMD_VERIFY.jpg","C:\Users\dstor\Downloads\assets\B30_035__LSE_FOUND_B27_ABIOTIC_Squash_PesticideBurn_SoapPyrethrinLeafScorch_UMD_VERIFY.jpg","broken-found-elsewhere","1","repo","C:\Users\dstor\lse-repo\assets\B30_035__LSE_FOUND_B27_ABIOTIC_Squash_PesticideBurn_SoapPyrethrinLeafScorch_UMD_VERIFY.jpg"
"C:\Users\dstor\Downloads\LSE_CLEAN_SOURCE.html","Downloads","LSE_CLEAN_SOURCE.html","3583","assets/B30_001__LSE_FOUND_B26_ABIOTIC_Pepper_Sunscald_ExposedFruit_DonFerrin_Bugwood_CC-BY-3.jpg","C:\Users\dstor\Downloads\assets\B30_001__LSE_FOUND_B26_ABIOTIC_Pepper_Sunscald_ExposedFruit_DonFerrin_Bugwood_CC-BY-3.jpg","broken-found-elsewhere","1","repo","C:\Users\dstor\lse-repo\assets\B30_001__LSE_FOUND_B26_ABIOTIC_Pepper_Sunscald_ExposedFruit_DonFerrin_Bugwood_CC-BY-3.jpg"
"C:\Users\dstor\Downloads\LSE_CLEAN_SOURCE.html","Downloads","LSE_CLEAN_SOURCE.html","3584","assets/B30_002__LSE_FOUND_B26_ABIOTIC_Tomato_FruitCracking_IrregularIrrigationCue_Fructibus_CC0.jpg","C:\Users\dstor\Downloads\assets\B30_002__LSE_FOUND_B26_ABIOTIC_Tomato_FruitCracking_IrregularIrrigationCue_Fructibus_CC0.jpg","broken-found-elsewhere","1","repo","C:\Users\dstor\lse-repo\assets\B30_002__LSE_FOUND_B26_ABIOTIC_Tomato_FruitCracking_IrregularIrrigationCue_Fructibus_CC0.jpg"
"C:\Users\dstor\Downloads\LSE_CLEAN_SOURCE.html","Downloads","LSE_CLEAN_SOURCE.html","3586","assets/B30_050__LSE_FOUND_B28_ABIOTIC_Tomato_FrostDamage_LeafFruitBurn_AmroBinKulthoum_CC-BY-SA-3.0.jpg","C:\Users\dstor\Downloads\assets\B30_050__LSE_FOUND_B28_ABIOTIC_Tomato_FrostDamage_LeafFruitBurn_AmroBinKulthoum_CC-BY-SA-3.0.jpg","broken-found-elsewhere","1","repo","C:\Users\dstor\lse-repo\assets\B30_050__LSE_FOUND_B28_ABIOTIC_Tomato_FrostDamage_LeafFruitBurn_AmroBinKulthoum_CC-BY-SA-3.0.jpg"
"C:\Users\dstor\Downloads\LSE_CLEAN_SOURCE.html","Downloads","LSE_CLEAN_SOURCE.html","3587","assets/B30_003__LSE_FOUND_B26_ABIOTIC_Tomato_Catfacing_FruitDeformity_ParthasarathySeethapathy_CC-BY-SA-4.jpg","C:\Users\dstor\Downloads\assets\B30_003__LSE_FOUND_B26_ABIOTIC_Tomato_Catfacing_FruitDeformity_ParthasarathySeethapathy_CC-BY-SA-4.jpg","broken-found-elsewhere","1","repo","C:\Users\dstor\lse-repo\assets\B30_003__LSE_FOUND_B26_ABIOTIC_Tomato_Catfacing_FruitDeformity_ParthasarathySeethapathy_CC-BY-SA-4.jpg"
"C:\Users\dstor\Downloads\LSE_CLEAN_SOURCE.html","Downloads","LSE_CLEAN_SOURCE.html","3627","assets/user_created_web/UCI_025_Brix_Monitoring_Chart.jpg","C:\Users\dstor\Downloads\assets\user_created_web\UCI_025_Brix_Monitoring_Chart.jpg","broken-nomatch","0","",""
"C:\Users\dstor\Downloads\LSE_CLEAN_SOURCE.html","Downloads","LSE_CLEAN_SOURCE.html","4629","assets/user_created_web/UCI_028_Seasonal_Planting_Calendar.jpg","C:\Users\dstor\Downloads\assets\user_created_web\UCI_028_Seasonal_Planting_Calendar.jpg","broken-nomatch","0","",""
"C:\Users\dstor\Downloads\LSE_CLEAN_SOURCE.html","Downloads","LSE_CLEAN_SOURCE.html","4932","assets/user_created_web/UCI_010_Biochar_Charging_Process.jpg","C:\Users\dstor\Downloads\assets\user_created_web\UCI_010_Biochar_Charging_Process.jpg","broken-found-elsewhere","1","repo","C:\Users\dstor\lse-repo\assets\user_created_web\UCI_010_Biochar_Charging_Process.jpg"
"C:\Users\dstor\Downloads\LSE_CLEAN_SOURCE.html","Downloads","LSE_CLEAN_SOURCE.html","5096","assets/user_created_web/UCI_017_North_Texas_Crop_Calendar.jpg","C:\Users\dstor\Downloads\assets\user_created_web\UCI_017_North_Texas_Crop_Calendar.jpg","broken-nomatch","0","",""
"C:\Users\dstor\Downloads\LSE_CLEAN_SOURCE.html","Downloads","LSE_CLEAN_SOURCE.html","5406","assets/user_created_web/UCI_030_Conversion_and_Dilution_Reference_Chart.jpg","C:\Users\dstor\Downloads\assets\user_created_web\UCI_030_Conversion_and_Dilution_Reference_Chart.jpg","broken-nomatch","0","",""
"C:\Users\dstor\Downloads\LSE_CLEAN_SOURCE.html","Downloads","LSE_CLEAN_SOURCE.html","6369","assets/B30_070__LSE_FOUND_B29_ABIOTIC_Tomato_HerbicideResidue_CuppedNewGrowth_VCE_PublicUse.jpg","C:\Users\dstor\Downloads\assets\B30_070__LSE_FOUND_B29_ABIOTIC_Tomato_HerbicideResidue_CuppedNewGrowth_VCE_PublicUse.jpg","broken-found-elsewhere","1","repo","C:\Users\dstor\lse-repo\assets\B30_070__LSE_FOUND_B29_ABIOTIC_Tomato_HerbicideResidue_CuppedNewGrowth_VCE_PublicUse.jpg"
"C:\Users\dstor\Downloads\LSE_CLEAN_SOURCE.html","Downloads","LSE_CLEAN_SOURCE.html","6371","assets/B30_022__LSE_FOUND_B27_ABIOTIC_Tomato_2-4DDrift_CuppedNewGrowth_MaryAnnHansen-Bugwood_CONDITIONAL.jpg","C:\Users\dstor\Downloads\assets\B30_022__LSE_FOUND_B27_ABIOTIC_Tomato_2-4DDrift_CuppedNewGrowth_MaryAnnHansen-Bugwood_CONDITIONAL.jpg","broken-found-elsewhere","1","repo","C:\Users\dstor\lse-repo\assets\B30_022__LSE_FOUND_B27_ABIOTIC_Tomato_2-4DDrift_CuppedNewGrowth_MaryAnnHansen-Bugwood_CONDITIONAL.jpg"
"C:\Users\dstor\Downloads\LSE_CLEAN_SOURCE.html","Downloads","LSE_CLEAN_SOURCE.html","6372","assets/B30_023__LSE_FOUND_B27_ABIOTIC_Tomato_GlyphosateInjury_YellowDistortedNewGrowth_NathanHoward-Bugwood_VERIFY.jpg","C:\Users\dstor\Downloads\assets\B30_023__LSE_FOUND_B27_ABIOTIC_Tomato_GlyphosateInjury_YellowDistortedNewGrowth_NathanHoward-Bugwood_VERIFY.jpg","broken-found-elsewhere","1","repo","C:\Users\dstor\lse-repo\assets\B30_023__LSE_FOUND_B27_ABIOTIC_Tomato_GlyphosateInjury_YellowDistortedNewGrowth_NathanHoward-Bugwood_VERIFY.jpg"
"C:\Users\dstor\Downloads\LSE_CLEAN_SOURCE.html","Downloads","LSE_CLEAN_SOURCE.html","6373","assets/B30_024__LSE_FOUND_B27_ABIOTIC_Tomato_2-4DInjury_TwistedCurlingShoot_PBacchi-Bugwood_VERIFY.png","C:\Users\dstor\Downloads\assets\B30_024__LSE_FOUND_B27_ABIOTIC_Tomato_2-4DInjury_TwistedCurlingShoot_PBacchi-Bugwood_VERIFY.png","broken-nomatch","0","",""
"C:\Users\dstor\Downloads\LSE_CLEAN_SOURCE.html","Downloads","LSE_CLEAN_SOURCE.html","6375","assets/B30_039__LSE_FOUND_B27_ABIOTIC_Tomato_FlumioxazinDrift_FruitNecrosis_NCSU-CC-BY-NC-SA_REJECT.png","C:\Users\dstor\Downloads\assets\B30_039__LSE_FOUND_B27_ABIOTIC_Tomato_FlumioxazinDrift_FruitNecrosis_NCSU-CC-BY-NC-SA_REJECT.png","broken-nomatch","0","",""
"C:\Users\dstor\Downloads\LSE_CLEAN_SOURCE.html","Downloads","LSE_CLEAN_SOURCE.html","6376","assets/B30_040__LSE_FOUND_B27_ABIOTIC_Tomato_FlumioxazinDrift_FoliageStemNecrosis_NCSU-CC-BY-NC-SA_REJECT.png","C:\Users\dstor\Downloads\assets\B30_040__LSE_FOUND_B27_ABIOTIC_Tomato_FlumioxazinDrift_FoliageStemNecrosis_NCSU-CC-BY-NC-SA_REJECT.png","broken-nomatch","0","",""
"C:\Users\dstor\Downloads\LSE_CLEAN_SOURCE.html","Downloads","LSE_CLEAN_SOURCE.html","6503","assets/user_created_web/UCI_013_Beneficial_Insectary_Bloom_Calendar.jpg","C:\Users\dstor\Downloads\assets\user_created_web\UCI_013_Beneficial_Insectary_Bloom_Calendar.jpg","broken-nomatch","0","",""
"C:\Users\dstor\Downloads\LSE_CLEAN_SOURCE.html","Downloads","LSE_CLEAN_SOURCE.html","7109","assets/B30_049__LSE_FOUND_B28_SOIL_DroughtDrySoil_CrackingScale_VladislavNekrasov_CC-BY-4.0.jpg","C:\Users\dstor\Downloads\assets\B30_049__LSE_FOUND_B28_SOIL_DroughtDrySoil_CrackingScale_VladislavNekrasov_CC-BY-4.0.jpg","broken-found-elsewhere","1","repo","C:\Users\dstor\lse-repo\assets\B30_049__LSE_FOUND_B28_SOIL_DroughtDrySoil_CrackingScale_VladislavNekrasov_CC-BY-4.0.jpg"
"C:\Users\dstor\Downloads\LSE_CLEAN_SOURCE.html","Downloads","LSE_CLEAN_SOURCE.html","7111","assets/B30_008__LSE_FOUND_B26_SOIL_AggregateStability_SlakeComparison_LanceCheung_USDA-PD.jpg","C:\Users\dstor\Downloads\assets\B30_008__LSE_FOUND_B26_SOIL_AggregateStability_SlakeComparison_LanceCheung_USDA-PD.jpg","broken-found-elsewhere","1","repo","C:\Users\dstor\lse-repo\assets\B30_008__LSE_FOUND_B26_SOIL_AggregateStability_SlakeComparison_LanceCheung_USDA-PD.jpg"
"C:\Users\dstor\Downloads\LSE_CLEAN_SOURCE.html","Downloads","LSE_CLEAN_SOURCE.html","10968","assets/user_created_web/UCI_022_Irrigation_Systems_Comparison.jpg","C:\Users\dstor\Downloads\assets\user_created_web\UCI_022_Irrigation_Systems_Comparison.jpg","broken-nomatch","0","",""
"C:\Users\dstor\Downloads\LSE_CLEAN_SOURCE.html","Downloads","LSE_CLEAN_SOURCE.html","11912","assets/user_created_web/UCI_026_Electroculture_Experimental_Protocol_Layout.jpg","C:\Users\dstor\Downloads\assets\user_created_web\UCI_026_Electroculture_Experimental_Protocol_Layout.jpg","broken-nomatch","0","",""
"C:\Users\dstor\Downloads\LSE_CLEAN_SOURCE.html","Downloads","LSE_CLEAN_SOURCE.html","11962","assets/user_created_web/UCI_027_Plant_Electrophysiology_Electrical_Signaling_Pathways.jpg","C:\Users\dstor\Downloads\assets\user_created_web\UCI_027_Plant_Electrophysiology_Electrical_Signaling_Pathways.jpg","broken-found-elsewhere","1","repo","C:\Users\dstor\lse-repo\assets\user_created_web\UCI_027_Plant_Electrophysiology_Electrical_Signaling_Pathways.jpg"
"C:\Users\dstor\Downloads\LSE_CLEAN_SOURCE.html","Downloads","LSE_CLEAN_SOURCE.html","15583","assets/user_created_web/UCI_011_AACT_Brewing_Setup.jpg","C:\Users\dstor\Downloads\assets\user_created_web\UCI_011_AACT_Brewing_Setup.jpg","broken-found-elsewhere","1","repo","C:\Users\dstor\lse-repo\assets\user_created_web\UCI_011_AACT_Brewing_Setup.jpg"
"C:\Users\dstor\Downloads\LSE_CLEAN_SOURCE.html","Downloads","LSE_CLEAN_SOURCE.html","18669","assets/B30_012__LSE_FOUND_B26_PEST_SquashBug_Nymphs_OnSummerSquash_Pollinator_CC-BY-2-5.jpg","C:\Users\dstor\Downloads\assets\B30_012__LSE_FOUND_B26_PEST_SquashBug_Nymphs_OnSummerSquash_Pollinator_CC-BY-2-5.jpg","broken-found-elsewhere","1","repo","C:\Users\dstor\lse-repo\assets\B30_012__LSE_FOUND_B26_PEST_SquashBug_Nymphs_OnSummerSquash_Pollinator_CC-BY-2-5.jpg"
"C:\Users\dstor\Downloads\LSE_CLEAN_SOURCE.html","Downloads","LSE_CLEAN_SOURCE.html","18670","assets/B30_010__LSE_FOUND_B26_PEST_SquashBug_EggCluster_UndersidePumpkinLeaf_Bdm25_CC-BY-SA-4.jpg","C:\Users\dstor\Downloads\assets\B30_010__LSE_FOUND_B26_PEST_SquashBug_EggCluster_UndersidePumpkinLeaf_Bdm25_CC-BY-SA-4.jpg","broken-found-elsewhere","1","repo","C:\Users\dstor\lse-repo\assets\B30_010__LSE_FOUND_B26_PEST_SquashBug_EggCluster_UndersidePumpkinLeaf_Bdm25_CC-BY-SA-4.jpg"
"C:\Users\dstor\Downloads\LSE_CLEAN_SOURCE.html","Downloads","LSE_CLEAN_SOURCE.html","18671","assets/B30_011__LSE_FOUND_B26_PEST_SquashBug_EggCluster_AnasaTristis_BeatrizMoisset_CC-BY-SA-4.jpg","C:\Users\dstor\Downloads\assets\B30_011__LSE_FOUND_B26_PEST_SquashBug_EggCluster_AnasaTristis_BeatrizMoisset_CC-BY-SA-4.jpg","broken-found-elsewhere","1","repo","C:\Users\dstor\lse-repo\assets\B30_011__LSE_FOUND_B26_PEST_SquashBug_EggCluster_AnasaTristis_BeatrizMoisset_CC-BY-SA-4.jpg"
"C:\Users\dstor\Downloads\LSE_CLEAN_SOURCE.html","Downloads","LSE_CLEAN_SOURCE.html","18672","assets/B30_054__LSE_FOUND_B28_PEST_SquashVineBorer_FrassAtStem_Pollinator_CC-BY-2.5_CONDITIONAL.jpg","C:\Users\dstor\Downloads\assets\B30_054__LSE_FOUND_B28_PEST_SquashVineBorer_FrassAtStem_Pollinator_CC-BY-2.5_CONDITIONAL.jpg","broken-found-elsewhere","1","repo","C:\Users\dstor\lse-repo\assets\B30_054__LSE_FOUND_B28_PEST_SquashVineBorer_FrassAtStem_Pollinator_CC-BY-2.5_CONDITIONAL.jpg"
"C:\Users\dstor\Downloads\LSE_CLEAN_SOURCE.html","Downloads","LSE_CLEAN_SOURCE.html","18673","assets/B30_055__LSE_FOUND_B28_PEST_SquashVineBorer_LarvaeSplitStemFrass_Pollinator_CC-BY-2.5_CONDITIONAL.jpg","C:\Users\dstor\Downloads\assets\B30_055__LSE_FOUND_B28_PEST_SquashVineBorer_LarvaeSplitStemFrass_Pollinator_CC-BY-2.5_CONDITIONAL.jpg","broken-found-elsewhere","1","repo","C:\Users\dstor\lse-repo\assets\B30_055__LSE_FOUND_B28_PEST_SquashVineBorer_LarvaeSplitStemFrass_Pollinator_CC-BY-2.5_CONDITIONAL.jpg"
"C:\Users\dstor\Downloads\LSE_CLEAN_SOURCE.html","Downloads","LSE_CLEAN_SOURCE.html","18674","assets/B30_013__LSE_FOUND_B26_PEST_SquashBug_Adult_MarginalResolution_Downtowngal_CC0.jpg","C:\Users\dstor\Downloads\assets\B30_013__LSE_FOUND_B26_PEST_SquashBug_Adult_MarginalResolution_Downtowngal_CC0.jpg","broken-found-elsewhere","1","repo","C:\Users\dstor\lse-repo\assets\B30_013__LSE_FOUND_B26_PEST_SquashBug_Adult_MarginalResolution_Downtowngal_CC0.jpg"
"C:\Users\dstor\Downloads\LSE_CLEAN_SOURCE.html","Downloads","LSE_CLEAN_SOURCE.html","19321","assets/B30_046__LSE_FOUND_B28_ROOTS_Tomato_BacterialWilt_StemCrossSection_ClemsonUSDA_CC-BY-3.0.jpg","C:\Users\dstor\Downloads\assets\B30_046__LSE_FOUND_B28_ROOTS_Tomato_BacterialWilt_StemCrossSection_ClemsonUSDA_CC-BY-3.0.jpg","broken-found-elsewhere","1","repo","C:\Users\dstor\lse-repo\assets\B30_046__LSE_FOUND_B28_ROOTS_Tomato_BacterialWilt_StemCrossSection_ClemsonUSDA_CC-BY-3.0.jpg"
"C:\Users\dstor\Downloads\LSE_CLEAN_SOURCE.html","Downloads","LSE_CLEAN_SOURCE.html","19324","assets/B30_051__LSE_FOUND_B28_DISEASE_Tomato_SouthernBlight_SclerotiaAtCrown_PersleyCooke_CC-BY-SA-3.0_LOWRES.jpg","C:\Users\dstor\Downloads\assets\B30_051__LSE_FOUND_B28_DISEASE_Tomato_SouthernBlight_SclerotiaAtCrown_PersleyCooke_CC-BY-SA-3.0_LOWRES.jpg","broken-found-elsewhere","1","repo","C:\Users\dstor\lse-repo\assets\B30_051__LSE_FOUND_B28_DISEASE_Tomato_SouthernBlight_SclerotiaAtCrown_PersleyCooke_CC-BY-SA-3.0_LOWRES.jpg"
"C:\Users\dstor\Downloads\LSE_CLEAN_SOURCE.html","Downloads","LSE_CLEAN_SOURCE.html","19325","assets/B30_025__LSE_FOUND_B27_ROOTS_Tomato_FusariumWilt_VascularBrowningStemSplit_NCSU-IngaMeadows_VERIFY.jpg","C:\Users\dstor\Downloads\assets\B30_025__LSE_FOUND_B27_ROOTS_Tomato_FusariumWilt_VascularBrowningStemSplit_NCSU-IngaMeadows_VERIFY.jpg","broken-found-elsewhere","1","repo","C:\Users\dstor\lse-repo\assets\B30_025__LSE_FOUND_B27_ROOTS_Tomato_FusariumWilt_VascularBrowningStemSplit_NCSU-IngaMeadows_VERIFY.jpg"
"C:\Users\dstor\Downloads\LSE_CLEAN_SOURCE.html","Downloads","LSE_CLEAN_SOURCE.html","19326","assets/B30_082__LSE_FOUND_B29_HOLD_DISEASE_Tomato_BacterialWilt_StreamingTest_UAEX_PERMISSION.jpg","C:\Users\dstor\Downloads\assets\B30_082__LSE_FOUND_B29_HOLD_DISEASE_Tomato_BacterialWilt_StreamingTest_UAEX_PERMISSION.jpg","broken-found-elsewhere","1","repo","C:\Users\dstor\lse-repo\assets\B30_082__LSE_FOUND_B29_HOLD_DISEASE_Tomato_BacterialWilt_StreamingTest_UAEX_PERMISSION.jpg"
"C:\Users\dstor\Downloads\LSE_CLEAN_SOURCE.html","Downloads","LSE_CLEAN_SOURCE.html","19465","assets/B30_026__LSE_FOUND_B27_ROOTS_Pepper_DampingOff_StemCankerSoilLine_UMass-TSmith_VERIFY.jpg","C:\Users\dstor\Downloads\assets\B30_026__LSE_FOUND_B27_ROOTS_Pepper_DampingOff_StemCankerSoilLine_UMass-TSmith_VERIFY.jpg","broken-found-elsewhere","1","repo","C:\Users\dstor\lse-repo\assets\B30_026__LSE_FOUND_B27_ROOTS_Pepper_DampingOff_StemCankerSoilLine_UMass-TSmith_VERIFY.jpg"
"C:\Users\dstor\Downloads\LSE_CLEAN_SOURCE.html","Downloads","LSE_CLEAN_SOURCE.html","19537","assets/B30_047__LSE_FOUND_B28_DISEASE_Tomato_RhizoctoniaSolani_FruitRotBlackLesions_JGK_hn_CC-BY-3.0.jpg","C:\Users\dstor\Downloads\assets\B30_047__LSE_FOUND_B28_DISEASE_Tomato_RhizoctoniaSolani_FruitRotBlackLesions_JGK_hn_CC-BY-3.0.jpg","broken-found-elsewhere","1","repo","C:\Users\dstor\lse-repo\assets\B30_047__LSE_FOUND_B28_DISEASE_Tomato_RhizoctoniaSolani_FruitRotBlackLesions_JGK_hn_CC-BY-3.0.jpg"
"C:\Users\dstor\Downloads\LSE_CLEAN_SOURCE.html","Downloads","LSE_CLEAN_SOURCE.html","19538","assets/B30_076__LSE_FOUND_B29_ROOTS_ContainerRootbound_GirdledRoots_BrendanLandis_CC-BY-SA-2.0.jpg","C:\Users\dstor\Downloads\assets\B30_076__LSE_FOUND_B29_ROOTS_ContainerRootbound_GirdledRoots_BrendanLandis_CC-BY-SA-2.0.jpg","broken-found-elsewhere","1","repo","C:\Users\dstor\lse-repo\assets\B30_076__LSE_FOUND_B29_ROOTS_ContainerRootbound_GirdledRoots_BrendanLandis_CC-BY-SA-2.0.jpg"
"C:\Users\dstor\Downloads\LSE_CLEAN_SOURCE.html","Downloads","LSE_CLEAN_SOURCE.html","20669","assets/B30_006__LSE_FOUND_B26_ROOTS_Tomato_RootKnotNematode_GalledRoots_PlantPestsDiseases_CC0.jpg","C:\Users\dstor\Downloads\assets\B30_006__LSE_FOUND_B26_ROOTS_Tomato_RootKnotNematode_GalledRoots_PlantPestsDiseases_CC0.jpg","broken-found-elsewhere","1","repo","C:\Users\dstor\lse-repo\assets\B30_006__LSE_FOUND_B26_ROOTS_Tomato_RootKnotNematode_GalledRoots_PlantPestsDiseases_CC0.jpg"
"C:\Users\dstor\Downloads\LSE_CLEAN_SOURCE.html","Downloads","LSE_CLEAN_SOURCE.html","21324","assets/user_created_web/UCI_024_Rainwater_Harvesting_System_Home_Scale.jpg","C:\Users\dstor\Downloads\assets\user_created_web\UCI_024_Rainwater_Harvesting_System_Home_Scale.jpg","broken-found-elsewhere","1","repo","C:\Users\dstor\lse-repo\assets\user_created_web\UCI_024_Rainwater_Harvesting_System_Home_Scale.jpg"
"C:\Users\dstor\Downloads\LSE_CLEAN_SOURCE.html","Downloads","LSE_CLEAN_SOURCE.html","21533","assets/user_created_web/UCI_021_Refractometer_Use_Protocol.jpg","C:\Users\dstor\Downloads\assets\user_created_web\UCI_021_Refractometer_Use_Protocol.jpg","broken-nomatch","0","",""
"C:\Users\dstor\Downloads\LSE_COMPANION_EDITED.html","Downloads","LSE_COMPANION_EDITED.html","270","assets/user_created_web/UCI_028_Seasonal_Planting_Calendar.png","C:\Users\dstor\Downloads\assets\user_created_web\UCI_028_Seasonal_Planting_Calendar.png","broken-found-elsewhere","1","repo","C:\Users\dstor\lse-repo\assets\user_created_web\UCI_028_Seasonal_Planting_Calendar.png"
"C:\Users\dstor\Downloads\LSE_COMPANION_EDITED.html","Downloads","LSE_COMPANION_EDITED.html","573","assets/user_created_web/UCI_010_Biochar_Charging_Process.png","C:\Users\dstor\Downloads\assets\user_created_web\UCI_010_Biochar_Charging_Process.png","broken-nomatch","0","",""
"C:\Users\dstor\Downloads\LSE_COMPANION_EDITED.html","Downloads","LSE_COMPANION_EDITED.html","577","assets/user_created_web/UCI_011_AACT_Brewing_Setup.png","C:\Users\dstor\Downloads\assets\user_created_web\UCI_011_AACT_Brewing_Setup.png","broken-nomatch","0","",""
"C:\Users\dstor\Downloads\LSE_COMPANION_EDITED.html","Downloads","LSE_COMPANION_EDITED.html","593","assets/lse_figures/LSE_B36_Yellowing_Leaves_Decision_Tree_AppB.png","C:\Users\dstor\Downloads\assets\lse_figures\LSE_B36_Yellowing_Leaves_Decision_Tree_AppB.png","broken-found-elsewhere","1","repo","C:\Users\dstor\lse-repo\assets\lse_figures\LSE_B36_Yellowing_Leaves_Decision_Tree_AppB.png"
"C:\Users\dstor\Downloads\LSE_COMPANION_EDITED.html","Downloads","LSE_COMPANION_EDITED.html","737","assets/user_created_web/UCI_017_North_Texas_Crop_Calendar.png","C:\Users\dstor\Downloads\assets\user_created_web\UCI_017_North_Texas_Crop_Calendar.png","broken-found-elsewhere","1","repo","C:\Users\dstor\lse-repo\assets\user_created_web\UCI_017_North_Texas_Crop_Calendar.png"
"C:\Users\dstor\Downloads\LSE_COMPANION_EDITED.html","Downloads","LSE_COMPANION_EDITED.html","804","assets/lse_figures/LSE_C01_Annual_Soil_Building_Calendar_Ch49_AppC.png","C:\Users\dstor\Downloads\assets\lse_figures\LSE_C01_Annual_Soil_Building_Calendar_Ch49_AppC.png","broken-found-elsewhere","1","repo","C:\Users\dstor\lse-repo\assets\lse_figures\LSE_C01_Annual_Soil_Building_Calendar_Ch49_AppC.png"
"C:\Users\dstor\Downloads\LSE_COMPANION_EDITED.html","Downloads","LSE_COMPANION_EDITED.html","1047","assets/user_created_web/UCI_030_Conversion_and_Dilution_Reference_Chart.png","C:\Users\dstor\Downloads\assets\user_created_web\UCI_030_Conversion_and_Dilution_Reference_Chart.png","broken-found-elsewhere","1","repo","C:\Users\dstor\lse-repo\assets\user_created_web\UCI_030_Conversion_and_Dilution_Reference_Chart.png"
"C:\Users\dstor\Downloads\LSE_MERGED_158_HOLD3 (1).html","Downloads","LSE_MERGED_158_HOLD3 (1).html","26","assets/user_created_web/UCI_012_Raised_Bed_Cross_Section_Layers_and_Fill_Strategy.jpg","C:\Users\dstor\Downloads\assets\user_created_web\UCI_012_Raised_Bed_Cross_Section_Layers_and_Fill_Strategy.jpg","broken-found-elsewhere","1","repo","C:\Users\dstor\lse-repo\assets\user_created_web\UCI_012_Raised_Bed_Cross_Section_Layers_and_Fill_Strategy.jpg"
"C:\Users\dstor\Downloads\LSE_MERGED_158_HOLD3 (1).html","Downloads","LSE_MERGED_158_HOLD3 (1).html","27","assets/user_created_web/UCI_014_No_Till_Top_Dressing_Cycle.jpg","C:\Users\dstor\Downloads\assets\user_created_web\UCI_014_No_Till_Top_Dressing_Cycle.jpg","broken-found-elsewhere","1","repo","C:\Users\dstor\lse-repo\assets\user_created_web\UCI_014_No_Till_Top_Dressing_Cycle.jpg"
"C:\Users\dstor\Downloads\LSE_MERGED_158_HOLD3 (1).html","Downloads","LSE_MERGED_158_HOLD3 (1).html","28","assets/user_created_web/UCI_023_Soil_Test_Results_How_to_Read_Them.jpg","C:\Users\dstor\Downloads\assets\user_created_web\UCI_023_Soil_Test_Results_How_to_Read_Them.jpg","broken-found-elsewhere","1","repo","C:\Users\dstor\lse-repo\assets\user_created_web\UCI_023_Soil_Test_Results_How_to_Read_Them.jpg"
"C:\Users\dstor\Downloads\LSE_MERGED_158_HOLD3 (1).html","Downloads","LSE_MERGED_158_HOLD3 (1).html","29","assets/user_created_web/UCI_029_Troubleshooting_Decision_Tree_Yellowing_Leaves.jpg","C:\Users\dstor\Downloads\assets\user_created_web\UCI_029_Troubleshooting_Decision_Tree_Yellowing_Leaves.jpg","broken-nomatch","0","",""
"C:\Users\dstor\Downloads\LSE_MERGED_158_HOLD3 (1).html","Downloads","LSE_MERGED_158_HOLD3 (1).html","30","assets/user_created_web/UCI_031_Home_Brew_Feed_Quick_Reference_Card.jpg","C:\Users\dstor\Downloads\assets\user_created_web\UCI_031_Home_Brew_Feed_Quick_Reference_Card.jpg","broken-nomatch","0","",""
"C:\Users\dstor\Downloads\LSE_MERGED_158_HOLD3 (1).html","Downloads","LSE_MERGED_158_HOLD3 (1).html","507","assets/user_created_web/UCI_001_Soil_Food_Web_Complete_Trophic_Map.jpg","C:\Users\dstor\Downloads\assets\user_created_web\UCI_001_Soil_Food_Web_Complete_Trophic_Map.jpg","broken-nomatch","0","",""
"C:\Users\dstor\Downloads\LSE_MERGED_158_HOLD3 (1).html","Downloads","LSE_MERGED_158_HOLD3 (1).html","599","assets/user_created_web/UCI_003_The_Nutrient_Mineralization_Loop.jpg","C:\Users\dstor\Downloads\assets\user_created_web\UCI_003_The_Nutrient_Mineralization_Loop.jpg","broken-found-elsewhere","1","repo","C:\Users\dstor\lse-repo\assets\user_created_web\UCI_003_The_Nutrient_Mineralization_Loop.jpg"
"C:\Users\dstor\Downloads\LSE_MERGED_158_HOLD3 (1).html","Downloads","LSE_MERGED_158_HOLD3 (1).html","643","assets/user_created_web/UCI_005_ISR_and_SAR_The_Plant_Immune_System.jpg","C:\Users\dstor\Downloads\assets\user_created_web\UCI_005_ISR_and_SAR_The_Plant_Immune_System.jpg","broken-found-elsewhere","1","repo","C:\Users\dstor\lse-repo\assets\user_created_web\UCI_005_ISR_and_SAR_The_Plant_Immune_System.jpg"
"C:\Users\dstor\Downloads\LSE_MERGED_158_HOLD3 (1).html","Downloads","LSE_MERGED_158_HOLD3 (1).html","682","assets/user_created_web/UCI_002_Bacterial_vs_Fungal_Soil_Dominance.jpg","C:\Users\dstor\Downloads\assets\user_created_web\UCI_002_Bacterial_vs_Fungal_Soil_Dominance.jpg","broken-found-elsewhere","1","repo","C:\Users\dstor\lse-repo\assets\user_created_web\UCI_002_Bacterial_vs_Fungal_Soil_Dominance.jpg"
"C:\Users\dstor\Downloads\LSE_MERGED_158_HOLD3 (1).html","Downloads","LSE_MERGED_158_HOLD3 (1).html","707","assets/user_created_web/UCI_009_Fungal_Bacterial_Input_Guide.jpg","C:\Users\dstor\Downloads\assets\user_created_web\UCI_009_Fungal_Bacterial_Input_Guide.jpg","broken-nomatch","0","",""
"C:\Users\dstor\Downloads\LSE_MERGED_158_HOLD3 (1).html","Downloads","LSE_MERGED_158_HOLD3 (1).html","722","assets/user_created_web/UCI_007_Composite_Method_Reference.jpg","C:\Users\dstor\Downloads\assets\user_created_web\UCI_007_Composite_Method_Reference.jpg","broken-nomatch","0","",""
"C:\Users\dstor\Downloads\LSE_MERGED_158_HOLD3 (1).html","Downloads","LSE_MERGED_158_HOLD3 (1).html","734","assets/user_created_web/UCI_006_Permaculture_Zone_Map.jpg","C:\Users\dstor\Downloads\assets\user_created_web\UCI_006_Permaculture_Zone_Map.jpg","broken-nomatch","0","",""
"C:\Users\dstor\Downloads\LSE_MERGED_158_HOLD3 (1).html","Downloads","LSE_MERGED_158_HOLD3 (1).html","976","assets/user_created_web/UCI_008_Soil_Input_Categories_Overview.jpg","C:\Users\dstor\Downloads\assets\user_created_web\UCI_008_Soil_Input_Categories_Overview.jpg","broken-found-elsewhere","1","repo","C:\Users\dstor\lse-repo\assets\user_created_web\UCI_008_Soil_Input_Categories_Overview.jpg"
"C:\Users\dstor\Downloads\LSE_MERGED_158_HOLD3 (1).html","Downloads","LSE_MERGED_158_HOLD3 (1).html","981","assets/B30_007__LSE_FOUND_B26_COMPOST_Compost_MaturityContamination_TemperatureInspection_StephenAusmus_USDA-PD.jpg","C:\Users\dstor\Downloads\assets\B30_007__LSE_FOUND_B26_COMPOST_Compost_MaturityContamination_TemperatureInspection_StephenAusmus_USDA-PD.jpg","broken-found-elsewhere","1","repo","C:\Users\dstor\lse-repo\assets\B30_007__LSE_FOUND_B26_COMPOST_Compost_MaturityContamination_TemperatureInspection_StephenAusmus_USDA-PD.jpg"
"C:\Users\dstor\Downloads\LSE_MERGED_158_HOLD3 (1).html","Downloads","LSE_MERGED_158_HOLD3 (1).html","1127","assets/user_created_web/UCI_004_Soil_Nutrient_Availability.jpg","C:\Users\dstor\Downloads\assets\user_created_web\UCI_004_Soil_Nutrient_Availability.jpg","broken-found-elsewhere","1","repo","C:\Users\dstor\lse-repo\assets\user_created_web\UCI_004_Soil_Nutrient_Availability.jpg"
"C:\Users\dstor\Downloads\LSE_MERGED_158_HOLD3 (1).html","Downloads","LSE_MERGED_158_HOLD3 (1).html","2942","assets/B30_068__LSE_FOUND_B29_PRACTICAL_ContainerVegetables_ReservoirSpace_WateringDepth_KathleenMoore_CC-BY-2.0.jpg","C:\Users\dstor\Downloads\assets\B30_068__LSE_FOUND_B29_PRACTICAL_ContainerVegetables_ReservoirSpace_WateringDepth_KathleenMoore_CC-BY-2.0.jpg","broken-found-elsewhere","1","repo","C:\Users\dstor\lse-repo\assets\B30_068__LSE_FOUND_B29_PRACTICAL_ContainerVegetables_ReservoirSpace_WateringDepth_KathleenMoore_CC-BY-2.0.jpg"
"C:\Users\dstor\Downloads\LSE_MERGED_158_HOLD3 (1).html","Downloads","LSE_MERGED_158_HOLD3 (1).html","2943","assets/B30_067__LSE_FOUND_B29_ABIOTIC_ContainerHerbs_SaltBuildup_WhiteSaltCrust_DianeMays_CC-BY-2.0.jpg","C:\Users\dstor\Downloads\assets\B30_067__LSE_FOUND_B29_ABIOTIC_ContainerHerbs_SaltBuildup_WhiteSaltCrust_DianeMays_CC-BY-2.0.jpg","broken-found-elsewhere","1","repo","C:\Users\dstor\lse-repo\assets\B30_067__LSE_FOUND_B29_ABIOTIC_ContainerHerbs_SaltBuildup_WhiteSaltCrust_DianeMays_CC-BY-2.0.jpg"
"C:\Users\dstor\Downloads\LSE_MERGED_158_HOLD3 (1).html","Downloads","LSE_MERGED_158_HOLD3 (1).html","2944","assets/B30_069__LSE_FOUND_B29_PRACTICAL_SmallSpaceVegetables_OutdoorRailingContainers_LucyBradley_CC-BY-2.0.jpg","C:\Users\dstor\Downloads\assets\B30_069__LSE_FOUND_B29_PRACTICAL_SmallSpaceVegetables_OutdoorRailingContainers_LucyBradley_CC-BY-2.0.jpg","broken-found-elsewhere","1","repo","C:\Users\dstor\lse-repo\assets\B30_069__LSE_FOUND_B29_PRACTICAL_SmallSpaceVegetables_OutdoorRailingContainers_LucyBradley_CC-BY-2.0.jpg"
"C:\Users\dstor\Downloads\LSE_MERGED_158_HOLD3 (1).html","Downloads","LSE_MERGED_158_HOLD3 (1).html","2945","assets/B30_005__LSE_FOUND_B26_ROOTS_Container_Rootbound_CirclingRoots_B137_CC0.jpg","C:\Users\dstor\Downloads\assets\B30_005__LSE_FOUND_B26_ROOTS_Container_Rootbound_CirclingRoots_B137_CC0.jpg","broken-found-elsewhere","1","repo","C:\Users\dstor\lse-repo\assets\B30_005__LSE_FOUND_B26_ROOTS_Container_Rootbound_CirclingRoots_B137_CC0.jpg"
"C:\Users\dstor\Downloads\LSE_MERGED_158_HOLD3 (1).html","Downloads","LSE_MERGED_158_HOLD3 (1).html","3111","assets/user_created_web/UCI_015_Three_Sisters_Guild.jpg","C:\Users\dstor\Downloads\assets\user_created_web\UCI_015_Three_Sisters_Guild.jpg","broken-found-elsewhere","1","repo","C:\Users\dstor\lse-repo\assets\user_created_web\UCI_015_Three_Sisters_Guild.jpg"
"C:\Users\dstor\Downloads\LSE_MERGED_158_HOLD3 (1).html","Downloads","LSE_MERGED_158_HOLD3 (1).html","3112","assets/user_created_web/UCI_016_Polyculture_Guild_Design.jpg","C:\Users\dstor\Downloads\assets\user_created_web\UCI_016_Polyculture_Guild_Design.jpg","broken-found-elsewhere","1","repo","C:\Users\dstor\lse-repo\assets\user_created_web\UCI_016_Polyculture_Guild_Design.jpg"
"C:\Users\dstor\Downloads\LSE_MERGED_158_HOLD3 (1).html","Downloads","LSE_MERGED_158_HOLD3 (1).html","3292","assets/B30_009__LSE_FOUND_B26_WATER_DripIrrigation_WettingPattern_PeggyGreb_USDA-PD.jpg","C:\Users\dstor\Downloads\assets\B30_009__LSE_FOUND_B26_WATER_DripIrrigation_WettingPattern_PeggyGreb_USDA-PD.jpg","broken-found-elsewhere","1","repo","C:\Users\dstor\lse-repo\assets\B30_009__LSE_FOUND_B26_WATER_DripIrrigation_WettingPattern_PeggyGreb_USDA-PD.jpg"
"C:\Users\dstor\Downloads\LSE_MERGED_158_HOLD3 (1).html","Downloads","LSE_MERGED_158_HOLD3 (1).html","3293","assets/B30_080__LSE_FOUND_B29_HOLD_ROOTS_Basil_RhizoctoniaRootRot_DarkRoots_MSU_PERMISSION.jpg","C:\Users\dstor\Downloads\assets\B30_080__LSE_FOUND_B29_HOLD_ROOTS_Basil_RhizoctoniaRootRot_DarkRoots_MSU_PERMISSION.jpg","broken-found-elsewhere","1","repo","C:\Users\dstor\lse-repo\assets\B30_080__LSE_FOUND_B29_HOLD_ROOTS_Basil_RhizoctoniaRootRot_DarkRoots_MSU_PERMISSION.jpg"
"C:\Users\dstor\Downloads\LSE_MERGED_158_HOLD3 (1).html","Downloads","LSE_MERGED_158_HOLD3 (1).html","3294","assets/B30_081__LSE_FOUND_B29_HOLD_ROOTS_Strawberry_BlackRootRot_HealthyVsDiseased_NCSU_PERMISSION.jpg","C:\Users\dstor\Downloads\assets\B30_081__LSE_FOUND_B29_HOLD_ROOTS_Strawberry_BlackRootRot_HealthyVsDiseased_NCSU_PERMISSION.jpg","broken-found-elsewhere","1","repo","C:\Users\dstor\lse-repo\assets\B30_081__LSE_FOUND_B29_HOLD_ROOTS_Strawberry_BlackRootRot_HealthyVsDiseased_NCSU_PERMISSION.jpg"
"C:\Users\dstor\Downloads\LSE_MERGED_158_HOLD3 (1).html","Downloads","LSE_MERGED_158_HOLD3 (1).html","3296","assets/user_created_web/UCI_018_Comparing_Irrigation_Systems_for_Home_Gardens.jpg","C:\Users\dstor\Downloads\assets\user_created_web\UCI_018_Comparing_Irrigation_Systems_for_Home_Gardens.jpg","broken-found-elsewhere","1","repo","C:\Users\dstor\lse-repo\assets\user_created_web\UCI_018_Comparing_Irrigation_Systems_for_Home_Gardens.jpg"
"C:\Users\dstor\Downloads\LSE_MERGED_158_HOLD3 (1).html","Downloads","LSE_MERGED_158_HOLD3 (1).html","3374","assets/B30_074__LSE_FOUND_B29_PRACTICAL_HighTunnel_Vegetables_RollUpVentilation_KathleenMoore_CC-BY-2.0.jpg","C:\Users\dstor\Downloads\assets\B30_074__LSE_FOUND_B29_PRACTICAL_HighTunnel_Vegetables_RollUpVentilation_KathleenMoore_CC-BY-2.0.jpg","broken-found-elsewhere","1","repo","C:\Users\dstor\lse-repo\assets\B30_074__LSE_FOUND_B29_PRACTICAL_HighTunnel_Vegetables_RollUpVentilation_KathleenMoore_CC-BY-2.0.jpg"
"C:\Users\dstor\Downloads\LSE_MERGED_158_HOLD3 (1).html","Downloads","LSE_MERGED_158_HOLD3 (1).html","3375","assets/B30_075__LSE_FOUND_B29_PRACTICAL_HerbsLettuce_ColdFrame_OpenLid_ChrisAlberti_CC-BY-2.0.jpg","C:\Users\dstor\Downloads\assets\B30_075__LSE_FOUND_B29_PRACTICAL_HerbsLettuce_ColdFrame_OpenLid_ChrisAlberti_CC-BY-2.0.jpg","broken-found-elsewhere","1","repo","C:\Users\dstor\lse-repo\assets\B30_075__LSE_FOUND_B29_PRACTICAL_HerbsLettuce_ColdFrame_OpenLid_ChrisAlberti_CC-BY-2.0.jpg"
"C:\Users\dstor\Downloads\LSE_MERGED_158_HOLD3 (1).html","Downloads","LSE_MERGED_158_HOLD3 (1).html","3453","assets/user_created_web/UCI_020_Common_Dallas_Pest_Identification_Guide.jpg","C:\Users\dstor\Downloads\assets\user_created_web\UCI_020_Common_Dallas_Pest_Identification_Guide.jpg","broken-nomatch","0","",""
"C:\Users\dstor\Downloads\LSE_MERGED_158_HOLD3 (1).html","Downloads","LSE_MERGED_158_HOLD3 (1).html","3454","assets/B30_052__LSE_FOUND_B28_PEST_Brassica_CabbageFlyLarva_StalkDamage_PakChoi_SchlagheckenJosef_CC-BY-SA-4.0.jpg","C:\Users\dstor\Downloads\assets\B30_052__LSE_FOUND_B28_PEST_Brassica_CabbageFlyLarva_StalkDamage_PakChoi_SchlagheckenJosef_CC-BY-SA-4.0.jpg","broken-found-elsewhere","1","repo","C:\Users\dstor\lse-repo\assets\B30_052__LSE_FOUND_B28_PEST_Brassica_CabbageFlyLarva_StalkDamage_PakChoi_SchlagheckenJosef_CC-BY-SA-4.0.jpg"
"C:\Users\dstor\Downloads\LSE_MERGED_158_HOLD3 (1).html","Downloads","LSE_MERGED_158_HOLD3 (1).html","3455","assets/B30_053__LSE_FOUND_B28_PEST_Brassica_DeliaRadicum_MaggotPupaLifeStages_Rasbak_CC-BY-SA-GFDL.jpg","C:\Users\dstor\Downloads\assets\B30_053__LSE_FOUND_B28_PEST_Brassica_DeliaRadicum_MaggotPupaLifeStages_Rasbak_CC-BY-SA-GFDL.jpg","broken-found-elsewhere","1","repo","C:\Users\dstor\lse-repo\assets\B30_053__LSE_FOUND_B28_PEST_Brassica_DeliaRadicum_MaggotPupaLifeStages_Rasbak_CC-BY-SA-GFDL.jpg"
"C:\Users\dstor\Downloads\LSE_MERGED_158_HOLD3 (1).html","Downloads","LSE_MERGED_158_HOLD3 (1).html","3456","assets/B30_027__LSE_FOUND_B27_PEST_Cowpea_CowpeaCurculio_PodCrossSectionLarvaAdult_UGA_VERIFY.jpg","C:\Users\dstor\Downloads\assets\B30_027__LSE_FOUND_B27_PEST_Cowpea_CowpeaCurculio_PodCrossSectionLarvaAdult_UGA_VERIFY.jpg","broken-found-elsewhere","1","repo","C:\Users\dstor\lse-repo\assets\B30_027__LSE_FOUND_B27_PEST_Cowpea_CowpeaCurculio_PodCrossSectionLarvaAdult_UGA_VERIFY.jpg"
"C:\Users\dstor\Downloads\LSE_MERGED_158_HOLD3 (1).html","Downloads","LSE_MERGED_158_HOLD3 (1).html","3457","assets/B30_028__LSE_FOUND_B27_PEST_Cowpea_CowpeaCurculio_LarvaInsidePodRisk_UGA_VERIFY.jpg","C:\Users\dstor\Downloads\assets\B30_028__LSE_FOUND_B27_PEST_Cowpea_CowpeaCurculio_LarvaInsidePodRisk_UGA_VERIFY.jpg","broken-found-elsewhere","1","repo","C:\Users\dstor\lse-repo\assets\B30_028__LSE_FOUND_B27_PEST_Cowpea_CowpeaCurculio_LarvaInsidePodRisk_UGA_VERIFY.jpg"
"C:\Users\dstor\Downloads\LSE_MERGED_158_HOLD3 (1).html","Downloads","LSE_MERGED_158_HOLD3 (1).html","3458","assets/B30_079__LSE_FOUND_B29_HOLD_PEST_Okra_StinkBugDamage_TwistedPods_Clemson_PERMISSION.jpg","C:\Users\dstor\Downloads\assets\B30_079__LSE_FOUND_B29_HOLD_PEST_Okra_StinkBugDamage_TwistedPods_Clemson_PERMISSION.jpg","broken-found-elsewhere","1","repo","C:\Users\dstor\lse-repo\assets\B30_079__LSE_FOUND_B29_HOLD_PEST_Okra_StinkBugDamage_TwistedPods_Clemson_PERMISSION.jpg"
"C:\Users\dstor\Downloads\LSE_MERGED_158_HOLD3 (1).html","Downloads","LSE_MERGED_158_HOLD3 (1).html","3464","assets/B30_029__LSE_FOUND_B27_PEST_Cowpea_CowpeaCurculio_AdultScouting_UGA_VERIFY.jpg","C:\Users\dstor\Downloads\assets\B30_029__LSE_FOUND_B27_PEST_Cowpea_CowpeaCurculio_AdultScouting_UGA_VERIFY.jpg","broken-found-elsewhere","1","repo","C:\Users\dstor\lse-repo\assets\B30_029__LSE_FOUND_B27_PEST_Cowpea_CowpeaCurculio_AdultScouting_UGA_VERIFY.jpg"
"C:\Users\dstor\Downloads\LSE_MERGED_158_HOLD3 (1).html","Downloads","LSE_MERGED_158_HOLD3 (1).html","3465","assets/B30_030__LSE_FOUND_B27_PEST_Eggplant_FleaBeetle_ShotHolePittedLeaf_DavidCappaert-Bugwood_VERIFY.jpg","C:\Users\dstor\Downloads\assets\B30_030__LSE_FOUND_B27_PEST_Eggplant_FleaBeetle_ShotHolePittedLeaf_DavidCappaert-Bugwood_VERIFY.jpg","broken-found-elsewhere","1","repo","C:\Users\dstor\lse-repo\assets\B30_030__LSE_FOUND_B27_PEST_Eggplant_FleaBeetle_ShotHolePittedLeaf_DavidCappaert-Bugwood_VERIFY.jpg"
"C:\Users\dstor\Downloads\LSE_MERGED_158_HOLD3 (1).html","Downloads","LSE_MERGED_158_HOLD3 (1).html","3467","assets/B30_073__LSE_FOUND_B29_PRACTICAL_RowCover_LowTunnel_FabricOverHoops_KathleenMoore_CC-BY-2.0.jpg","C:\Users\dstor\Downloads\assets\B30_073__LSE_FOUND_B29_PRACTICAL_RowCover_LowTunnel_FabricOverHoops_KathleenMoore_CC-BY-2.0.jpg","broken-found-elsewhere","1","repo","C:\Users\dstor\lse-repo\assets\B30_073__LSE_FOUND_B29_PRACTICAL_RowCover_LowTunnel_FabricOverHoops_KathleenMoore_CC-BY-2.0.jpg"
"C:\Users\dstor\Downloads\LSE_MERGED_158_HOLD3 (1).html","Downloads","LSE_MERGED_158_HOLD3 (1).html","3468","assets/B30_033__LSE_FOUND_B27_EXCLUSION_VegetableBeds_FloatingRowCover_PhysicalBarrier_ScotNelson_CONDITIONAL.jpg","C:\Users\dstor\Downloads\assets\B30_033__LSE_FOUND_B27_EXCLUSION_VegetableBeds_FloatingRowCover_PhysicalBarrier_ScotNelson_CONDITIONAL.jpg","broken-found-elsewhere","1","repo","C:\Users\dstor\lse-repo\assets\B30_033__LSE_FOUND_B27_EXCLUSION_VegetableBeds_FloatingRowCover_PhysicalBarrier_ScotNelson_CONDITIONAL.jpg"
"C:\Users\dstor\Downloads\LSE_MERGED_158_HOLD3 (1).html","Downloads","LSE_MERGED_158_HOLD3 (1).html","3473","assets/B30_048__LSE_FOUND_B28_PEST_Brassica_CabbageFlyMaggot_RootDamage_Kohlrabi_SchlagheckenJosef_CC-BY-4.0.jpg","C:\Users\dstor\Downloads\assets\B30_048__LSE_FOUND_B28_PEST_Brassica_CabbageFlyMaggot_RootDamage_Kohlrabi_SchlagheckenJosef_CC-BY-4.0.jpg","broken-found-elsewhere","1","repo","C:\Users\dstor\lse-repo\assets\B30_048__LSE_FOUND_B28_PEST_Brassica_CabbageFlyMaggot_RootDamage_Kohlrabi_SchlagheckenJosef_CC-BY-4.0.jpg"
"C:\Users\dstor\Downloads\LSE_MERGED_158_HOLD3 (1).html","Downloads","LSE_MERGED_158_HOLD3 (1).html","3474","assets/B30_032__LSE_FOUND_B27_EXCLUSION_Seedlings_CutwormCollars_CardboardBarrier_KathleenMoore_CC-BY-2.0.jpg","C:\Users\dstor\Downloads\assets\B30_032__LSE_FOUND_B27_EXCLUSION_Seedlings_CutwormCollars_CardboardBarrier_KathleenMoore_CC-BY-2.0.jpg","broken-found-elsewhere","1","repo","C:\Users\dstor\lse-repo\assets\B30_032__LSE_FOUND_B27_EXCLUSION_Seedlings_CutwormCollars_CardboardBarrier_KathleenMoore_CC-BY-2.0.jpg"
"C:\Users\dstor\Downloads\LSE_MERGED_158_HOLD3 (1).html","Downloads","LSE_MERGED_158_HOLD3 (1).html","3475","assets/B30_031__LSE_FOUND_B27_PEST_Corn_BlackCutworm_SeveredSeedlingDamage_WM-Hantsbarger_CC-BY-3.0-US.jpg","C:\Users\dstor\Downloads\assets\B30_031__LSE_FOUND_B27_PEST_Corn_BlackCutworm_SeveredSeedlingDamage_WM-Hantsbarger_CC-BY-3.0-US.jpg","broken-found-elsewhere","1","repo","C:\Users\dstor\lse-repo\assets\B30_031__LSE_FOUND_B27_PEST_Corn_BlackCutworm_SeveredSeedlingDamage_WM-Hantsbarger_CC-BY-3.0-US.jpg"
"C:\Users\dstor\Downloads\LSE_MERGED_158_HOLD3 (1).html","Downloads","LSE_MERGED_158_HOLD3 (1).html","3476","assets/B30_034__LSE_FOUND_B27_EXCLUSION_Containers_SlugBarrier_CopperTape_KathleenMoore_CC-BY-2.0.jpg","C:\Users\dstor\Downloads\assets\B30_034__LSE_FOUND_B27_EXCLUSION_Containers_SlugBarrier_CopperTape_KathleenMoore_CC-BY-2.0.jpg","broken-found-elsewhere","1","repo","C:\Users\dstor\lse-repo\assets\B30_034__LSE_FOUND_B27_EXCLUSION_Containers_SlugBarrier_CopperTape_KathleenMoore_CC-BY-2.0.jpg"
"C:\Users\dstor\Downloads\LSE_MERGED_158_HOLD3 (1).html","Downloads","LSE_MERGED_158_HOLD3 (1).html","3480","assets/user_created_web/UCI_019_IPM_Decision_Pyramid.jpg","C:\Users\dstor\Downloads\assets\user_created_web\UCI_019_IPM_Decision_Pyramid.jpg","broken-nomatch","0","",""
"C:\Users\dstor\Downloads\LSE_MERGED_158_HOLD3 (1).html","Downloads","LSE_MERGED_158_HOLD3 (1).html","3571","assets/B30_038__LSE_FOUND_B27_ABIOTIC_Tomato_FertilizerBurn_YoungLeafScorch_UMD_VERIFY.jpg","C:\Users\dstor\Downloads\assets\B30_038__LSE_FOUND_B27_ABIOTIC_Tomato_FertilizerBurn_YoungLeafScorch_UMD_VERIFY.jpg","broken-found-elsewhere","1","repo","C:\Users\dstor\lse-repo\assets\B30_038__LSE_FOUND_B27_ABIOTIC_Tomato_FertilizerBurn_YoungLeafScorch_UMD_VERIFY.jpg"
"C:\Users\dstor\Downloads\LSE_MERGED_158_HOLD3 (1).html","Downloads","LSE_MERGED_158_HOLD3 (1).html","3572","assets/B30_056__LSE_FOUND_B28_ABIOTIC_FertilizerBurn_LeafScorchPattern_CannabisCropMismatch_Fenrisulfir_CC-BY-SA-GFDL.jpg","C:\Users\dstor\Downloads\assets\B30_056__LSE_FOUND_B28_ABIOTIC_FertilizerBurn_LeafScorchPattern_CannabisCropMismatch_Fenrisulfir_CC-BY-SA-GFDL.jpg","broken-found-elsewhere","1","repo","C:\Users\dstor\lse-repo\assets\B30_056__LSE_FOUND_B28_ABIOTIC_FertilizerBurn_LeafScorchPattern_CannabisCropMismatch_Fenrisulfir_CC-BY-SA-GFDL.jpg"
"C:\Users\dstor\Downloads\LSE_MERGED_158_HOLD3 (1).html","Downloads","LSE_MERGED_158_HOLD3 (1).html","3574","assets/B30_037__LSE_FOUND_B27_ABIOTIC_VegetableTransplant_ColdFreezeDamage_WhiteLeaves_UMD_VERIFY.jpg","C:\Users\dstor\Downloads\assets\B30_037__LSE_FOUND_B27_ABIOTIC_VegetableTransplant_ColdFreezeDamage_WhiteLeaves_UMD_VERIFY.jpg","broken-found-elsewhere","1","repo","C:\Users\dstor\lse-repo\assets\B30_037__LSE_FOUND_B27_ABIOTIC_VegetableTransplant_ColdFreezeDamage_WhiteLeaves_UMD_VERIFY.jpg"
"C:\Users\dstor\Downloads\LSE_MERGED_158_HOLD3 (1).html","Downloads","LSE_MERGED_158_HOLD3 (1).html","3575","assets/B30_071__LSE_FOUND_B29_ABIOTIC_Bean_HerbicideInjury_EpinastySwollenStems_VCE_PublicUse.jpg","C:\Users\dstor\Downloads\assets\B30_071__LSE_FOUND_B29_ABIOTIC_Bean_HerbicideInjury_EpinastySwollenStems_VCE_PublicUse.jpg","broken-found-elsewhere","1","repo","C:\Users\dstor\lse-repo\assets\B30_071__LSE_FOUND_B29_ABIOTIC_Bean_HerbicideInjury_EpinastySwollenStems_VCE_PublicUse.jpg"
"C:\Users\dstor\Downloads\LSE_MERGED_158_HOLD3 (1).html","Downloads","LSE_MERGED_158_HOLD3 (1).html","3576","assets/B30_072__LSE_FOUND_B29_ABIOTIC_Squash_HerbicideResidue_FieldEpinastyTwisting_VCE_PublicUse.jpg","C:\Users\dstor\Downloads\assets\B30_072__LSE_FOUND_B29_ABIOTIC_Squash_HerbicideResidue_FieldEpinastyTwisting_VCE_PublicUse.jpg","broken-found-elsewhere","1","repo","C:\Users\dstor\lse-repo\assets\B30_072__LSE_FOUND_B29_ABIOTIC_Squash_HerbicideResidue_FieldEpinastyTwisting_VCE_PublicUse.jpg"
"C:\Users\dstor\Downloads\LSE_MERGED_158_HOLD3 (1).html","Downloads","LSE_MERGED_158_HOLD3 (1).html","3577","assets/B30_045__LSE_FOUND_B28_ABIOTIC_Tomato_HailDamage_FruitBruisesHoles_DwightSipler_CC-BY-2.0.jpg","C:\Users\dstor\Downloads\assets\B30_045__LSE_FOUND_B28_ABIOTIC_Tomato_HailDamage_FruitBruisesHoles_DwightSipler_CC-BY-2.0.jpg","broken-found-elsewhere","1","repo","C:\Users\dstor\lse-repo\assets\B30_045__LSE_FOUND_B28_ABIOTIC_Tomato_HailDamage_FruitBruisesHoles_DwightSipler_CC-BY-2.0.jpg"
"C:\Users\dstor\Downloads\LSE_MERGED_158_HOLD3 (1).html","Downloads","LSE_MERGED_158_HOLD3 (1).html","3578","assets/B30_004__LSE_FOUND_B26_ABIOTIC_Tomato_HailDamage_BruisedBrokenStems_DwightSipler_CC-BY-2.jpg","C:\Users\dstor\Downloads\assets\B30_004__LSE_FOUND_B26_ABIOTIC_Tomato_HailDamage_BruisedBrokenStems_DwightSipler_CC-BY-2.jpg","broken-found-elsewhere","1","repo","C:\Users\dstor\lse-repo\assets\B30_004__LSE_FOUND_B26_ABIOTIC_Tomato_HailDamage_BruisedBrokenStems_DwightSipler_CC-BY-2.jpg"
"C:\Users\dstor\Downloads\LSE_MERGED_158_HOLD3 (1).html","Downloads","LSE_MERGED_158_HOLD3 (1).html","3579","assets/B30_078__LSE_FOUND_B29_HOLD_ABIOTIC_Bean_PesticideBurn_ScorchedLeaves_UMD_VERIFY.png","C:\Users\dstor\Downloads\assets\B30_078__LSE_FOUND_B29_HOLD_ABIOTIC_Bean_PesticideBurn_ScorchedLeaves_UMD_VERIFY.png","broken-nomatch","0","",""
"C:\Users\dstor\Downloads\LSE_MERGED_158_HOLD3 (1).html","Downloads","LSE_MERGED_158_HOLD3 (1).html","3581","assets/B30_036__LSE_FOUND_B27_ABIOTIC_Bean_PesticideBurn_LeafScorch_UMD_VERIFY.png","C:\Users\dstor\Downloads\assets\B30_036__LSE_FOUND_B27_ABIOTIC_Bean_PesticideBurn_LeafScorch_UMD_VERIFY.png","broken-nomatch","0","",""
"C:\Users\dstor\Downloads\LSE_MERGED_158_HOLD3 (1).html","Downloads","LSE_MERGED_158_HOLD3 (1).html","3582","assets/B30_077__LSE_FOUND_B29_HOLD_ABIOTIC_Squash_PesticideBurn_Phytotoxicity_UMD_VERIFY.jpg","C:\Users\dstor\Downloads\assets\B30_077__LSE_FOUND_B29_HOLD_ABIOTIC_Squash_PesticideBurn_Phytotoxicity_UMD_VERIFY.jpg","broken-found-elsewhere","1","repo","C:\Users\dstor\lse-repo\assets\B30_077__LSE_FOUND_B29_HOLD_ABIOTIC_Squash_PesticideBurn_Phytotoxicity_UMD_VERIFY.jpg"
"C:\Users\dstor\Downloads\LSE_MERGED_158_HOLD3 (1).html","Downloads","LSE_MERGED_158_HOLD3 (1).html","3583","assets/B30_035__LSE_FOUND_B27_ABIOTIC_Squash_PesticideBurn_SoapPyrethrinLeafScorch_UMD_VERIFY.jpg","C:\Users\dstor\Downloads\assets\B30_035__LSE_FOUND_B27_ABIOTIC_Squash_PesticideBurn_SoapPyrethrinLeafScorch_UMD_VERIFY.jpg","broken-found-elsewhere","1","repo","C:\Users\dstor\lse-repo\assets\B30_035__LSE_FOUND_B27_ABIOTIC_Squash_PesticideBurn_SoapPyrethrinLeafScorch_UMD_VERIFY.jpg"
"C:\Users\dstor\Downloads\LSE_MERGED_158_HOLD3 (1).html","Downloads","LSE_MERGED_158_HOLD3 (1).html","3584","assets/B30_001__LSE_FOUND_B26_ABIOTIC_Pepper_Sunscald_ExposedFruit_DonFerrin_Bugwood_CC-BY-3.jpg","C:\Users\dstor\Downloads\assets\B30_001__LSE_FOUND_B26_ABIOTIC_Pepper_Sunscald_ExposedFruit_DonFerrin_Bugwood_CC-BY-3.jpg","broken-found-elsewhere","1","repo","C:\Users\dstor\lse-repo\assets\B30_001__LSE_FOUND_B26_ABIOTIC_Pepper_Sunscald_ExposedFruit_DonFerrin_Bugwood_CC-BY-3.jpg"
"C:\Users\dstor\Downloads\LSE_MERGED_158_HOLD3 (1).html","Downloads","LSE_MERGED_158_HOLD3 (1).html","3585","assets/B30_002__LSE_FOUND_B26_ABIOTIC_Tomato_FruitCracking_IrregularIrrigationCue_Fructibus_CC0.jpg","C:\Users\dstor\Downloads\assets\B30_002__LSE_FOUND_B26_ABIOTIC_Tomato_FruitCracking_IrregularIrrigationCue_Fructibus_CC0.jpg","broken-found-elsewhere","1","repo","C:\Users\dstor\lse-repo\assets\B30_002__LSE_FOUND_B26_ABIOTIC_Tomato_FruitCracking_IrregularIrrigationCue_Fructibus_CC0.jpg"
"C:\Users\dstor\Downloads\LSE_MERGED_158_HOLD3 (1).html","Downloads","LSE_MERGED_158_HOLD3 (1).html","3587","assets/B30_050__LSE_FOUND_B28_ABIOTIC_Tomato_FrostDamage_LeafFruitBurn_AmroBinKulthoum_CC-BY-SA-3.0.jpg","C:\Users\dstor\Downloads\assets\B30_050__LSE_FOUND_B28_ABIOTIC_Tomato_FrostDamage_LeafFruitBurn_AmroBinKulthoum_CC-BY-SA-3.0.jpg","broken-found-elsewhere","1","repo","C:\Users\dstor\lse-repo\assets\B30_050__LSE_FOUND_B28_ABIOTIC_Tomato_FrostDamage_LeafFruitBurn_AmroBinKulthoum_CC-BY-SA-3.0.jpg"
"C:\Users\dstor\Downloads\LSE_MERGED_158_HOLD3 (1).html","Downloads","LSE_MERGED_158_HOLD3 (1).html","3588","assets/B30_003__LSE_FOUND_B26_ABIOTIC_Tomato_Catfacing_FruitDeformity_ParthasarathySeethapathy_CC-BY-SA-4.jpg","C:\Users\dstor\Downloads\assets\B30_003__LSE_FOUND_B26_ABIOTIC_Tomato_Catfacing_FruitDeformity_ParthasarathySeethapathy_CC-BY-SA-4.jpg","broken-found-elsewhere","1","repo","C:\Users\dstor\lse-repo\assets\B30_003__LSE_FOUND_B26_ABIOTIC_Tomato_Catfacing_FruitDeformity_ParthasarathySeethapathy_CC-BY-SA-4.jpg"
"C:\Users\dstor\Downloads\LSE_MERGED_158_HOLD3 (1).html","Downloads","LSE_MERGED_158_HOLD3 (1).html","3628","assets/user_created_web/UCI_025_Brix_Monitoring_Chart.jpg","C:\Users\dstor\Downloads\assets\user_created_web\UCI_025_Brix_Monitoring_Chart.jpg","broken-nomatch","0","",""
"C:\Users\dstor\Downloads\LSE_MERGED_158_HOLD3 (1).html","Downloads","LSE_MERGED_158_HOLD3 (1).html","4630","assets/user_created_web/UCI_028_Seasonal_Planting_Calendar.jpg","C:\Users\dstor\Downloads\assets\user_created_web\UCI_028_Seasonal_Planting_Calendar.jpg","broken-nomatch","0","",""
"C:\Users\dstor\Downloads\LSE_MERGED_158_HOLD3 (1).html","Downloads","LSE_MERGED_158_HOLD3 (1).html","4933","assets/user_created_web/UCI_010_Biochar_Charging_Process.jpg","C:\Users\dstor\Downloads\assets\user_created_web\UCI_010_Biochar_Charging_Process.jpg","broken-found-elsewhere","1","repo","C:\Users\dstor\lse-repo\assets\user_created_web\UCI_010_Biochar_Charging_Process.jpg"
"C:\Users\dstor\Downloads\LSE_MERGED_158_HOLD3 (1).html","Downloads","LSE_MERGED_158_HOLD3 (1).html","5097","assets/user_created_web/UCI_017_North_Texas_Crop_Calendar.jpg","C:\Users\dstor\Downloads\assets\user_created_web\UCI_017_North_Texas_Crop_Calendar.jpg","broken-nomatch","0","",""
"C:\Users\dstor\Downloads\LSE_MERGED_158_HOLD3 (1).html","Downloads","LSE_MERGED_158_HOLD3 (1).html","5407","assets/user_created_web/UCI_030_Conversion_and_Dilution_Reference_Chart.jpg","C:\Users\dstor\Downloads\assets\user_created_web\UCI_030_Conversion_and_Dilution_Reference_Chart.jpg","broken-nomatch","0","",""
"C:\Users\dstor\Downloads\LSE_MERGED_158_HOLD3 (1).html","Downloads","LSE_MERGED_158_HOLD3 (1).html","10450","assets/user_created_web/UCI_026_Electroculture_Experimental_Protocol_Layout.jpg","C:\Users\dstor\Downloads\assets\user_created_web\UCI_026_Electroculture_Experimental_Protocol_Layout.jpg","broken-nomatch","0","",""
"C:\Users\dstor\Downloads\LSE_MERGED_158_HOLD3 (1).html","Downloads","LSE_MERGED_158_HOLD3 (1).html","10500","assets/user_created_web/UCI_027_Plant_Electrophysiology_Electrical_Signaling_Pathways.jpg","C:\Users\dstor\Downloads\assets\user_created_web\UCI_027_Plant_Electrophysiology_Electrical_Signaling_Pathways.jpg","broken-found-elsewhere","1","repo","C:\Users\dstor\lse-repo\assets\user_created_web\UCI_027_Plant_Electrophysiology_Electrical_Signaling_Pathways.jpg"
"C:\Users\dstor\Downloads\LSE_MERGED_158_HOLD3 (1).html","Downloads","LSE_MERGED_158_HOLD3 (1).html","18549","assets/user_created_web/UCI_021_Refractometer_Use_Protocol.jpg","C:\Users\dstor\Downloads\assets\user_created_web\UCI_021_Refractometer_Use_Protocol.jpg","broken-nomatch","0","",""
"C:\Users\dstor\Downloads\LSE_MERGED_158_HOLD3.html","Downloads","LSE_MERGED_158_HOLD3.html","26","assets/user_created_web/UCI_012_Raised_Bed_Cross_Section_Layers_and_Fill_Strategy.jpg","C:\Users\dstor\Downloads\assets\user_created_web\UCI_012_Raised_Bed_Cross_Section_Layers_and_Fill_Strategy.jpg","broken-found-elsewhere","1","repo","C:\Users\dstor\lse-repo\assets\user_created_web\UCI_012_Raised_Bed_Cross_Section_Layers_and_Fill_Strategy.jpg"
"C:\Users\dstor\Downloads\LSE_MERGED_158_HOLD3.html","Downloads","LSE_MERGED_158_HOLD3.html","27","assets/user_created_web/UCI_014_No_Till_Top_Dressing_Cycle.jpg","C:\Users\dstor\Downloads\assets\user_created_web\UCI_014_No_Till_Top_Dressing_Cycle.jpg","broken-found-elsewhere","1","repo","C:\Users\dstor\lse-repo\assets\user_created_web\UCI_014_No_Till_Top_Dressing_Cycle.jpg"
"C:\Users\dstor\Downloads\LSE_MERGED_158_HOLD3.html","Downloads","LSE_MERGED_158_HOLD3.html","28","assets/user_created_web/UCI_023_Soil_Test_Results_How_to_Read_Them.jpg","C:\Users\dstor\Downloads\assets\user_created_web\UCI_023_Soil_Test_Results_How_to_Read_Them.jpg","broken-found-elsewhere","1","repo","C:\Users\dstor\lse-repo\assets\user_created_web\UCI_023_Soil_Test_Results_How_to_Read_Them.jpg"
"C:\Users\dstor\Downloads\LSE_MERGED_158_HOLD3.html","Downloads","LSE_MERGED_158_HOLD3.html","29","assets/user_created_web/UCI_029_Troubleshooting_Decision_Tree_Yellowing_Leaves.jpg","C:\Users\dstor\Downloads\assets\user_created_web\UCI_029_Troubleshooting_Decision_Tree_Yellowing_Leaves.jpg","broken-nomatch","0","",""
"C:\Users\dstor\Downloads\LSE_MERGED_158_HOLD3.html","Downloads","LSE_MERGED_158_HOLD3.html","30","assets/user_created_web/UCI_031_Home_Brew_Feed_Quick_Reference_Card.jpg","C:\Users\dstor\Downloads\assets\user_created_web\UCI_031_Home_Brew_Feed_Quick_Reference_Card.jpg","broken-nomatch","0","",""
"C:\Users\dstor\Downloads\LSE_MERGED_158_HOLD3.html","Downloads","LSE_MERGED_158_HOLD3.html","507","assets/user_created_web/UCI_001_Soil_Food_Web_Complete_Trophic_Map.jpg","C:\Users\dstor\Downloads\assets\user_created_web\UCI_001_Soil_Food_Web_Complete_Trophic_Map.jpg","broken-nomatch","0","",""
"C:\Users\dstor\Downloads\LSE_MERGED_158_HOLD3.html","Downloads","LSE_MERGED_158_HOLD3.html","599","assets/user_created_web/UCI_003_The_Nutrient_Mineralization_Loop.jpg","C:\Users\dstor\Downloads\assets\user_created_web\UCI_003_The_Nutrient_Mineralization_Loop.jpg","broken-found-elsewhere","1","repo","C:\Users\dstor\lse-repo\assets\user_created_web\UCI_003_The_Nutrient_Mineralization_Loop.jpg"
"C:\Users\dstor\Downloads\LSE_MERGED_158_HOLD3.html","Downloads","LSE_MERGED_158_HOLD3.html","643","assets/user_created_web/UCI_005_ISR_and_SAR_The_Plant_Immune_System.jpg","C:\Users\dstor\Downloads\assets\user_created_web\UCI_005_ISR_and_SAR_The_Plant_Immune_System.jpg","broken-found-elsewhere","1","repo","C:\Users\dstor\lse-repo\assets\user_created_web\UCI_005_ISR_and_SAR_The_Plant_Immune_System.jpg"
"C:\Users\dstor\Downloads\LSE_MERGED_158_HOLD3.html","Downloads","LSE_MERGED_158_HOLD3.html","682","assets/user_created_web/UCI_002_Bacterial_vs_Fungal_Soil_Dominance.jpg","C:\Users\dstor\Downloads\assets\user_created_web\UCI_002_Bacterial_vs_Fungal_Soil_Dominance.jpg","broken-found-elsewhere","1","repo","C:\Users\dstor\lse-repo\assets\user_created_web\UCI_002_Bacterial_vs_Fungal_Soil_Dominance.jpg"
"C:\Users\dstor\Downloads\LSE_MERGED_158_HOLD3.html","Downloads","LSE_MERGED_158_HOLD3.html","707","assets/user_created_web/UCI_009_Fungal_Bacterial_Input_Guide.jpg","C:\Users\dstor\Downloads\assets\user_created_web\UCI_009_Fungal_Bacterial_Input_Guide.jpg","broken-nomatch","0","",""
"C:\Users\dstor\Downloads\LSE_MERGED_158_HOLD3.html","Downloads","LSE_MERGED_158_HOLD3.html","722","assets/user_created_web/UCI_007_Composite_Method_Reference.jpg","C:\Users\dstor\Downloads\assets\user_created_web\UCI_007_Composite_Method_Reference.jpg","broken-nomatch","0","",""
"C:\Users\dstor\Downloads\LSE_MERGED_158_HOLD3.html","Downloads","LSE_MERGED_158_HOLD3.html","734","assets/user_created_web/UCI_006_Permaculture_Zone_Map.jpg","C:\Users\dstor\Downloads\assets\user_created_web\UCI_006_Permaculture_Zone_Map.jpg","broken-nomatch","0","",""
"C:\Users\dstor\Downloads\LSE_MERGED_158_HOLD3.html","Downloads","LSE_MERGED_158_HOLD3.html","976","assets/user_created_web/UCI_008_Soil_Input_Categories_Overview.jpg","C:\Users\dstor\Downloads\assets\user_created_web\UCI_008_Soil_Input_Categories_Overview.jpg","broken-found-elsewhere","1","repo","C:\Users\dstor\lse-repo\assets\user_created_web\UCI_008_Soil_Input_Categories_Overview.jpg"
"C:\Users\dstor\Downloads\LSE_MERGED_158_HOLD3.html","Downloads","LSE_MERGED_158_HOLD3.html","981","assets/B30_007__LSE_FOUND_B26_COMPOST_Compost_MaturityContamination_TemperatureInspection_StephenAusmus_USDA-PD.jpg","C:\Users\dstor\Downloads\assets\B30_007__LSE_FOUND_B26_COMPOST_Compost_MaturityContamination_TemperatureInspection_StephenAusmus_USDA-PD.jpg","broken-found-elsewhere","1","repo","C:\Users\dstor\lse-repo\assets\B30_007__LSE_FOUND_B26_COMPOST_Compost_MaturityContamination_TemperatureInspection_StephenAusmus_USDA-PD.jpg"
"C:\Users\dstor\Downloads\LSE_MERGED_158_HOLD3.html","Downloads","LSE_MERGED_158_HOLD3.html","1127","assets/user_created_web/UCI_004_Soil_Nutrient_Availability.jpg","C:\Users\dstor\Downloads\assets\user_created_web\UCI_004_Soil_Nutrient_Availability.jpg","broken-found-elsewhere","1","repo","C:\Users\dstor\lse-repo\assets\user_created_web\UCI_004_Soil_Nutrient_Availability.jpg"
"C:\Users\dstor\Downloads\LSE_MERGED_158_HOLD3.html","Downloads","LSE_MERGED_158_HOLD3.html","2942","assets/B30_068__LSE_FOUND_B29_PRACTICAL_ContainerVegetables_ReservoirSpace_WateringDepth_KathleenMoore_CC-BY-2.0.jpg","C:\Users\dstor\Downloads\assets\B30_068__LSE_FOUND_B29_PRACTICAL_ContainerVegetables_ReservoirSpace_WateringDepth_KathleenMoore_CC-BY-2.0.jpg","broken-found-elsewhere","1","repo","C:\Users\dstor\lse-repo\assets\B30_068__LSE_FOUND_B29_PRACTICAL_ContainerVegetables_ReservoirSpace_WateringDepth_KathleenMoore_CC-BY-2.0.jpg"
"C:\Users\dstor\Downloads\LSE_MERGED_158_HOLD3.html","Downloads","LSE_MERGED_158_HOLD3.html","2943","assets/B30_067__LSE_FOUND_B29_ABIOTIC_ContainerHerbs_SaltBuildup_WhiteSaltCrust_DianeMays_CC-BY-2.0.jpg","C:\Users\dstor\Downloads\assets\B30_067__LSE_FOUND_B29_ABIOTIC_ContainerHerbs_SaltBuildup_WhiteSaltCrust_DianeMays_CC-BY-2.0.jpg","broken-found-elsewhere","1","repo","C:\Users\dstor\lse-repo\assets\B30_067__LSE_FOUND_B29_ABIOTIC_ContainerHerbs_SaltBuildup_WhiteSaltCrust_DianeMays_CC-BY-2.0.jpg"
"C:\Users\dstor\Downloads\LSE_MERGED_158_HOLD3.html","Downloads","LSE_MERGED_158_HOLD3.html","2944","assets/B30_069__LSE_FOUND_B29_PRACTICAL_SmallSpaceVegetables_OutdoorRailingContainers_LucyBradley_CC-BY-2.0.jpg","C:\Users\dstor\Downloads\assets\B30_069__LSE_FOUND_B29_PRACTICAL_SmallSpaceVegetables_OutdoorRailingContainers_LucyBradley_CC-BY-2.0.jpg","broken-found-elsewhere","1","repo","C:\Users\dstor\lse-repo\assets\B30_069__LSE_FOUND_B29_PRACTICAL_SmallSpaceVegetables_OutdoorRailingContainers_LucyBradley_CC-BY-2.0.jpg"
"C:\Users\dstor\Downloads\LSE_MERGED_158_HOLD3.html","Downloads","LSE_MERGED_158_HOLD3.html","2945","assets/B30_005__LSE_FOUND_B26_ROOTS_Container_Rootbound_CirclingRoots_B137_CC0.jpg","C:\Users\dstor\Downloads\assets\B30_005__LSE_FOUND_B26_ROOTS_Container_Rootbound_CirclingRoots_B137_CC0.jpg","broken-found-elsewhere","1","repo","C:\Users\dstor\lse-repo\assets\B30_005__LSE_FOUND_B26_ROOTS_Container_Rootbound_CirclingRoots_B137_CC0.jpg"
"C:\Users\dstor\Downloads\LSE_MERGED_158_HOLD3.html","Downloads","LSE_MERGED_158_HOLD3.html","3111","assets/user_created_web/UCI_015_Three_Sisters_Guild.jpg","C:\Users\dstor\Downloads\assets\user_created_web\UCI_015_Three_Sisters_Guild.jpg","broken-found-elsewhere","1","repo","C:\Users\dstor\lse-repo\assets\user_created_web\UCI_015_Three_Sisters_Guild.jpg"
"C:\Users\dstor\Downloads\LSE_MERGED_158_HOLD3.html","Downloads","LSE_MERGED_158_HOLD3.html","3112","assets/user_created_web/UCI_016_Polyculture_Guild_Design.jpg","C:\Users\dstor\Downloads\assets\user_created_web\UCI_016_Polyculture_Guild_Design.jpg","broken-found-elsewhere","1","repo","C:\Users\dstor\lse-repo\assets\user_created_web\UCI_016_Polyculture_Guild_Design.jpg"
"C:\Users\dstor\Downloads\LSE_MERGED_158_HOLD3.html","Downloads","LSE_MERGED_158_HOLD3.html","3292","assets/B30_009__LSE_FOUND_B26_WATER_DripIrrigation_WettingPattern_PeggyGreb_USDA-PD.jpg","C:\Users\dstor\Downloads\assets\B30_009__LSE_FOUND_B26_WATER_DripIrrigation_WettingPattern_PeggyGreb_USDA-PD.jpg","broken-found-elsewhere","1","repo","C:\Users\dstor\lse-repo\assets\B30_009__LSE_FOUND_B26_WATER_DripIrrigation_WettingPattern_PeggyGreb_USDA-PD.jpg"
"C:\Users\dstor\Downloads\LSE_MERGED_158_HOLD3.html","Downloads","LSE_MERGED_158_HOLD3.html","3293","assets/B30_080__LSE_FOUND_B29_HOLD_ROOTS_Basil_RhizoctoniaRootRot_DarkRoots_MSU_PERMISSION.jpg","C:\Users\dstor\Downloads\assets\B30_080__LSE_FOUND_B29_HOLD_ROOTS_Basil_RhizoctoniaRootRot_DarkRoots_MSU_PERMISSION.jpg","broken-found-elsewhere","1","repo","C:\Users\dstor\lse-repo\assets\B30_080__LSE_FOUND_B29_HOLD_ROOTS_Basil_RhizoctoniaRootRot_DarkRoots_MSU_PERMISSION.jpg"
"C:\Users\dstor\Downloads\LSE_MERGED_158_HOLD3.html","Downloads","LSE_MERGED_158_HOLD3.html","3294","assets/B30_081__LSE_FOUND_B29_HOLD_ROOTS_Strawberry_BlackRootRot_HealthyVsDiseased_NCSU_PERMISSION.jpg","C:\Users\dstor\Downloads\assets\B30_081__LSE_FOUND_B29_HOLD_ROOTS_Strawberry_BlackRootRot_HealthyVsDiseased_NCSU_PERMISSION.jpg","broken-found-elsewhere","1","repo","C:\Users\dstor\lse-repo\assets\B30_081__LSE_FOUND_B29_HOLD_ROOTS_Strawberry_BlackRootRot_HealthyVsDiseased_NCSU_PERMISSION.jpg"
"C:\Users\dstor\Downloads\LSE_MERGED_158_HOLD3.html","Downloads","LSE_MERGED_158_HOLD3.html","3296","assets/user_created_web/UCI_018_Comparing_Irrigation_Systems_for_Home_Gardens.jpg","C:\Users\dstor\Downloads\assets\user_created_web\UCI_018_Comparing_Irrigation_Systems_for_Home_Gardens.jpg","broken-found-elsewhere","1","repo","C:\Users\dstor\lse-repo\assets\user_created_web\UCI_018_Comparing_Irrigation_Systems_for_Home_Gardens.jpg"
"C:\Users\dstor\Downloads\LSE_MERGED_158_HOLD3.html","Downloads","LSE_MERGED_158_HOLD3.html","3374","assets/B30_074__LSE_FOUND_B29_PRACTICAL_HighTunnel_Vegetables_RollUpVentilation_KathleenMoore_CC-BY-2.0.jpg","C:\Users\dstor\Downloads\assets\B30_074__LSE_FOUND_B29_PRACTICAL_HighTunnel_Vegetables_RollUpVentilation_KathleenMoore_CC-BY-2.0.jpg","broken-found-elsewhere","1","repo","C:\Users\dstor\lse-repo\assets\B30_074__LSE_FOUND_B29_PRACTICAL_HighTunnel_Vegetables_RollUpVentilation_KathleenMoore_CC-BY-2.0.jpg"
"C:\Users\dstor\Downloads\LSE_MERGED_158_HOLD3.html","Downloads","LSE_MERGED_158_HOLD3.html","3375","assets/B30_075__LSE_FOUND_B29_PRACTICAL_HerbsLettuce_ColdFrame_OpenLid_ChrisAlberti_CC-BY-2.0.jpg","C:\Users\dstor\Downloads\assets\B30_075__LSE_FOUND_B29_PRACTICAL_HerbsLettuce_ColdFrame_OpenLid_ChrisAlberti_CC-BY-2.0.jpg","broken-found-elsewhere","1","repo","C:\Users\dstor\lse-repo\assets\B30_075__LSE_FOUND_B29_PRACTICAL_HerbsLettuce_ColdFrame_OpenLid_ChrisAlberti_CC-BY-2.0.jpg"
"C:\Users\dstor\Downloads\LSE_MERGED_158_HOLD3.html","Downloads","LSE_MERGED_158_HOLD3.html","3453","assets/user_created_web/UCI_020_Common_Dallas_Pest_Identification_Guide.jpg","C:\Users\dstor\Downloads\assets\user_created_web\UCI_020_Common_Dallas_Pest_Identification_Guide.jpg","broken-nomatch","0","",""
"C:\Users\dstor\Downloads\LSE_MERGED_158_HOLD3.html","Downloads","LSE_MERGED_158_HOLD3.html","3454","assets/B30_052__LSE_FOUND_B28_PEST_Brassica_CabbageFlyLarva_StalkDamage_PakChoi_SchlagheckenJosef_CC-BY-SA-4.0.jpg","C:\Users\dstor\Downloads\assets\B30_052__LSE_FOUND_B28_PEST_Brassica_CabbageFlyLarva_StalkDamage_PakChoi_SchlagheckenJosef_CC-BY-SA-4.0.jpg","broken-found-elsewhere","1","repo","C:\Users\dstor\lse-repo\assets\B30_052__LSE_FOUND_B28_PEST_Brassica_CabbageFlyLarva_StalkDamage_PakChoi_SchlagheckenJosef_CC-BY-SA-4.0.jpg"
"C:\Users\dstor\Downloads\LSE_MERGED_158_HOLD3.html","Downloads","LSE_MERGED_158_HOLD3.html","3455","assets/B30_053__LSE_FOUND_B28_PEST_Brassica_DeliaRadicum_MaggotPupaLifeStages_Rasbak_CC-BY-SA-GFDL.jpg","C:\Users\dstor\Downloads\assets\B30_053__LSE_FOUND_B28_PEST_Brassica_DeliaRadicum_MaggotPupaLifeStages_Rasbak_CC-BY-SA-GFDL.jpg","broken-found-elsewhere","1","repo","C:\Users\dstor\lse-repo\assets\B30_053__LSE_FOUND_B28_PEST_Brassica_DeliaRadicum_MaggotPupaLifeStages_Rasbak_CC-BY-SA-GFDL.jpg"
"C:\Users\dstor\Downloads\LSE_MERGED_158_HOLD3.html","Downloads","LSE_MERGED_158_HOLD3.html","3456","assets/B30_027__LSE_FOUND_B27_PEST_Cowpea_CowpeaCurculio_PodCrossSectionLarvaAdult_UGA_VERIFY.jpg","C:\Users\dstor\Downloads\assets\B30_027__LSE_FOUND_B27_PEST_Cowpea_CowpeaCurculio_PodCrossSectionLarvaAdult_UGA_VERIFY.jpg","broken-found-elsewhere","1","repo","C:\Users\dstor\lse-repo\assets\B30_027__LSE_FOUND_B27_PEST_Cowpea_CowpeaCurculio_PodCrossSectionLarvaAdult_UGA_VERIFY.jpg"
"C:\Users\dstor\Downloads\LSE_MERGED_158_HOLD3.html","Downloads","LSE_MERGED_158_HOLD3.html","3457","assets/B30_028__LSE_FOUND_B27_PEST_Cowpea_CowpeaCurculio_LarvaInsidePodRisk_UGA_VERIFY.jpg","C:\Users\dstor\Downloads\assets\B30_028__LSE_FOUND_B27_PEST_Cowpea_CowpeaCurculio_LarvaInsidePodRisk_UGA_VERIFY.jpg","broken-found-elsewhere","1","repo","C:\Users\dstor\lse-repo\assets\B30_028__LSE_FOUND_B27_PEST_Cowpea_CowpeaCurculio_LarvaInsidePodRisk_UGA_VERIFY.jpg"
"C:\Users\dstor\Downloads\LSE_MERGED_158_HOLD3.html","Downloads","LSE_MERGED_158_HOLD3.html","3458","assets/B30_079__LSE_FOUND_B29_HOLD_PEST_Okra_StinkBugDamage_TwistedPods_Clemson_PERMISSION.jpg","C:\Users\dstor\Downloads\assets\B30_079__LSE_FOUND_B29_HOLD_PEST_Okra_StinkBugDamage_TwistedPods_Clemson_PERMISSION.jpg","broken-found-elsewhere","1","repo","C:\Users\dstor\lse-repo\assets\B30_079__LSE_FOUND_B29_HOLD_PEST_Okra_StinkBugDamage_TwistedPods_Clemson_PERMISSION.jpg"
"C:\Users\dstor\Downloads\LSE_MERGED_158_HOLD3.html","Downloads","LSE_MERGED_158_HOLD3.html","3464","assets/B30_029__LSE_FOUND_B27_PEST_Cowpea_CowpeaCurculio_AdultScouting_UGA_VERIFY.jpg","C:\Users\dstor\Downloads\assets\B30_029__LSE_FOUND_B27_PEST_Cowpea_CowpeaCurculio_AdultScouting_UGA_VERIFY.jpg","broken-found-elsewhere","1","repo","C:\Users\dstor\lse-repo\assets\B30_029__LSE_FOUND_B27_PEST_Cowpea_CowpeaCurculio_AdultScouting_UGA_VERIFY.jpg"
"C:\Users\dstor\Downloads\LSE_MERGED_158_HOLD3.html","Downloads","LSE_MERGED_158_HOLD3.html","3465","assets/B30_030__LSE_FOUND_B27_PEST_Eggplant_FleaBeetle_ShotHolePittedLeaf_DavidCappaert-Bugwood_VERIFY.jpg","C:\Users\dstor\Downloads\assets\B30_030__LSE_FOUND_B27_PEST_Eggplant_FleaBeetle_ShotHolePittedLeaf_DavidCappaert-Bugwood_VERIFY.jpg","broken-found-elsewhere","1","repo","C:\Users\dstor\lse-repo\assets\B30_030__LSE_FOUND_B27_PEST_Eggplant_FleaBeetle_ShotHolePittedLeaf_DavidCappaert-Bugwood_VERIFY.jpg"
"C:\Users\dstor\Downloads\LSE_MERGED_158_HOLD3.html","Downloads","LSE_MERGED_158_HOLD3.html","3467","assets/B30_073__LSE_FOUND_B29_PRACTICAL_RowCover_LowTunnel_FabricOverHoops_KathleenMoore_CC-BY-2.0.jpg","C:\Users\dstor\Downloads\assets\B30_073__LSE_FOUND_B29_PRACTICAL_RowCover_LowTunnel_FabricOverHoops_KathleenMoore_CC-BY-2.0.jpg","broken-found-elsewhere","1","repo","C:\Users\dstor\lse-repo\assets\B30_073__LSE_FOUND_B29_PRACTICAL_RowCover_LowTunnel_FabricOverHoops_KathleenMoore_CC-BY-2.0.jpg"
"C:\Users\dstor\Downloads\LSE_MERGED_158_HOLD3.html","Downloads","LSE_MERGED_158_HOLD3.html","3468","assets/B30_033__LSE_FOUND_B27_EXCLUSION_VegetableBeds_FloatingRowCover_PhysicalBarrier_ScotNelson_CONDITIONAL.jpg","C:\Users\dstor\Downloads\assets\B30_033__LSE_FOUND_B27_EXCLUSION_VegetableBeds_FloatingRowCover_PhysicalBarrier_ScotNelson_CONDITIONAL.jpg","broken-found-elsewhere","1","repo","C:\Users\dstor\lse-repo\assets\B30_033__LSE_FOUND_B27_EXCLUSION_VegetableBeds_FloatingRowCover_PhysicalBarrier_ScotNelson_CONDITIONAL.jpg"
"C:\Users\dstor\Downloads\LSE_MERGED_158_HOLD3.html","Downloads","LSE_MERGED_158_HOLD3.html","3473","assets/B30_048__LSE_FOUND_B28_PEST_Brassica_CabbageFlyMaggot_RootDamage_Kohlrabi_SchlagheckenJosef_CC-BY-4.0.jpg","C:\Users\dstor\Downloads\assets\B30_048__LSE_FOUND_B28_PEST_Brassica_CabbageFlyMaggot_RootDamage_Kohlrabi_SchlagheckenJosef_CC-BY-4.0.jpg","broken-found-elsewhere","1","repo","C:\Users\dstor\lse-repo\assets\B30_048__LSE_FOUND_B28_PEST_Brassica_CabbageFlyMaggot_RootDamage_Kohlrabi_SchlagheckenJosef_CC-BY-4.0.jpg"
"C:\Users\dstor\Downloads\LSE_MERGED_158_HOLD3.html","Downloads","LSE_MERGED_158_HOLD3.html","3474","assets/B30_032__LSE_FOUND_B27_EXCLUSION_Seedlings_CutwormCollars_CardboardBarrier_KathleenMoore_CC-BY-2.0.jpg","C:\Users\dstor\Downloads\assets\B30_032__LSE_FOUND_B27_EXCLUSION_Seedlings_CutwormCollars_CardboardBarrier_KathleenMoore_CC-BY-2.0.jpg","broken-found-elsewhere","1","repo","C:\Users\dstor\lse-repo\assets\B30_032__LSE_FOUND_B27_EXCLUSION_Seedlings_CutwormCollars_CardboardBarrier_KathleenMoore_CC-BY-2.0.jpg"
"C:\Users\dstor\Downloads\LSE_MERGED_158_HOLD3.html","Downloads","LSE_MERGED_158_HOLD3.html","3475","assets/B30_031__LSE_FOUND_B27_PEST_Corn_BlackCutworm_SeveredSeedlingDamage_WM-Hantsbarger_CC-BY-3.0-US.jpg","C:\Users\dstor\Downloads\assets\B30_031__LSE_FOUND_B27_PEST_Corn_BlackCutworm_SeveredSeedlingDamage_WM-Hantsbarger_CC-BY-3.0-US.jpg","broken-found-elsewhere","1","repo","C:\Users\dstor\lse-repo\assets\B30_031__LSE_FOUND_B27_PEST_Corn_BlackCutworm_SeveredSeedlingDamage_WM-Hantsbarger_CC-BY-3.0-US.jpg"
"C:\Users\dstor\Downloads\LSE_MERGED_158_HOLD3.html","Downloads","LSE_MERGED_158_HOLD3.html","3476","assets/B30_034__LSE_FOUND_B27_EXCLUSION_Containers_SlugBarrier_CopperTape_KathleenMoore_CC-BY-2.0.jpg","C:\Users\dstor\Downloads\assets\B30_034__LSE_FOUND_B27_EXCLUSION_Containers_SlugBarrier_CopperTape_KathleenMoore_CC-BY-2.0.jpg","broken-found-elsewhere","1","repo","C:\Users\dstor\lse-repo\assets\B30_034__LSE_FOUND_B27_EXCLUSION_Containers_SlugBarrier_CopperTape_KathleenMoore_CC-BY-2.0.jpg"
"C:\Users\dstor\Downloads\LSE_MERGED_158_HOLD3.html","Downloads","LSE_MERGED_158_HOLD3.html","3480","assets/user_created_web/UCI_019_IPM_Decision_Pyramid.jpg","C:\Users\dstor\Downloads\assets\user_created_web\UCI_019_IPM_Decision_Pyramid.jpg","broken-nomatch","0","",""
"C:\Users\dstor\Downloads\LSE_MERGED_158_HOLD3.html","Downloads","LSE_MERGED_158_HOLD3.html","3571","assets/B30_038__LSE_FOUND_B27_ABIOTIC_Tomato_FertilizerBurn_YoungLeafScorch_UMD_VERIFY.jpg","C:\Users\dstor\Downloads\assets\B30_038__LSE_FOUND_B27_ABIOTIC_Tomato_FertilizerBurn_YoungLeafScorch_UMD_VERIFY.jpg","broken-found-elsewhere","1","repo","C:\Users\dstor\lse-repo\assets\B30_038__LSE_FOUND_B27_ABIOTIC_Tomato_FertilizerBurn_YoungLeafScorch_UMD_VERIFY.jpg"
"C:\Users\dstor\Downloads\LSE_MERGED_158_HOLD3.html","Downloads","LSE_MERGED_158_HOLD3.html","3572","assets/B30_056__LSE_FOUND_B28_ABIOTIC_FertilizerBurn_LeafScorchPattern_CannabisCropMismatch_Fenrisulfir_CC-BY-SA-GFDL.jpg","C:\Users\dstor\Downloads\assets\B30_056__LSE_FOUND_B28_ABIOTIC_FertilizerBurn_LeafScorchPattern_CannabisCropMismatch_Fenrisulfir_CC-BY-SA-GFDL.jpg","broken-found-elsewhere","1","repo","C:\Users\dstor\lse-repo\assets\B30_056__LSE_FOUND_B28_ABIOTIC_FertilizerBurn_LeafScorchPattern_CannabisCropMismatch_Fenrisulfir_CC-BY-SA-GFDL.jpg"
"C:\Users\dstor\Downloads\LSE_MERGED_158_HOLD3.html","Downloads","LSE_MERGED_158_HOLD3.html","3574","assets/B30_037__LSE_FOUND_B27_ABIOTIC_VegetableTransplant_ColdFreezeDamage_WhiteLeaves_UMD_VERIFY.jpg","C:\Users\dstor\Downloads\assets\B30_037__LSE_FOUND_B27_ABIOTIC_VegetableTransplant_ColdFreezeDamage_WhiteLeaves_UMD_VERIFY.jpg","broken-found-elsewhere","1","repo","C:\Users\dstor\lse-repo\assets\B30_037__LSE_FOUND_B27_ABIOTIC_VegetableTransplant_ColdFreezeDamage_WhiteLeaves_UMD_VERIFY.jpg"
"C:\Users\dstor\Downloads\LSE_MERGED_158_HOLD3.html","Downloads","LSE_MERGED_158_HOLD3.html","3575","assets/B30_071__LSE_FOUND_B29_ABIOTIC_Bean_HerbicideInjury_EpinastySwollenStems_VCE_PublicUse.jpg","C:\Users\dstor\Downloads\assets\B30_071__LSE_FOUND_B29_ABIOTIC_Bean_HerbicideInjury_EpinastySwollenStems_VCE_PublicUse.jpg","broken-found-elsewhere","1","repo","C:\Users\dstor\lse-repo\assets\B30_071__LSE_FOUND_B29_ABIOTIC_Bean_HerbicideInjury_EpinastySwollenStems_VCE_PublicUse.jpg"
"C:\Users\dstor\Downloads\LSE_MERGED_158_HOLD3.html","Downloads","LSE_MERGED_158_HOLD3.html","3576","assets/B30_072__LSE_FOUND_B29_ABIOTIC_Squash_HerbicideResidue_FieldEpinastyTwisting_VCE_PublicUse.jpg","C:\Users\dstor\Downloads\assets\B30_072__LSE_FOUND_B29_ABIOTIC_Squash_HerbicideResidue_FieldEpinastyTwisting_VCE_PublicUse.jpg","broken-found-elsewhere","1","repo","C:\Users\dstor\lse-repo\assets\B30_072__LSE_FOUND_B29_ABIOTIC_Squash_HerbicideResidue_FieldEpinastyTwisting_VCE_PublicUse.jpg"
"C:\Users\dstor\Downloads\LSE_MERGED_158_HOLD3.html","Downloads","LSE_MERGED_158_HOLD3.html","3577","assets/B30_045__LSE_FOUND_B28_ABIOTIC_Tomato_HailDamage_FruitBruisesHoles_DwightSipler_CC-BY-2.0.jpg","C:\Users\dstor\Downloads\assets\B30_045__LSE_FOUND_B28_ABIOTIC_Tomato_HailDamage_FruitBruisesHoles_DwightSipler_CC-BY-2.0.jpg","broken-found-elsewhere","1","repo","C:\Users\dstor\lse-repo\assets\B30_045__LSE_FOUND_B28_ABIOTIC_Tomato_HailDamage_FruitBruisesHoles_DwightSipler_CC-BY-2.0.jpg"
"C:\Users\dstor\Downloads\LSE_MERGED_158_HOLD3.html","Downloads","LSE_MERGED_158_HOLD3.html","3578","assets/B30_004__LSE_FOUND_B26_ABIOTIC_Tomato_HailDamage_BruisedBrokenStems_DwightSipler_CC-BY-2.jpg","C:\Users\dstor\Downloads\assets\B30_004__LSE_FOUND_B26_ABIOTIC_Tomato_HailDamage_BruisedBrokenStems_DwightSipler_CC-BY-2.jpg","broken-found-elsewhere","1","repo","C:\Users\dstor\lse-repo\assets\B30_004__LSE_FOUND_B26_ABIOTIC_Tomato_HailDamage_BruisedBrokenStems_DwightSipler_CC-BY-2.jpg"
"C:\Users\dstor\Downloads\LSE_MERGED_158_HOLD3.html","Downloads","LSE_MERGED_158_HOLD3.html","3579","assets/B30_078__LSE_FOUND_B29_HOLD_ABIOTIC_Bean_PesticideBurn_ScorchedLeaves_UMD_VERIFY.png","C:\Users\dstor\Downloads\assets\B30_078__LSE_FOUND_B29_HOLD_ABIOTIC_Bean_PesticideBurn_ScorchedLeaves_UMD_VERIFY.png","broken-nomatch","0","",""
"C:\Users\dstor\Downloads\LSE_MERGED_158_HOLD3.html","Downloads","LSE_MERGED_158_HOLD3.html","3581","assets/B30_036__LSE_FOUND_B27_ABIOTIC_Bean_PesticideBurn_LeafScorch_UMD_VERIFY.png","C:\Users\dstor\Downloads\assets\B30_036__LSE_FOUND_B27_ABIOTIC_Bean_PesticideBurn_LeafScorch_UMD_VERIFY.png","broken-nomatch","0","",""
"C:\Users\dstor\Downloads\LSE_MERGED_158_HOLD3.html","Downloads","LSE_MERGED_158_HOLD3.html","3582","assets/B30_077__LSE_FOUND_B29_HOLD_ABIOTIC_Squash_PesticideBurn_Phytotoxicity_UMD_VERIFY.jpg","C:\Users\dstor\Downloads\assets\B30_077__LSE_FOUND_B29_HOLD_ABIOTIC_Squash_PesticideBurn_Phytotoxicity_UMD_VERIFY.jpg","broken-found-elsewhere","1","repo","C:\Users\dstor\lse-repo\assets\B30_077__LSE_FOUND_B29_HOLD_ABIOTIC_Squash_PesticideBurn_Phytotoxicity_UMD_VERIFY.jpg"
"C:\Users\dstor\Downloads\LSE_MERGED_158_HOLD3.html","Downloads","LSE_MERGED_158_HOLD3.html","3583","assets/B30_035__LSE_FOUND_B27_ABIOTIC_Squash_PesticideBurn_SoapPyrethrinLeafScorch_UMD_VERIFY.jpg","C:\Users\dstor\Downloads\assets\B30_035__LSE_FOUND_B27_ABIOTIC_Squash_PesticideBurn_SoapPyrethrinLeafScorch_UMD_VERIFY.jpg","broken-found-elsewhere","1","repo","C:\Users\dstor\lse-repo\assets\B30_035__LSE_FOUND_B27_ABIOTIC_Squash_PesticideBurn_SoapPyrethrinLeafScorch_UMD_VERIFY.jpg"
"C:\Users\dstor\Downloads\LSE_MERGED_158_HOLD3.html","Downloads","LSE_MERGED_158_HOLD3.html","3584","assets/B30_001__LSE_FOUND_B26_ABIOTIC_Pepper_Sunscald_ExposedFruit_DonFerrin_Bugwood_CC-BY-3.jpg","C:\Users\dstor\Downloads\assets\B30_001__LSE_FOUND_B26_ABIOTIC_Pepper_Sunscald_ExposedFruit_DonFerrin_Bugwood_CC-BY-3.jpg","broken-found-elsewhere","1","repo","C:\Users\dstor\lse-repo\assets\B30_001__LSE_FOUND_B26_ABIOTIC_Pepper_Sunscald_ExposedFruit_DonFerrin_Bugwood_CC-BY-3.jpg"
"C:\Users\dstor\Downloads\LSE_MERGED_158_HOLD3.html","Downloads","LSE_MERGED_158_HOLD3.html","3585","assets/B30_002__LSE_FOUND_B26_ABIOTIC_Tomato_FruitCracking_IrregularIrrigationCue_Fructibus_CC0.jpg","C:\Users\dstor\Downloads\assets\B30_002__LSE_FOUND_B26_ABIOTIC_Tomato_FruitCracking_IrregularIrrigationCue_Fructibus_CC0.jpg","broken-found-elsewhere","1","repo","C:\Users\dstor\lse-repo\assets\B30_002__LSE_FOUND_B26_ABIOTIC_Tomato_FruitCracking_IrregularIrrigationCue_Fructibus_CC0.jpg"
"C:\Users\dstor\Downloads\LSE_MERGED_158_HOLD3.html","Downloads","LSE_MERGED_158_HOLD3.html","3587","assets/B30_050__LSE_FOUND_B28_ABIOTIC_Tomato_FrostDamage_LeafFruitBurn_AmroBinKulthoum_CC-BY-SA-3.0.jpg","C:\Users\dstor\Downloads\assets\B30_050__LSE_FOUND_B28_ABIOTIC_Tomato_FrostDamage_LeafFruitBurn_AmroBinKulthoum_CC-BY-SA-3.0.jpg","broken-found-elsewhere","1","repo","C:\Users\dstor\lse-repo\assets\B30_050__LSE_FOUND_B28_ABIOTIC_Tomato_FrostDamage_LeafFruitBurn_AmroBinKulthoum_CC-BY-SA-3.0.jpg"
"C:\Users\dstor\Downloads\LSE_MERGED_158_HOLD3.html","Downloads","LSE_MERGED_158_HOLD3.html","3588","assets/B30_003__LSE_FOUND_B26_ABIOTIC_Tomato_Catfacing_FruitDeformity_ParthasarathySeethapathy_CC-BY-SA-4.jpg","C:\Users\dstor\Downloads\assets\B30_003__LSE_FOUND_B26_ABIOTIC_Tomato_Catfacing_FruitDeformity_ParthasarathySeethapathy_CC-BY-SA-4.jpg","broken-found-elsewhere","1","repo","C:\Users\dstor\lse-repo\assets\B30_003__LSE_FOUND_B26_ABIOTIC_Tomato_Catfacing_FruitDeformity_ParthasarathySeethapathy_CC-BY-SA-4.jpg"
"C:\Users\dstor\Downloads\LSE_MERGED_158_HOLD3.html","Downloads","LSE_MERGED_158_HOLD3.html","3628","assets/user_created_web/UCI_025_Brix_Monitoring_Chart.jpg","C:\Users\dstor\Downloads\assets\user_created_web\UCI_025_Brix_Monitoring_Chart.jpg","broken-nomatch","0","",""
"C:\Users\dstor\Downloads\LSE_MERGED_158_HOLD3.html","Downloads","LSE_MERGED_158_HOLD3.html","4630","assets/user_created_web/UCI_028_Seasonal_Planting_Calendar.jpg","C:\Users\dstor\Downloads\assets\user_created_web\UCI_028_Seasonal_Planting_Calendar.jpg","broken-nomatch","0","",""
"C:\Users\dstor\Downloads\LSE_MERGED_158_HOLD3.html","Downloads","LSE_MERGED_158_HOLD3.html","4933","assets/user_created_web/UCI_010_Biochar_Charging_Process.jpg","C:\Users\dstor\Downloads\assets\user_created_web\UCI_010_Biochar_Charging_Process.jpg","broken-found-elsewhere","1","repo","C:\Users\dstor\lse-repo\assets\user_created_web\UCI_010_Biochar_Charging_Process.jpg"
"C:\Users\dstor\Downloads\LSE_MERGED_158_HOLD3.html","Downloads","LSE_MERGED_158_HOLD3.html","5097","assets/user_created_web/UCI_017_North_Texas_Crop_Calendar.jpg","C:\Users\dstor\Downloads\assets\user_created_web\UCI_017_North_Texas_Crop_Calendar.jpg","broken-nomatch","0","",""
"C:\Users\dstor\Downloads\LSE_MERGED_158_HOLD3.html","Downloads","LSE_MERGED_158_HOLD3.html","5407","assets/user_created_web/UCI_030_Conversion_and_Dilution_Reference_Chart.jpg","C:\Users\dstor\Downloads\assets\user_created_web\UCI_030_Conversion_and_Dilution_Reference_Chart.jpg","broken-nomatch","0","",""
"C:\Users\dstor\Downloads\LSE_MERGED_158_HOLD3.html","Downloads","LSE_MERGED_158_HOLD3.html","10450","assets/user_created_web/UCI_026_Electroculture_Experimental_Protocol_Layout.jpg","C:\Users\dstor\Downloads\assets\user_created_web\UCI_026_Electroculture_Experimental_Protocol_Layout.jpg","broken-nomatch","0","",""
"C:\Users\dstor\Downloads\LSE_MERGED_158_HOLD3.html","Downloads","LSE_MERGED_158_HOLD3.html","10500","assets/user_created_web/UCI_027_Plant_Electrophysiology_Electrical_Signaling_Pathways.jpg","C:\Users\dstor\Downloads\assets\user_created_web\UCI_027_Plant_Electrophysiology_Electrical_Signaling_Pathways.jpg","broken-found-elsewhere","1","repo","C:\Users\dstor\lse-repo\assets\user_created_web\UCI_027_Plant_Electrophysiology_Electrical_Signaling_Pathways.jpg"
"C:\Users\dstor\Downloads\LSE_MERGED_158_HOLD3.html","Downloads","LSE_MERGED_158_HOLD3.html","18549","assets/user_created_web/UCI_021_Refractometer_Use_Protocol.jpg","C:\Users\dstor\Downloads\assets\user_created_web\UCI_021_Refractometer_Use_Protocol.jpg","broken-nomatch","0","",""
"C:\Users\dstor\Downloads\LSE_VOLUME_1_FOUNDATIONS_SYSTEMS_EDITED.html","Downloads","LSE_VOLUME_1_FOUNDATIONS_SYSTEMS_EDITED.html","92","assets/lse_figures/LSE_A02_Soil_Food_Web_Functional_Map_Ch02.png","C:\Users\dstor\Downloads\assets\lse_figures\LSE_A02_Soil_Food_Web_Functional_Map_Ch02.png","broken-found-elsewhere","1","repo","C:\Users\dstor\lse-repo\assets\lse_figures\LSE_A02_Soil_Food_Web_Functional_Map_Ch02.png"
"C:\Users\dstor\Downloads\LSE_VOLUME_1_FOUNDATIONS_SYSTEMS_EDITED.html","Downloads","LSE_VOLUME_1_FOUNDATIONS_SYSTEMS_EDITED.html","172","assets/lse_figures/LSE_B02_Predator_Driven_Nitrogen_Mineralization_Loop_Ch05.png","C:\Users\dstor\Downloads\assets\lse_figures\LSE_B02_Predator_Driven_Nitrogen_Mineralization_Loop_Ch05.png","broken-nomatch","0","",""
"C:\Users\dstor\Downloads\LSE_VOLUME_1_FOUNDATIONS_SYSTEMS_EDITED.html","Downloads","LSE_VOLUME_1_FOUNDATIONS_SYSTEMS_EDITED.html","173","assets/user_created_web/UCI_003_The_Nutrient_Mineralization_Loop.png","C:\Users\dstor\Downloads\assets\user_created_web\UCI_003_The_Nutrient_Mineralization_Loop.png","broken-nomatch","0","",""
"C:\Users\dstor\Downloads\LSE_VOLUME_1_FOUNDATIONS_SYSTEMS_EDITED.html","Downloads","LSE_VOLUME_1_FOUNDATIONS_SYSTEMS_EDITED.html","186","assets/lse_figures/LSE_B03_Nematode_Mouthpart_Comparison_Ch05_44.png","C:\Users\dstor\Downloads\assets\lse_figures\LSE_B03_Nematode_Mouthpart_Comparison_Ch05_44.png","broken-found-elsewhere","1","repo","C:\Users\dstor\lse-repo\assets\lse_figures\LSE_B03_Nematode_Mouthpart_Comparison_Ch05_44.png"
"C:\Users\dstor\Downloads\LSE_VOLUME_1_FOUNDATIONS_SYSTEMS_EDITED.html","Downloads","LSE_VOLUME_1_FOUNDATIONS_SYSTEMS_EDITED.html","196","assets/lse_figures/LSE_D04_Root_Knot_Nematode_Diagnosis_Workflow_Ch05_Ch29_Ch42_Ch44.png","C:\Users\dstor\Downloads\assets\lse_figures\LSE_D04_Root_Knot_Nematode_Diagnosis_Workflow_Ch05_Ch29_Ch42_Ch44.png","broken-found-elsewhere","1","repo","C:\Users\dstor\lse-repo\assets\lse_figures\LSE_D04_Root_Knot_Nematode_Diagnosis_Workflow_Ch05_Ch29_Ch42_Ch44.png"
"C:\Users\dstor\Downloads\LSE_VOLUME_1_FOUNDATIONS_SYSTEMS_EDITED.html","Downloads","LSE_VOLUME_1_FOUNDATIONS_SYSTEMS_EDITED.html","196","assets/lse_figures/LSE_D18_Root_Inspection_Nodules_Galls_Root_Disease_Ch05_Ch29_Ch44.png","C:\Users\dstor\Downloads\assets\lse_figures\LSE_D18_Root_Inspection_Nodules_Galls_Root_Disease_Ch05_Ch29_Ch44.png","broken-nomatch","0","",""
"C:\Users\dstor\Downloads\LSE_VOLUME_1_FOUNDATIONS_SYSTEMS_EDITED.html","Downloads","LSE_VOLUME_1_FOUNDATIONS_SYSTEMS_EDITED.html","205","assets/lse_figures/LSE_A04_Mycorrhizal_Exchange_Defense_Priming_Ch06.png","C:\Users\dstor\Downloads\assets\lse_figures\LSE_A04_Mycorrhizal_Exchange_Defense_Priming_Ch06.png","broken-nomatch","0","",""
"C:\Users\dstor\Downloads\LSE_VOLUME_1_FOUNDATIONS_SYSTEMS_EDITED.html","Downloads","LSE_VOLUME_1_FOUNDATIONS_SYSTEMS_EDITED.html","217","assets/user_created_web/UCI_005_ISR_and_SAR_The_Plant_Immune_System.png","C:\Users\dstor\Downloads\assets\user_created_web\UCI_005_ISR_and_SAR_The_Plant_Immune_System.png","broken-nomatch","0","",""
"C:\Users\dstor\Downloads\LSE_VOLUME_1_FOUNDATIONS_SYSTEMS_EDITED.html","Downloads","LSE_VOLUME_1_FOUNDATIONS_SYSTEMS_EDITED.html","221","assets/lse_figures/LSE_B05_Mycorrhizal_Inoculation_Failure_Modes_Ch06_17.png","C:\Users\dstor\Downloads\assets\lse_figures\LSE_B05_Mycorrhizal_Inoculation_Failure_Modes_Ch06_17.png","broken-nomatch","0","",""
"C:\Users\dstor\Downloads\LSE_VOLUME_1_FOUNDATIONS_SYSTEMS_EDITED.html","Downloads","LSE_VOLUME_1_FOUNDATIONS_SYSTEMS_EDITED.html","248","assets/user_created_web/UCI_002_Bacterial_vs_Fungal_Soil_Dominance.png","C:\Users\dstor\Downloads\assets\user_created_web\UCI_002_Bacterial_vs_Fungal_Soil_Dominance.png","broken-nomatch","0","",""
"C:\Users\dstor\Downloads\LSE_VOLUME_1_FOUNDATIONS_SYSTEMS_EDITED.html","Downloads","LSE_VOLUME_1_FOUNDATIONS_SYSTEMS_EDITED.html","250","assets/lse_figures/LSE_B06_Fungal_Bacterial_Succession_Strip_Ch07.png","C:\Users\dstor\Downloads\assets\lse_figures\LSE_B06_Fungal_Bacterial_Succession_Strip_Ch07.png","broken-nomatch","0","",""
"C:\Users\dstor\Downloads\LSE_VOLUME_1_FOUNDATIONS_SYSTEMS_EDITED.html","Downloads","LSE_VOLUME_1_FOUNDATIONS_SYSTEMS_EDITED.html","273","assets/user_created_web/UCI_009_Fungal_Bacterial_Input_Guide.png","C:\Users\dstor\Downloads\assets\user_created_web\UCI_009_Fungal_Bacterial_Input_Guide.png","broken-found-elsewhere","1","repo","C:\Users\dstor\lse-repo\assets\user_created_web\UCI_009_Fungal_Bacterial_Input_Guide.png"
"C:\Users\dstor\Downloads\LSE_VOLUME_1_FOUNDATIONS_SYSTEMS_EDITED.html","Downloads","LSE_VOLUME_1_FOUNDATIONS_SYSTEMS_EDITED.html","288","assets/user_created_web/UCI_007_Composite_Method_Reference.png","C:\Users\dstor\Downloads\assets\user_created_web\UCI_007_Composite_Method_Reference.png","broken-found-elsewhere","1","repo","C:\Users\dstor\lse-repo\assets\user_created_web\UCI_007_Composite_Method_Reference.png"
"C:\Users\dstor\Downloads\LSE_VOLUME_1_FOUNDATIONS_SYSTEMS_EDITED.html","Downloads","LSE_VOLUME_1_FOUNDATIONS_SYSTEMS_EDITED.html","290","assets/lse_figures/LSE_B07_Five_Soil_Health_Principles_Wheel_Ch08.png","C:\Users\dstor\Downloads\assets\lse_figures\LSE_B07_Five_Soil_Health_Principles_Wheel_Ch08.png","broken-nomatch","0","",""
"C:\Users\dstor\Downloads\LSE_VOLUME_1_FOUNDATIONS_SYSTEMS_EDITED.html","Downloads","LSE_VOLUME_1_FOUNDATIONS_SYSTEMS_EDITED.html","299","assets/lse_figures/LSE_A05_Regenerative_Permaculture_Garden_System_Ch08.png","C:\Users\dstor\Downloads\assets\lse_figures\LSE_A05_Regenerative_Permaculture_Garden_System_Ch08.png","broken-nomatch","0","",""
"C:\Users\dstor\Downloads\LSE_VOLUME_1_FOUNDATIONS_SYSTEMS_EDITED.html","Downloads","LSE_VOLUME_1_FOUNDATIONS_SYSTEMS_EDITED.html","300","assets/user_created_web/UCI_006_Permaculture_Zone_Map.png","C:\Users\dstor\Downloads\assets\user_created_web\UCI_006_Permaculture_Zone_Map.png","broken-found-elsewhere","1","repo","C:\Users\dstor\lse-repo\assets\user_created_web\UCI_006_Permaculture_Zone_Map.png"
"C:\Users\dstor\Downloads\LSE_VOLUME_1_FOUNDATIONS_SYSTEMS_EDITED.html","Downloads","LSE_VOLUME_1_FOUNDATIONS_SYSTEMS_EDITED.html","320","assets/lse_figures/LSE_B08_Thermal_Compost_Process_Ch09_Ch13.png","C:\Users\dstor\Downloads\assets\lse_figures\LSE_B08_Thermal_Compost_Process_Ch09_Ch13.png","broken-nomatch","0","",""
"C:\Users\dstor\Downloads\LSE_VOLUME_1_FOUNDATIONS_SYSTEMS_EDITED.html","Downloads","LSE_VOLUME_1_FOUNDATIONS_SYSTEMS_EDITED.html","327","assets/lse_figures/LSE_B09_Compost_Extract_vs_AACT_Ch09_19.png","C:\Users\dstor\Downloads\assets\lse_figures\LSE_B09_Compost_Extract_vs_AACT_Ch09_19.png","broken-nomatch","0","",""
"C:\Users\dstor\Downloads\LSE_VOLUME_1_FOUNDATIONS_SYSTEMS_EDITED.html","Downloads","LSE_VOLUME_1_FOUNDATIONS_SYSTEMS_EDITED.html","337","assets/lse_figures/LSE_A06_Compost_Microscope_Soil_Food_Web_Workflow_Ch09.png","C:\Users\dstor\Downloads\assets\lse_figures\LSE_A06_Compost_Microscope_Soil_Food_Web_Workflow_Ch09.png","broken-found-elsewhere","1","repo","C:\Users\dstor\lse-repo\assets\lse_figures\LSE_A06_Compost_Microscope_Soil_Food_Web_Workflow_Ch09.png"
"C:\Users\dstor\Downloads\LSE_VOLUME_1_FOUNDATIONS_SYSTEMS_EDITED.html","Downloads","LSE_VOLUME_1_FOUNDATIONS_SYSTEMS_EDITED.html","355","assets/lse_figures/LSE_B10_Coots_Mix_1_1_1_Triangle_Ch10_23.png","C:\Users\dstor\Downloads\assets\lse_figures\LSE_B10_Coots_Mix_1_1_1_Triangle_Ch10_23.png","broken-nomatch","0","",""
"C:\Users\dstor\Downloads\LSE_VOLUME_1_FOUNDATIONS_SYSTEMS_EDITED.html","Downloads","LSE_VOLUME_1_FOUNDATIONS_SYSTEMS_EDITED.html","391","assets/lse_figures/LSE_B11_Plant_Health_Pyramid_Evidence_Boundary_Ch11_Ch41.png","C:\Users\dstor\Downloads\assets\lse_figures\LSE_B11_Plant_Health_Pyramid_Evidence_Boundary_Ch11_Ch41.png","broken-nomatch","0","",""
"C:\Users\dstor\Downloads\LSE_VOLUME_1_FOUNDATIONS_SYSTEMS_EDITED.html","Downloads","LSE_VOLUME_1_FOUNDATIONS_SYSTEMS_EDITED.html","391","assets/lse_figures/LSE_A18_IPM_Pyramid_Scouting_Ch39.png","C:\Users\dstor\Downloads\assets\lse_figures\LSE_A18_IPM_Pyramid_Scouting_Ch39.png","broken-nomatch","0","",""
"C:\Users\dstor\Downloads\LSE_VOLUME_1_FOUNDATIONS_SYSTEMS_EDITED.html","Downloads","LSE_VOLUME_1_FOUNDATIONS_SYSTEMS_EDITED.html","402","assets/lse_figures/LSE_B16_Trace_Element_Deficiency_vs_Toxicity_Ch14.png","C:\Users\dstor\Downloads\assets\lse_figures\LSE_B16_Trace_Element_Deficiency_vs_Toxicity_Ch14.png","broken-nomatch","0","",""
"C:\Users\dstor\Downloads\LSE_VOLUME_1_FOUNDATIONS_SYSTEMS_EDITED.html","Downloads","LSE_VOLUME_1_FOUNDATIONS_SYSTEMS_EDITED.html","421","assets/lse_figures/LSE_B12_KNF_IMO_1_4_Workflow_Ch12_Ch19.png","C:\Users\dstor\Downloads\assets\lse_figures\LSE_B12_KNF_IMO_1_4_Workflow_Ch12_Ch19.png","broken-found-elsewhere","1","repo","C:\Users\dstor\lse-repo\assets\lse_figures\LSE_B12_KNF_IMO_1_4_Workflow_Ch12_Ch19.png"
"C:\Users\dstor\Downloads\LSE_VOLUME_1_FOUNDATIONS_SYSTEMS_EDITED.html","Downloads","LSE_VOLUME_1_FOUNDATIONS_SYSTEMS_EDITED.html","432","assets/lse_figures/LSE_B13_JADAM_Safety_Plate_Ch12_19_41.png","C:\Users\dstor\Downloads\assets\lse_figures\LSE_B13_JADAM_Safety_Plate_Ch12_19_41.png","broken-nomatch","0","",""
"C:\Users\dstor\Downloads\LSE_VOLUME_1_FOUNDATIONS_SYSTEMS_EDITED.html","Downloads","LSE_VOLUME_1_FOUNDATIONS_SYSTEMS_EDITED.html","469","assets/lse_figures/LSE_E01_North_Texas_Soil_Failure_Modes_Ch20_Ch21_Ch33.png","C:\Users\dstor\Downloads\assets\lse_figures\LSE_E01_North_Texas_Soil_Failure_Modes_Ch20_Ch21_Ch33.png","broken-nomatch","0","",""
"C:\Users\dstor\Downloads\LSE_VOLUME_1_FOUNDATIONS_SYSTEMS_EDITED.html","Downloads","LSE_VOLUME_1_FOUNDATIONS_SYSTEMS_EDITED.html","503","assets/user_created_web/UCI_012_Raised_Bed_Cross_Section_Layers_and_Fill_Strategy.png","C:\Users\dstor\Downloads\assets\user_created_web\UCI_012_Raised_Bed_Cross_Section_Layers_and_Fill_Strategy.png","broken-nomatch","0","",""
"C:\Users\dstor\Downloads\LSE_VOLUME_1_FOUNDATIONS_SYSTEMS_EDITED.html","Downloads","LSE_VOLUME_1_FOUNDATIONS_SYSTEMS_EDITED.html","524","assets/B30_068__LSE_FOUND_B29_PRACTICAL_ContainerVegetables_ReservoirSpace_WateringDepth_KathleenMoore_CC-BY-2.0.jpg","C:\Users\dstor\Downloads\assets\B30_068__LSE_FOUND_B29_PRACTICAL_ContainerVegetables_ReservoirSpace_WateringDepth_KathleenMoore_CC-BY-2.0.jpg","broken-found-elsewhere","1","repo","C:\Users\dstor\lse-repo\assets\B30_068__LSE_FOUND_B29_PRACTICAL_ContainerVegetables_ReservoirSpace_WateringDepth_KathleenMoore_CC-BY-2.0.jpg"
"C:\Users\dstor\Downloads\LSE_VOLUME_1_FOUNDATIONS_SYSTEMS_EDITED.html","Downloads","LSE_VOLUME_1_FOUNDATIONS_SYSTEMS_EDITED.html","525","assets/B30_067__LSE_FOUND_B29_ABIOTIC_ContainerHerbs_SaltBuildup_WhiteSaltCrust_DianeMays_CC-BY-2.0.jpg","C:\Users\dstor\Downloads\assets\B30_067__LSE_FOUND_B29_ABIOTIC_ContainerHerbs_SaltBuildup_WhiteSaltCrust_DianeMays_CC-BY-2.0.jpg","broken-found-elsewhere","1","repo","C:\Users\dstor\lse-repo\assets\B30_067__LSE_FOUND_B29_ABIOTIC_ContainerHerbs_SaltBuildup_WhiteSaltCrust_DianeMays_CC-BY-2.0.jpg"
"C:\Users\dstor\Downloads\LSE_VOLUME_1_FOUNDATIONS_SYSTEMS_EDITED.html","Downloads","LSE_VOLUME_1_FOUNDATIONS_SYSTEMS_EDITED.html","526","assets/B30_069__LSE_FOUND_B29_PRACTICAL_SmallSpaceVegetables_OutdoorRailingContainers_LucyBradley_CC-BY-2.0.jpg","C:\Users\dstor\Downloads\assets\B30_069__LSE_FOUND_B29_PRACTICAL_SmallSpaceVegetables_OutdoorRailingContainers_LucyBradley_CC-BY-2.0.jpg","broken-found-elsewhere","1","repo","C:\Users\dstor\lse-repo\assets\B30_069__LSE_FOUND_B29_PRACTICAL_SmallSpaceVegetables_OutdoorRailingContainers_LucyBradley_CC-BY-2.0.jpg"
"C:\Users\dstor\Downloads\LSE_VOLUME_1_FOUNDATIONS_SYSTEMS_EDITED.html","Downloads","LSE_VOLUME_1_FOUNDATIONS_SYSTEMS_EDITED.html","527","assets/B30_005__LSE_FOUND_B26_ROOTS_Container_Rootbound_CirclingRoots_B137_CC0.jpg","C:\Users\dstor\Downloads\assets\B30_005__LSE_FOUND_B26_ROOTS_Container_Rootbound_CirclingRoots_B137_CC0.jpg","broken-found-elsewhere","1","repo","C:\Users\dstor\lse-repo\assets\B30_005__LSE_FOUND_B26_ROOTS_Container_Rootbound_CirclingRoots_B137_CC0.jpg"
"C:\Users\dstor\Downloads\LSE_VOLUME_1_FOUNDATIONS_SYSTEMS_EDITED.html","Downloads","LSE_VOLUME_1_FOUNDATIONS_SYSTEMS_EDITED.html","532","assets/lse_figures/LSE_A12_Living_Soil_Container_Cross_Section_Ch22.png","C:\Users\dstor\Downloads\assets\lse_figures\LSE_A12_Living_Soil_Container_Cross_Section_Ch22.png","broken-nomatch","0","",""
"C:\Users\dstor\Downloads\LSE_VOLUME_1_FOUNDATIONS_SYSTEMS_EDITED.html","Downloads","LSE_VOLUME_1_FOUNDATIONS_SYSTEMS_EDITED.html","532","assets/lse_figures/LSE_E06_Container_Drainage_Myth_Rocks_At_The_Bottom_Ch22_Ch31.png","C:\Users\dstor\Downloads\assets\lse_figures\LSE_E06_Container_Drainage_Myth_Rocks_At_The_Bottom_Ch22_Ch31.png","broken-nomatch","0","",""
"C:\Users\dstor\Downloads\LSE_VOLUME_1_FOUNDATIONS_SYSTEMS_EDITED.html","Downloads","LSE_VOLUME_1_FOUNDATIONS_SYSTEMS_EDITED.html","559","assets/lse_figures/LSE_B21_Soil_Recipe_Matrix_By_Crop_Type_Ch23.png","C:\Users\dstor\Downloads\assets\lse_figures\LSE_B21_Soil_Recipe_Matrix_By_Crop_Type_Ch23.png","broken-found-elsewhere","1","repo","C:\Users\dstor\lse-repo\assets\lse_figures\LSE_B21_Soil_Recipe_Matrix_By_Crop_Type_Ch23.png"
"C:\Users\dstor\Downloads\LSE_VOLUME_1_FOUNDATIONS_SYSTEMS_EDITED.html","Downloads","LSE_VOLUME_1_FOUNDATIONS_SYSTEMS_EDITED.html","622","assets/user_created_web/UCI_014_No_Till_Top_Dressing_Cycle.png","C:\Users\dstor\Downloads\assets\user_created_web\UCI_014_No_Till_Top_Dressing_Cycle.png","broken-nomatch","0","",""
"C:\Users\dstor\Downloads\LSE_VOLUME_1_FOUNDATIONS_SYSTEMS_EDITED.html","Downloads","LSE_VOLUME_1_FOUNDATIONS_SYSTEMS_EDITED.html","624","assets/lse_figures/LSE_B22_Top_Dress_Layer_Cake_Ch24.png","C:\Users\dstor\Downloads\assets\lse_figures\LSE_B22_Top_Dress_Layer_Cake_Ch24.png","broken-nomatch","0","",""
"C:\Users\dstor\Downloads\LSE_VOLUME_1_FOUNDATIONS_SYSTEMS_EDITED.html","Downloads","LSE_VOLUME_1_FOUNDATIONS_SYSTEMS_EDITED.html","648","assets/lse_figures/LSE_A13_Cover_Crop_Function_Root_Architecture_Plate_Ch25.png","C:\Users\dstor\Downloads\assets\lse_figures\LSE_A13_Cover_Crop_Function_Root_Architecture_Plate_Ch25.png","broken-nomatch","0","",""
"C:\Users\dstor\Downloads\LSE_VOLUME_1_FOUNDATIONS_SYSTEMS_EDITED.html","Downloads","LSE_VOLUME_1_FOUNDATIONS_SYSTEMS_EDITED.html","654","assets/lse_figures/LSE_B23_Cover_Crop_Selector_North_Texas_Ch25.png","C:\Users\dstor\Downloads\assets\lse_figures\LSE_B23_Cover_Crop_Selector_North_Texas_Ch25.png","broken-found-elsewhere","1","repo","C:\Users\dstor\lse-repo\assets\lse_figures\LSE_B23_Cover_Crop_Selector_North_Texas_Ch25.png"
"C:\Users\dstor\Downloads\LSE_VOLUME_1_FOUNDATIONS_SYSTEMS_EDITED.html","Downloads","LSE_VOLUME_1_FOUNDATIONS_SYSTEMS_EDITED.html","665","assets/lse_figures/LSE_C20_Cover_Crop_Termination_Methods_Small_Beds_Ch25.png","C:\Users\dstor\Downloads\assets\lse_figures\LSE_C20_Cover_Crop_Termination_Methods_Small_Beds_Ch25.png","broken-nomatch","0","",""
"C:\Users\dstor\Downloads\LSE_VOLUME_1_FOUNDATIONS_SYSTEMS_EDITED.html","Downloads","LSE_VOLUME_1_FOUNDATIONS_SYSTEMS_EDITED.html","670","assets/lse_figures/LSE_E09_Cover_Crop_Failure_Modes_Small_Beds_Ch25.png","C:\Users\dstor\Downloads\assets\lse_figures\LSE_E09_Cover_Crop_Failure_Modes_Small_Beds_Ch25.png","broken-nomatch","0","",""
"C:\Users\dstor\Downloads\LSE_VOLUME_1_FOUNDATIONS_SYSTEMS_EDITED.html","Downloads","LSE_VOLUME_1_FOUNDATIONS_SYSTEMS_EDITED.html","702","assets/user_created_web/UCI_022_Irrigation_Systems_Comparison.png","C:\Users\dstor\Downloads\assets\user_created_web\UCI_022_Irrigation_Systems_Comparison.png","broken-found-elsewhere","1","repo","C:\Users\dstor\lse-repo\assets\user_created_web\UCI_022_Irrigation_Systems_Comparison.png"
"C:\Users\dstor\Downloads\LSE_VOLUME_1_FOUNDATIONS_SYSTEMS_EDITED.html","Downloads","LSE_VOLUME_1_FOUNDATIONS_SYSTEMS_EDITED.html","703","assets/B30_009__LSE_FOUND_B26_WATER_DripIrrigation_WettingPattern_PeggyGreb_USDA-PD.jpg","C:\Users\dstor\Downloads\assets\B30_009__LSE_FOUND_B26_WATER_DripIrrigation_WettingPattern_PeggyGreb_USDA-PD.jpg","broken-found-elsewhere","1","repo","C:\Users\dstor\lse-repo\assets\B30_009__LSE_FOUND_B26_WATER_DripIrrigation_WettingPattern_PeggyGreb_USDA-PD.jpg"
"C:\Users\dstor\Downloads\LSE_VOLUME_1_FOUNDATIONS_SYSTEMS_EDITED.html","Downloads","LSE_VOLUME_1_FOUNDATIONS_SYSTEMS_EDITED.html","704","assets/B30_080__LSE_FOUND_B29_HOLD_ROOTS_Basil_RhizoctoniaRootRot_DarkRoots_MSU_PERMISSION.jpg","C:\Users\dstor\Downloads\assets\B30_080__LSE_FOUND_B29_HOLD_ROOTS_Basil_RhizoctoniaRootRot_DarkRoots_MSU_PERMISSION.jpg","broken-found-elsewhere","1","repo","C:\Users\dstor\lse-repo\assets\B30_080__LSE_FOUND_B29_HOLD_ROOTS_Basil_RhizoctoniaRootRot_DarkRoots_MSU_PERMISSION.jpg"
"C:\Users\dstor\Downloads\LSE_VOLUME_1_FOUNDATIONS_SYSTEMS_EDITED.html","Downloads","LSE_VOLUME_1_FOUNDATIONS_SYSTEMS_EDITED.html","705","assets/B30_081__LSE_FOUND_B29_HOLD_ROOTS_Strawberry_BlackRootRot_HealthyVsDiseased_NCSU_PERMISSION.jpg","C:\Users\dstor\Downloads\assets\B30_081__LSE_FOUND_B29_HOLD_ROOTS_Strawberry_BlackRootRot_HealthyVsDiseased_NCSU_PERMISSION.jpg","broken-found-elsewhere","1","repo","C:\Users\dstor\lse-repo\assets\B30_081__LSE_FOUND_B29_HOLD_ROOTS_Strawberry_BlackRootRot_HealthyVsDiseased_NCSU_PERMISSION.jpg"
"C:\Users\dstor\Downloads\LSE_VOLUME_1_FOUNDATIONS_SYSTEMS_EDITED.html","Downloads","LSE_VOLUME_1_FOUNDATIONS_SYSTEMS_EDITED.html","709","assets/user_created_web/UCI_018_Comparing_Irrigation_Systems_for_Home_Gardens.png","C:\Users\dstor\Downloads\assets\user_created_web\UCI_018_Comparing_Irrigation_Systems_for_Home_Gardens.png","broken-nomatch","0","",""
"C:\Users\dstor\Downloads\LSE_VOLUME_1_FOUNDATIONS_SYSTEMS_EDITED.html","Downloads","LSE_VOLUME_1_FOUNDATIONS_SYSTEMS_EDITED.html","711","assets/lse_figures/LSE_B30_Irrigation_Systems_Compared_Ch34.png","C:\Users\dstor\Downloads\assets\lse_figures\LSE_B30_Irrigation_Systems_Compared_Ch34.png","broken-nomatch","0","",""
"C:\Users\dstor\Downloads\LSE_VOLUME_1_FOUNDATIONS_SYSTEMS_EDITED.html","Downloads","LSE_VOLUME_1_FOUNDATIONS_SYSTEMS_EDITED.html","716","assets/lse_figures/LSE_C05_Irrigation_Maintenance_Checklist_Ch34_35_49.png","C:\Users\dstor\Downloads\assets\lse_figures\LSE_C05_Irrigation_Maintenance_Checklist_Ch34_35_49.png","broken-found-elsewhere","1","repo","C:\Users\dstor\lse-repo\assets\lse_figures\LSE_C05_Irrigation_Maintenance_Checklist_Ch34_35_49.png"
"C:\Users\dstor\Downloads\LSE_VOLUME_1_FOUNDATIONS_SYSTEMS_EDITED.html","Downloads","LSE_VOLUME_1_FOUNDATIONS_SYSTEMS_EDITED.html","776","assets/user_created_web/UCI_024_Rainwater_Harvesting_System_Home_Scale.png","C:\Users\dstor\Downloads\assets\user_created_web\UCI_024_Rainwater_Harvesting_System_Home_Scale.png","broken-nomatch","0","",""
"C:\Users\dstor\Downloads\LSE_VOLUME_1_FOUNDATIONS_SYSTEMS_EDITED.html","Downloads","LSE_VOLUME_1_FOUNDATIONS_SYSTEMS_EDITED.html","787","assets/B30_074__LSE_FOUND_B29_PRACTICAL_HighTunnel_Vegetables_RollUpVentilation_KathleenMoore_CC-BY-2.0.jpg","C:\Users\dstor\Downloads\assets\B30_074__LSE_FOUND_B29_PRACTICAL_HighTunnel_Vegetables_RollUpVentilation_KathleenMoore_CC-BY-2.0.jpg","broken-found-elsewhere","1","repo","C:\Users\dstor\lse-repo\assets\B30_074__LSE_FOUND_B29_PRACTICAL_HighTunnel_Vegetables_RollUpVentilation_KathleenMoore_CC-BY-2.0.jpg"
"C:\Users\dstor\Downloads\LSE_VOLUME_1_FOUNDATIONS_SYSTEMS_EDITED.html","Downloads","LSE_VOLUME_1_FOUNDATIONS_SYSTEMS_EDITED.html","788","assets/B30_075__LSE_FOUND_B29_PRACTICAL_HerbsLettuce_ColdFrame_OpenLid_ChrisAlberti_CC-BY-2.0.jpg","C:\Users\dstor\Downloads\assets\B30_075__LSE_FOUND_B29_PRACTICAL_HerbsLettuce_ColdFrame_OpenLid_ChrisAlberti_CC-BY-2.0.jpg","broken-found-elsewhere","1","repo","C:\Users\dstor\lse-repo\assets\B30_075__LSE_FOUND_B29_PRACTICAL_HerbsLettuce_ColdFrame_OpenLid_ChrisAlberti_CC-BY-2.0.jpg"
"C:\Users\dstor\Downloads\LSE_VOLUME_1_FOUNDATIONS_SYSTEMS_EDITED.html","Downloads","LSE_VOLUME_1_FOUNDATIONS_SYSTEMS_EDITED.html","793","assets/lse_figures/LSE_A17_Hoop_House_Season_Extension_Setup_Ch36.png","C:\Users\dstor\Downloads\assets\lse_figures\LSE_A17_Hoop_House_Season_Extension_Setup_Ch36.png","broken-nomatch","0","",""
"C:\Users\dstor\Downloads\LSE_VOLUME_1_FOUNDATIONS_SYSTEMS_EDITED.html","Downloads","LSE_VOLUME_1_FOUNDATIONS_SYSTEMS_EDITED.html","797","assets/lse_figures/LSE_E14_Hoop_House_Spring_Rain_vs_Summer_Heat_Ch36.png","C:\Users\dstor\Downloads\assets\lse_figures\LSE_E14_Hoop_House_Spring_Rain_vs_Summer_Heat_Ch36.png","broken-nomatch","0","",""
"C:\Users\dstor\Downloads\LSE_VOLUME_1_FOUNDATIONS_SYSTEMS_EDITED.html","Downloads","LSE_VOLUME_1_FOUNDATIONS_SYSTEMS_EDITED.html","811","assets/lse_figures/LSE_E16_Light_Metrics_PPFD_DLI_Concept_Ch37.png","C:\Users\dstor\Downloads\assets\lse_figures\LSE_E16_Light_Metrics_PPFD_DLI_Concept_Ch37.png","broken-nomatch","0","",""
"C:\Users\dstor\Downloads\LSE_VOLUME_1_FOUNDATIONS_SYSTEMS_EDITED.html","Downloads","LSE_VOLUME_1_FOUNDATIONS_SYSTEMS_EDITED.html","828","assets/lse_figures/LSE_C02_Seed_Starting_Hardening_Off_Workflow_Ch49.png","C:\Users\dstor\Downloads\assets\lse_figures\LSE_C02_Seed_Starting_Hardening_Off_Workflow_Ch49.png","broken-found-elsewhere","1","repo","C:\Users\dstor\lse-repo\assets\lse_figures\LSE_C02_Seed_Starting_Hardening_Off_Workflow_Ch49.png"
"C:\Users\dstor\Downloads\LSE_VOLUME_1_FOUNDATIONS_SYSTEMS_EDITED.html","Downloads","LSE_VOLUME_1_FOUNDATIONS_SYSTEMS_EDITED.html","851","assets/lse_figures/LSE_B32_Tool_Sanitation_Workflow_Ch38_49.png","C:\Users\dstor\Downloads\assets\lse_figures\LSE_B32_Tool_Sanitation_Workflow_Ch38_49.png","broken-found-elsewhere","1","repo","C:\Users\dstor\lse-repo\assets\lse_figures\LSE_B32_Tool_Sanitation_Workflow_Ch38_49.png"
"C:\Users\dstor\Downloads\LSE_VOLUME_1_FOUNDATIONS_SYSTEMS_EDITED.html","Downloads","LSE_VOLUME_1_FOUNDATIONS_SYSTEMS_EDITED.html","870","assets/B30_049__LSE_FOUND_B28_SOIL_DroughtDrySoil_CrackingScale_VladislavNekrasov_CC-BY-4.0.jpg","C:\Users\dstor\Downloads\assets\B30_049__LSE_FOUND_B28_SOIL_DroughtDrySoil_CrackingScale_VladislavNekrasov_CC-BY-4.0.jpg","broken-found-elsewhere","1","repo","C:\Users\dstor\lse-repo\assets\B30_049__LSE_FOUND_B28_SOIL_DroughtDrySoil_CrackingScale_VladislavNekrasov_CC-BY-4.0.jpg"
"C:\Users\dstor\Downloads\LSE_VOLUME_1_FOUNDATIONS_SYSTEMS_EDITED.html","Downloads","LSE_VOLUME_1_FOUNDATIONS_SYSTEMS_EDITED.html","870","assets/B30_008__LSE_FOUND_B26_SOIL_AggregateStability_SlakeComparison_LanceCheung_USDA-PD.jpg","C:\Users\dstor\Downloads\assets\B30_008__LSE_FOUND_B26_SOIL_AggregateStability_SlakeComparison_LanceCheung_USDA-PD.jpg","broken-found-elsewhere","1","repo","C:\Users\dstor\lse-repo\assets\B30_008__LSE_FOUND_B26_SOIL_AggregateStability_SlakeComparison_LanceCheung_USDA-PD.jpg"
"C:\Users\dstor\Downloads\LSE_VOLUME_1_FOUNDATIONS_SYSTEMS_EDITED.html","Downloads","LSE_VOLUME_1_FOUNDATIONS_SYSTEMS_EDITED.html","935","assets/user_created_web/UCI_021_Refractometer_Use_Protocol.png","C:\Users\dstor\Downloads\assets\user_created_web\UCI_021_Refractometer_Use_Protocol.png","broken-found-elsewhere","1","repo","C:\Users\dstor\lse-repo\assets\user_created_web\UCI_021_Refractometer_Use_Protocol.png"
"C:\Users\dstor\Downloads\LSE_VOLUME_2_INPUTS_AMENDMENTS_MICROBES_EDITED.html","Downloads","LSE_VOLUME_2_INPUTS_AMENDMENTS_MICROBES_EDITED.html","48","assets/user_created_web/UCI_008_Soil_Input_Categories_Overview.png","C:\Users\dstor\Downloads\assets\user_created_web\UCI_008_Soil_Input_Categories_Overview.png","broken-nomatch","0","",""
"C:\Users\dstor\Downloads\LSE_VOLUME_2_INPUTS_AMENDMENTS_MICROBES_EDITED.html","Downloads","LSE_VOLUME_2_INPUTS_AMENDMENTS_MICROBES_EDITED.html","52","assets/lse_figures/LSE_A09_Compost_Maturity_Contamination_Inspection_Ch13.png","C:\Users\dstor\Downloads\assets\lse_figures\LSE_A09_Compost_Maturity_Contamination_Inspection_Ch13.png","broken-nomatch","0","",""
"C:\Users\dstor\Downloads\LSE_VOLUME_2_INPUTS_AMENDMENTS_MICROBES_EDITED.html","Downloads","LSE_VOLUME_2_INPUTS_AMENDMENTS_MICROBES_EDITED.html","53","assets/B30_007__LSE_FOUND_B26_COMPOST_Compost_MaturityContamination_TemperatureInspection_StephenAusmus_USDA-PD.jpg","C:\Users\dstor\Downloads\assets\B30_007__LSE_FOUND_B26_COMPOST_Compost_MaturityContamination_TemperatureInspection_StephenAusmus_USDA-PD.jpg","broken-found-elsewhere","1","repo","C:\Users\dstor\lse-repo\assets\B30_007__LSE_FOUND_B26_COMPOST_Compost_MaturityContamination_TemperatureInspection_StephenAusmus_USDA-PD.jpg"
"C:\Users\dstor\Downloads\LSE_VOLUME_2_INPUTS_AMENDMENTS_MICROBES_EDITED.html","Downloads","LSE_VOLUME_2_INPUTS_AMENDMENTS_MICROBES_EDITED.html","200","assets/lse_figures/LSE_B15_Lime_Gypsum_Sulfur_Decision_Tree_Ch14.png","C:\Users\dstor\Downloads\assets\lse_figures\LSE_B15_Lime_Gypsum_Sulfur_Decision_Tree_Ch14.png","broken-found-elsewhere","1","repo","C:\Users\dstor\lse-repo\assets\lse_figures\LSE_B15_Lime_Gypsum_Sulfur_Decision_Tree_Ch14.png"
"C:\Users\dstor\Downloads\LSE_VOLUME_2_INPUTS_AMENDMENTS_MICROBES_EDITED.html","Downloads","LSE_VOLUME_2_INPUTS_AMENDMENTS_MICROBES_EDITED.html","201","assets/user_created_web/UCI_004_Soil_Nutrient_Availability.png","C:\Users\dstor\Downloads\assets\user_created_web\UCI_004_Soil_Nutrient_Availability.png","broken-nomatch","0","",""
"C:\Users\dstor\Downloads\LSE_VOLUME_2_INPUTS_AMENDMENTS_MICROBES_EDITED.html","Downloads","LSE_VOLUME_2_INPUTS_AMENDMENTS_MICROBES_EDITED.html","1032","assets/lse_figures/LSE_B17_Microbial_Inoculant_Viability_Root_Contact_Ch17.png","C:\Users\dstor\Downloads\assets\lse_figures\LSE_B17_Microbial_Inoculant_Viability_Root_Contact_Ch17.png","broken-nomatch","0","",""
"C:\Users\dstor\Downloads\LSE_VOLUME_2_INPUTS_AMENDMENTS_MICROBES_EDITED.html","Downloads","LSE_VOLUME_2_INPUTS_AMENDMENTS_MICROBES_EDITED.html","1265","assets/lse_figures/LSE_B18_Raw_vs_Charged_Biochar_Ch18.png","C:\Users\dstor\Downloads\assets\lse_figures\LSE_B18_Raw_vs_Charged_Biochar_Ch18.png","broken-nomatch","0","",""
"C:\Users\dstor\Downloads\LSE_VOLUME_2_INPUTS_AMENDMENTS_MICROBES_EDITED.html","Downloads","LSE_VOLUME_2_INPUTS_AMENDMENTS_MICROBES_EDITED.html","1384","assets/lse_figures/LSE_A10_Brews_Teas_Ferments_Safety_Station_Ch19.png","C:\Users\dstor\Downloads\assets\lse_figures\LSE_A10_Brews_Teas_Ferments_Safety_Station_Ch19.png","broken-nomatch","0","",""
"C:\Users\dstor\Downloads\LSE_VOLUME_2_INPUTS_AMENDMENTS_MICROBES_EDITED.html","Downloads","LSE_VOLUME_2_INPUTS_AMENDMENTS_MICROBES_EDITED.html","1384","assets/user_created_web/UCI_031_Home_Brew_Feed_Quick_Reference_Card.png","C:\Users\dstor\Downloads\assets\user_created_web\UCI_031_Home_Brew_Feed_Quick_Reference_Card.png","broken-found-elsewhere","1","repo","C:\Users\dstor\lse-repo\assets\user_created_web\UCI_031_Home_Brew_Feed_Quick_Reference_Card.png"
"C:\Users\dstor\Downloads\LSE_VOLUME_2_INPUTS_AMENDMENTS_MICROBES_EDITED.html","Downloads","LSE_VOLUME_2_INPUTS_AMENDMENTS_MICROBES_EDITED.html","1388","assets/lse_figures/LSE_C06_AACT_Brewing_Safety_Workflow_Ch19_Ch49.png","C:\Users\dstor\Downloads\assets\lse_figures\LSE_C06_AACT_Brewing_Safety_Workflow_Ch19_Ch49.png","broken-found-elsewhere","1","repo","C:\Users\dstor\lse-repo\assets\lse_figures\LSE_C06_AACT_Brewing_Safety_Workflow_Ch19_Ch49.png"
"C:\Users\dstor\Downloads\LSE_VOLUME_3_CROPS_IPM_DIAGNOSTICS_EDITED.html","Downloads","LSE_VOLUME_3_CROPS_IPM_DIAGNOSTICS_EDITED.html","50","assets/lse_figures/LSE_B24_Companion_Planting_Mechanism_vs_Folklore_Ch26.png","C:\Users\dstor\Downloads\assets\lse_figures\LSE_B24_Companion_Planting_Mechanism_vs_Folklore_Ch26.png","broken-nomatch","0","",""
"C:\Users\dstor\Downloads\LSE_VOLUME_3_CROPS_IPM_DIAGNOSTICS_EDITED.html","Downloads","LSE_VOLUME_3_CROPS_IPM_DIAGNOSTICS_EDITED.html","56","assets/lse_figures/LSE_E12_Trap_Crop_Decision_Nasturtium_Aphids_Ch26_Ch28_Ch39.png","C:\Users\dstor\Downloads\assets\lse_figures\LSE_E12_Trap_Crop_Decision_Nasturtium_Aphids_Ch26_Ch28_Ch39.png","broken-nomatch","0","",""
"C:\Users\dstor\Downloads\LSE_VOLUME_3_CROPS_IPM_DIAGNOSTICS_EDITED.html","Downloads","LSE_VOLUME_3_CROPS_IPM_DIAGNOSTICS_EDITED.html","68","assets/user_created_web/UCI_015_Three_Sisters_Guild.png","C:\Users\dstor\Downloads\assets\user_created_web\UCI_015_Three_Sisters_Guild.png","broken-nomatch","0","",""
"C:\Users\dstor\Downloads\LSE_VOLUME_3_CROPS_IPM_DIAGNOSTICS_EDITED.html","Downloads","LSE_VOLUME_3_CROPS_IPM_DIAGNOSTICS_EDITED.html","69","assets/user_created_web/UCI_016_Polyculture_Guild_Design.png","C:\Users\dstor\Downloads\assets\user_created_web\UCI_016_Polyculture_Guild_Design.png","broken-nomatch","0","",""
"C:\Users\dstor\Downloads\LSE_VOLUME_3_CROPS_IPM_DIAGNOSTICS_EDITED.html","Downloads","LSE_VOLUME_3_CROPS_IPM_DIAGNOSTICS_EDITED.html","73","assets/lse_figures/LSE_B25_Seven_Layer_Guild_Design_Texas_Peach_Ch27.png","C:\Users\dstor\Downloads\assets\lse_figures\LSE_B25_Seven_Layer_Guild_Design_Texas_Peach_Ch27.png","broken-nomatch","0","",""
"C:\Users\dstor\Downloads\LSE_VOLUME_3_CROPS_IPM_DIAGNOSTICS_EDITED.html","Downloads","LSE_VOLUME_3_CROPS_IPM_DIAGNOSTICS_EDITED.html","98","assets/lse_figures/LSE_A14_Insectary_Pollinator_Guild_Ch28.png","C:\Users\dstor\Downloads\assets\lse_figures\LSE_A14_Insectary_Pollinator_Guild_Ch28.png","broken-nomatch","0","",""
"C:\Users\dstor\Downloads\LSE_VOLUME_3_CROPS_IPM_DIAGNOSTICS_EDITED.html","Downloads","LSE_VOLUME_3_CROPS_IPM_DIAGNOSTICS_EDITED.html","98","assets/lse_figures/LSE_E07_Living_Mulch_Insectary_Strip_Boundary_Ch28.png","C:\Users\dstor\Downloads\assets\lse_figures\LSE_E07_Living_Mulch_Insectary_Strip_Boundary_Ch28.png","broken-nomatch","0","",""
"C:\Users\dstor\Downloads\LSE_VOLUME_3_CROPS_IPM_DIAGNOSTICS_EDITED.html","Downloads","LSE_VOLUME_3_CROPS_IPM_DIAGNOSTICS_EDITED.html","100","assets/lse_figures/LSE_B26_Flower_Architecture_For_Beneficial_Insects_Ch28_40.png","C:\Users\dstor\Downloads\assets\lse_figures\LSE_B26_Flower_Architecture_For_Beneficial_Insects_Ch28_40.png","broken-nomatch","0","",""
"C:\Users\dstor\Downloads\LSE_VOLUME_3_CROPS_IPM_DIAGNOSTICS_EDITED.html","Downloads","LSE_VOLUME_3_CROPS_IPM_DIAGNOSTICS_EDITED.html","104","assets/lse_figures/LSE_E10_Pollinator_Safe_Spray_Timing_Ch28_39_41.png","C:\Users\dstor\Downloads\assets\lse_figures\LSE_E10_Pollinator_Safe_Spray_Timing_Ch28_39_41.png","broken-nomatch","0","",""
"C:\Users\dstor\Downloads\LSE_VOLUME_3_CROPS_IPM_DIAGNOSTICS_EDITED.html","Downloads","LSE_VOLUME_3_CROPS_IPM_DIAGNOSTICS_EDITED.html","106","assets/user_created_web/UCI_013_Beneficial_Insectary_Bloom_Calendar.png","C:\Users\dstor\Downloads\assets\user_created_web\UCI_013_Beneficial_Insectary_Bloom_Calendar.png","broken-found-elsewhere","1","repo","C:\Users\dstor\lse-repo\assets\user_created_web\UCI_013_Beneficial_Insectary_Bloom_Calendar.png"
"C:\Users\dstor\Downloads\LSE_VOLUME_3_CROPS_IPM_DIAGNOSTICS_EDITED.html","Downloads","LSE_VOLUME_3_CROPS_IPM_DIAGNOSTICS_EDITED.html","116","assets/lse_figures/LSE_E11_North_Texas_Insectary_Bloom_Succession_Calendar_Ch28_40.png","C:\Users\dstor\Downloads\assets\lse_figures\LSE_E11_North_Texas_Insectary_Bloom_Succession_Calendar_Ch28_40.png","broken-found-elsewhere","1","repo","C:\Users\dstor\lse-repo\assets\lse_figures\LSE_E11_North_Texas_Insectary_Bloom_Succession_Calendar_Ch28_40.png"
"C:\Users\dstor\Downloads\LSE_VOLUME_3_CROPS_IPM_DIAGNOSTICS_EDITED.html","Downloads","LSE_VOLUME_3_CROPS_IPM_DIAGNOSTICS_EDITED.html","127","assets/lse_figures/LSE_A15_Crop_Family_Rotation_Map_Ch29.png","C:\Users\dstor\Downloads\assets\lse_figures\LSE_A15_Crop_Family_Rotation_Map_Ch29.png","broken-found-elsewhere","1","repo","C:\Users\dstor\lse-repo\assets\lse_figures\LSE_A15_Crop_Family_Rotation_Map_Ch29.png"
"C:\Users\dstor\Downloads\LSE_VOLUME_3_CROPS_IPM_DIAGNOSTICS_EDITED.html","Downloads","LSE_VOLUME_3_CROPS_IPM_DIAGNOSTICS_EDITED.html","135","assets/lse_figures/LSE_B28_North_Texas_Bed_Pivot_Calendar_Ch25_Ch29_Ch30.png","C:\Users\dstor\Downloads\assets\lse_figures\LSE_B28_North_Texas_Bed_Pivot_Calendar_Ch25_Ch29_Ch30.png","broken-found-elsewhere","1","repo","C:\Users\dstor\lse-repo\assets\lse_figures\LSE_B28_North_Texas_Bed_Pivot_Calendar_Ch25_Ch29_Ch30.png"
"C:\Users\dstor\Downloads\LSE_VOLUME_3_CROPS_IPM_DIAGNOSTICS_EDITED.html","Downloads","LSE_VOLUME_3_CROPS_IPM_DIAGNOSTICS_EDITED.html","139","assets/lse_figures/LSE_C08_Crop_Planning_Succession_Board_Ch29_49.png","C:\Users\dstor\Downloads\assets\lse_figures\LSE_C08_Crop_Planning_Succession_Board_Ch29_49.png","broken-nomatch","0","",""
"C:\Users\dstor\Downloads\LSE_VOLUME_3_CROPS_IPM_DIAGNOSTICS_EDITED.html","Downloads","LSE_VOLUME_3_CROPS_IPM_DIAGNOSTICS_EDITED.html","146","assets/lse_figures/LSE_D13_Squash_Vine_Borer_Scouting_Plate_Ch30_39.png","C:\Users\dstor\Downloads\assets\lse_figures\LSE_D13_Squash_Vine_Borer_Scouting_Plate_Ch30_39.png","broken-nomatch","0","",""
"C:\Users\dstor\Downloads\LSE_VOLUME_3_CROPS_IPM_DIAGNOSTICS_EDITED.html","Downloads","LSE_VOLUME_3_CROPS_IPM_DIAGNOSTICS_EDITED.html","152","assets/lse_figures/LSE_D14_Cucumber_Beetle_Bacterial_Wilt_Vector_Diagram_Ch30_Ch39_Ch42.png","C:\Users\dstor\Downloads\assets\lse_figures\LSE_D14_Cucumber_Beetle_Bacterial_Wilt_Vector_Diagram_Ch30_Ch39_Ch42.png","broken-nomatch","0","",""
"C:\Users\dstor\Downloads\LSE_VOLUME_3_CROPS_IPM_DIAGNOSTICS_EDITED.html","Downloads","LSE_VOLUME_3_CROPS_IPM_DIAGNOSTICS_EDITED.html","152","assets/lse_figures/LSE_D17_Okra_Pod_Injury_Hidden_Pest_Damage_Ch30.png","C:\Users\dstor\Downloads\assets\lse_figures\LSE_D17_Okra_Pod_Injury_Hidden_Pest_Damage_Ch30.png","broken-nomatch","0","",""
"C:\Users\dstor\Downloads\LSE_VOLUME_3_CROPS_IPM_DIAGNOSTICS_EDITED.html","Downloads","LSE_VOLUME_3_CROPS_IPM_DIAGNOSTICS_EDITED.html","162","assets/lse_figures/LSE_E03_Row_Cover_Low_Tunnel_Timing_Plate_Ch30_36_39.png","C:\Users\dstor\Downloads\assets\lse_figures\LSE_E03_Row_Cover_Low_Tunnel_Timing_Plate_Ch30_36_39.png","broken-nomatch","0","",""
"C:\Users\dstor\Downloads\LSE_VOLUME_3_CROPS_IPM_DIAGNOSTICS_EDITED.html","Downloads","LSE_VOLUME_3_CROPS_IPM_DIAGNOSTICS_EDITED.html","169","assets/lse_figures/LSE_B29_Herb_Grouping_Matrix_Ch31.png","C:\Users\dstor\Downloads\assets\lse_figures\LSE_B29_Herb_Grouping_Matrix_Ch31.png","broken-found-elsewhere","1","repo","C:\Users\dstor\lse-repo\assets\lse_figures\LSE_B29_Herb_Grouping_Matrix_Ch31.png"
"C:\Users\dstor\Downloads\LSE_VOLUME_3_CROPS_IPM_DIAGNOSTICS_EDITED.html","Downloads","LSE_VOLUME_3_CROPS_IPM_DIAGNOSTICS_EDITED.html","175","assets/lse_figures/LSE_C17_Basil_Pruning_Downy_Mildew_Scouting_Ch31_42.png","C:\Users\dstor\Downloads\assets\lse_figures\LSE_C17_Basil_Pruning_Downy_Mildew_Scouting_Ch31_42.png","broken-nomatch","0","",""
"C:\Users\dstor\Downloads\LSE_VOLUME_3_CROPS_IPM_DIAGNOSTICS_EDITED.html","Downloads","LSE_VOLUME_3_CROPS_IPM_DIAGNOSTICS_EDITED.html","182","assets/lse_figures/LSE_C19_Woody_Herb_Harvest_Limits_Ch31.png","C:\Users\dstor\Downloads\assets\lse_figures\LSE_C19_Woody_Herb_Harvest_Limits_Ch31.png","broken-nomatch","0","",""
"C:\Users\dstor\Downloads\LSE_VOLUME_3_CROPS_IPM_DIAGNOSTICS_EDITED.html","Downloads","LSE_VOLUME_3_CROPS_IPM_DIAGNOSTICS_EDITED.html","182","assets/lse_figures/LSE_D20_Basil_Downy_Mildew_vs_Nutrient_Yellowing_Ch31_42.png","C:\Users\dstor\Downloads\assets\lse_figures\LSE_D20_Basil_Downy_Mildew_vs_Nutrient_Yellowing_Ch31_42.png","broken-nomatch","0","",""
"C:\Users\dstor\Downloads\LSE_VOLUME_3_CROPS_IPM_DIAGNOSTICS_EDITED.html","Downloads","LSE_VOLUME_3_CROPS_IPM_DIAGNOSTICS_EDITED.html","184","assets/lse_figures/LSE_C16_Herb_Barrel_Setup_Sequence_Ch31.png","C:\Users\dstor\Downloads\assets\lse_figures\LSE_C16_Herb_Barrel_Setup_Sequence_Ch31.png","broken-nomatch","0","",""
"C:\Users\dstor\Downloads\LSE_VOLUME_3_CROPS_IPM_DIAGNOSTICS_EDITED.html","Downloads","LSE_VOLUME_3_CROPS_IPM_DIAGNOSTICS_EDITED.html","187","assets/lse_figures/LSE_C18_Cilantro_Dill_Cool_Season_Succession_Ch31.png","C:\Users\dstor\Downloads\assets\lse_figures\LSE_C18_Cilantro_Dill_Cool_Season_Succession_Ch31.png","broken-nomatch","0","",""
"C:\Users\dstor\Downloads\LSE_VOLUME_3_CROPS_IPM_DIAGNOSTICS_EDITED.html","Downloads","LSE_VOLUME_3_CROPS_IPM_DIAGNOSTICS_EDITED.html","187","assets/lse_figures/LSE_E05_Barrel_Herb_Garden_Cross_Section_Ch31.png","C:\Users\dstor\Downloads\assets\lse_figures\LSE_E05_Barrel_Herb_Garden_Cross_Section_Ch31.png","broken-nomatch","0","",""
"C:\Users\dstor\Downloads\LSE_VOLUME_3_CROPS_IPM_DIAGNOSTICS_EDITED.html","Downloads","LSE_VOLUME_3_CROPS_IPM_DIAGNOSTICS_EDITED.html","209","assets/user_created_web/UCI_020_Common_Dallas_Pest_Identification_Guide.png","C:\Users\dstor\Downloads\assets\user_created_web\UCI_020_Common_Dallas_Pest_Identification_Guide.png","broken-found-elsewhere","1","repo","C:\Users\dstor\lse-repo\assets\user_created_web\UCI_020_Common_Dallas_Pest_Identification_Guide.png"
"C:\Users\dstor\Downloads\LSE_VOLUME_3_CROPS_IPM_DIAGNOSTICS_EDITED.html","Downloads","LSE_VOLUME_3_CROPS_IPM_DIAGNOSTICS_EDITED.html","210","assets/B30_052__LSE_FOUND_B28_PEST_Brassica_CabbageFlyLarva_StalkDamage_PakChoi_SchlagheckenJosef_CC-BY-SA-4.0.jpg","C:\Users\dstor\Downloads\assets\B30_052__LSE_FOUND_B28_PEST_Brassica_CabbageFlyLarva_StalkDamage_PakChoi_SchlagheckenJosef_CC-BY-SA-4.0.jpg","broken-found-elsewhere","1","repo","C:\Users\dstor\lse-repo\assets\B30_052__LSE_FOUND_B28_PEST_Brassica_CabbageFlyLarva_StalkDamage_PakChoi_SchlagheckenJosef_CC-BY-SA-4.0.jpg"
"C:\Users\dstor\Downloads\LSE_VOLUME_3_CROPS_IPM_DIAGNOSTICS_EDITED.html","Downloads","LSE_VOLUME_3_CROPS_IPM_DIAGNOSTICS_EDITED.html","211","assets/B30_053__LSE_FOUND_B28_PEST_Brassica_DeliaRadicum_MaggotPupaLifeStages_Rasbak_CC-BY-SA-GFDL.jpg","C:\Users\dstor\Downloads\assets\B30_053__LSE_FOUND_B28_PEST_Brassica_DeliaRadicum_MaggotPupaLifeStages_Rasbak_CC-BY-SA-GFDL.jpg","broken-found-elsewhere","1","repo","C:\Users\dstor\lse-repo\assets\B30_053__LSE_FOUND_B28_PEST_Brassica_DeliaRadicum_MaggotPupaLifeStages_Rasbak_CC-BY-SA-GFDL.jpg"
"C:\Users\dstor\Downloads\LSE_VOLUME_3_CROPS_IPM_DIAGNOSTICS_EDITED.html","Downloads","LSE_VOLUME_3_CROPS_IPM_DIAGNOSTICS_EDITED.html","212","assets/B30_027__LSE_FOUND_B27_PEST_Cowpea_CowpeaCurculio_PodCrossSectionLarvaAdult_UGA_VERIFY.jpg","C:\Users\dstor\Downloads\assets\B30_027__LSE_FOUND_B27_PEST_Cowpea_CowpeaCurculio_PodCrossSectionLarvaAdult_UGA_VERIFY.jpg","broken-found-elsewhere","1","repo","C:\Users\dstor\lse-repo\assets\B30_027__LSE_FOUND_B27_PEST_Cowpea_CowpeaCurculio_PodCrossSectionLarvaAdult_UGA_VERIFY.jpg"
"C:\Users\dstor\Downloads\LSE_VOLUME_3_CROPS_IPM_DIAGNOSTICS_EDITED.html","Downloads","LSE_VOLUME_3_CROPS_IPM_DIAGNOSTICS_EDITED.html","213","assets/B30_028__LSE_FOUND_B27_PEST_Cowpea_CowpeaCurculio_LarvaInsidePodRisk_UGA_VERIFY.jpg","C:\Users\dstor\Downloads\assets\B30_028__LSE_FOUND_B27_PEST_Cowpea_CowpeaCurculio_LarvaInsidePodRisk_UGA_VERIFY.jpg","broken-found-elsewhere","1","repo","C:\Users\dstor\lse-repo\assets\B30_028__LSE_FOUND_B27_PEST_Cowpea_CowpeaCurculio_LarvaInsidePodRisk_UGA_VERIFY.jpg"
"C:\Users\dstor\Downloads\LSE_VOLUME_3_CROPS_IPM_DIAGNOSTICS_EDITED.html","Downloads","LSE_VOLUME_3_CROPS_IPM_DIAGNOSTICS_EDITED.html","214","assets/B30_079__LSE_FOUND_B29_HOLD_PEST_Okra_StinkBugDamage_TwistedPods_Clemson_PERMISSION.jpg","C:\Users\dstor\Downloads\assets\B30_079__LSE_FOUND_B29_HOLD_PEST_Okra_StinkBugDamage_TwistedPods_Clemson_PERMISSION.jpg","broken-found-elsewhere","1","repo","C:\Users\dstor\lse-repo\assets\B30_079__LSE_FOUND_B29_HOLD_PEST_Okra_StinkBugDamage_TwistedPods_Clemson_PERMISSION.jpg"
"C:\Users\dstor\Downloads\LSE_VOLUME_3_CROPS_IPM_DIAGNOSTICS_EDITED.html","Downloads","LSE_VOLUME_3_CROPS_IPM_DIAGNOSTICS_EDITED.html","230","assets/B30_029__LSE_FOUND_B27_PEST_Cowpea_CowpeaCurculio_AdultScouting_UGA_VERIFY.jpg","C:\Users\dstor\Downloads\assets\B30_029__LSE_FOUND_B27_PEST_Cowpea_CowpeaCurculio_AdultScouting_UGA_VERIFY.jpg","broken-found-elsewhere","1","repo","C:\Users\dstor\lse-repo\assets\B30_029__LSE_FOUND_B27_PEST_Cowpea_CowpeaCurculio_AdultScouting_UGA_VERIFY.jpg"
"C:\Users\dstor\Downloads\LSE_VOLUME_3_CROPS_IPM_DIAGNOSTICS_EDITED.html","Downloads","LSE_VOLUME_3_CROPS_IPM_DIAGNOSTICS_EDITED.html","231","assets/B30_030__LSE_FOUND_B27_PEST_Eggplant_FleaBeetle_ShotHolePittedLeaf_DavidCappaert-Bugwood_VERIFY.jpg","C:\Users\dstor\Downloads\assets\B30_030__LSE_FOUND_B27_PEST_Eggplant_FleaBeetle_ShotHolePittedLeaf_DavidCappaert-Bugwood_VERIFY.jpg","broken-found-elsewhere","1","repo","C:\Users\dstor\lse-repo\assets\B30_030__LSE_FOUND_B27_PEST_Eggplant_FleaBeetle_ShotHolePittedLeaf_DavidCappaert-Bugwood_VERIFY.jpg"
"C:\Users\dstor\Downloads\LSE_VOLUME_3_CROPS_IPM_DIAGNOSTICS_EDITED.html","Downloads","LSE_VOLUME_3_CROPS_IPM_DIAGNOSTICS_EDITED.html","235","assets/B30_073__LSE_FOUND_B29_PRACTICAL_RowCover_LowTunnel_FabricOverHoops_KathleenMoore_CC-BY-2.0.jpg","C:\Users\dstor\Downloads\assets\B30_073__LSE_FOUND_B29_PRACTICAL_RowCover_LowTunnel_FabricOverHoops_KathleenMoore_CC-BY-2.0.jpg","broken-found-elsewhere","1","repo","C:\Users\dstor\lse-repo\assets\B30_073__LSE_FOUND_B29_PRACTICAL_RowCover_LowTunnel_FabricOverHoops_KathleenMoore_CC-BY-2.0.jpg"
"C:\Users\dstor\Downloads\LSE_VOLUME_3_CROPS_IPM_DIAGNOSTICS_EDITED.html","Downloads","LSE_VOLUME_3_CROPS_IPM_DIAGNOSTICS_EDITED.html","236","assets/B30_033__LSE_FOUND_B27_EXCLUSION_VegetableBeds_FloatingRowCover_PhysicalBarrier_ScotNelson_CONDITIONAL.jpg","C:\Users\dstor\Downloads\assets\B30_033__LSE_FOUND_B27_EXCLUSION_VegetableBeds_FloatingRowCover_PhysicalBarrier_ScotNelson_CONDITIONAL.jpg","broken-found-elsewhere","1","repo","C:\Users\dstor\lse-repo\assets\B30_033__LSE_FOUND_B27_EXCLUSION_VegetableBeds_FloatingRowCover_PhysicalBarrier_ScotNelson_CONDITIONAL.jpg"
"C:\Users\dstor\Downloads\LSE_VOLUME_3_CROPS_IPM_DIAGNOSTICS_EDITED.html","Downloads","LSE_VOLUME_3_CROPS_IPM_DIAGNOSTICS_EDITED.html","249","assets/B30_048__LSE_FOUND_B28_PEST_Brassica_CabbageFlyMaggot_RootDamage_Kohlrabi_SchlagheckenJosef_CC-BY-4.0.jpg","C:\Users\dstor\Downloads\assets\B30_048__LSE_FOUND_B28_PEST_Brassica_CabbageFlyMaggot_RootDamage_Kohlrabi_SchlagheckenJosef_CC-BY-4.0.jpg","broken-found-elsewhere","1","repo","C:\Users\dstor\lse-repo\assets\B30_048__LSE_FOUND_B28_PEST_Brassica_CabbageFlyMaggot_RootDamage_Kohlrabi_SchlagheckenJosef_CC-BY-4.0.jpg"
"C:\Users\dstor\Downloads\LSE_VOLUME_3_CROPS_IPM_DIAGNOSTICS_EDITED.html","Downloads","LSE_VOLUME_3_CROPS_IPM_DIAGNOSTICS_EDITED.html","250","assets/B30_032__LSE_FOUND_B27_EXCLUSION_Seedlings_CutwormCollars_CardboardBarrier_KathleenMoore_CC-BY-2.0.jpg","C:\Users\dstor\Downloads\assets\B30_032__LSE_FOUND_B27_EXCLUSION_Seedlings_CutwormCollars_CardboardBarrier_KathleenMoore_CC-BY-2.0.jpg","broken-found-elsewhere","1","repo","C:\Users\dstor\lse-repo\assets\B30_032__LSE_FOUND_B27_EXCLUSION_Seedlings_CutwormCollars_CardboardBarrier_KathleenMoore_CC-BY-2.0.jpg"
"C:\Users\dstor\Downloads\LSE_VOLUME_3_CROPS_IPM_DIAGNOSTICS_EDITED.html","Downloads","LSE_VOLUME_3_CROPS_IPM_DIAGNOSTICS_EDITED.html","251","assets/B30_031__LSE_FOUND_B27_PEST_Corn_BlackCutworm_SeveredSeedlingDamage_WM-Hantsbarger_CC-BY-3.0-US.jpg","C:\Users\dstor\Downloads\assets\B30_031__LSE_FOUND_B27_PEST_Corn_BlackCutworm_SeveredSeedlingDamage_WM-Hantsbarger_CC-BY-3.0-US.jpg","broken-found-elsewhere","1","repo","C:\Users\dstor\lse-repo\assets\B30_031__LSE_FOUND_B27_PEST_Corn_BlackCutworm_SeveredSeedlingDamage_WM-Hantsbarger_CC-BY-3.0-US.jpg"
"C:\Users\dstor\Downloads\LSE_VOLUME_3_CROPS_IPM_DIAGNOSTICS_EDITED.html","Downloads","LSE_VOLUME_3_CROPS_IPM_DIAGNOSTICS_EDITED.html","252","assets/B30_034__LSE_FOUND_B27_EXCLUSION_Containers_SlugBarrier_CopperTape_KathleenMoore_CC-BY-2.0.jpg","C:\Users\dstor\Downloads\assets\B30_034__LSE_FOUND_B27_EXCLUSION_Containers_SlugBarrier_CopperTape_KathleenMoore_CC-BY-2.0.jpg","broken-found-elsewhere","1","repo","C:\Users\dstor\lse-repo\assets\B30_034__LSE_FOUND_B27_EXCLUSION_Containers_SlugBarrier_CopperTape_KathleenMoore_CC-BY-2.0.jpg"
"C:\Users\dstor\Downloads\LSE_VOLUME_3_CROPS_IPM_DIAGNOSTICS_EDITED.html","Downloads","LSE_VOLUME_3_CROPS_IPM_DIAGNOSTICS_EDITED.html","263","assets/lse_figures/LSE_C03_Daily_Weekly_Scouting_Route_Ch39_Ch49.png","C:\Users\dstor\Downloads\assets\lse_figures\LSE_C03_Daily_Weekly_Scouting_Route_Ch39_Ch49.png","broken-nomatch","0","",""
"C:\Users\dstor\Downloads\LSE_VOLUME_3_CROPS_IPM_DIAGNOSTICS_EDITED.html","Downloads","LSE_VOLUME_3_CROPS_IPM_DIAGNOSTICS_EDITED.html","297","assets/lse_figures/LSE_B33_Beneficial_Insect_Lifecycle_Plate_Ch40.png","C:\Users\dstor\Downloads\assets\lse_figures\LSE_B33_Beneficial_Insect_Lifecycle_Plate_Ch40.png","broken-nomatch","0","",""
"C:\Users\dstor\Downloads\LSE_VOLUME_3_CROPS_IPM_DIAGNOSTICS_EDITED.html","Downloads","LSE_VOLUME_3_CROPS_IPM_DIAGNOSTICS_EDITED.html","330","assets/lse_figures/LSE_C07_Harvest_Postharvest_Handling_Workflow_Ch49.png","C:\Users\dstor\Downloads\assets\lse_figures\LSE_C07_Harvest_Postharvest_Handling_Workflow_Ch49.png","broken-found-elsewhere","1","repo","C:\Users\dstor\lse-repo\assets\lse_figures\LSE_C07_Harvest_Postharvest_Handling_Workflow_Ch49.png"
"C:\Users\dstor\Downloads\LSE_VOLUME_3_CROPS_IPM_DIAGNOSTICS_EDITED.html","Downloads","LSE_VOLUME_3_CROPS_IPM_DIAGNOSTICS_EDITED.html","346","assets/B30_038__LSE_FOUND_B27_ABIOTIC_Tomato_FertilizerBurn_YoungLeafScorch_UMD_VERIFY.jpg","C:\Users\dstor\Downloads\assets\B30_038__LSE_FOUND_B27_ABIOTIC_Tomato_FertilizerBurn_YoungLeafScorch_UMD_VERIFY.jpg","broken-found-elsewhere","1","repo","C:\Users\dstor\lse-repo\assets\B30_038__LSE_FOUND_B27_ABIOTIC_Tomato_FertilizerBurn_YoungLeafScorch_UMD_VERIFY.jpg"
"C:\Users\dstor\Downloads\LSE_VOLUME_3_CROPS_IPM_DIAGNOSTICS_EDITED.html","Downloads","LSE_VOLUME_3_CROPS_IPM_DIAGNOSTICS_EDITED.html","347","assets/B30_056__LSE_FOUND_B28_ABIOTIC_FertilizerBurn_LeafScorchPattern_CannabisCropMismatch_Fenrisulfir_CC-BY-SA-GFDL.jpg","C:\Users\dstor\Downloads\assets\B30_056__LSE_FOUND_B28_ABIOTIC_FertilizerBurn_LeafScorchPattern_CannabisCropMismatch_Fenrisulfir_CC-BY-SA-GFDL.jpg","broken-found-elsewhere","1","repo","C:\Users\dstor\lse-repo\assets\B30_056__LSE_FOUND_B28_ABIOTIC_FertilizerBurn_LeafScorchPattern_CannabisCropMismatch_Fenrisulfir_CC-BY-SA-GFDL.jpg"
"C:\Users\dstor\Downloads\LSE_VOLUME_3_CROPS_IPM_DIAGNOSTICS_EDITED.html","Downloads","LSE_VOLUME_3_CROPS_IPM_DIAGNOSTICS_EDITED.html","351","assets/B30_037__LSE_FOUND_B27_ABIOTIC_VegetableTransplant_ColdFreezeDamage_WhiteLeaves_UMD_VERIFY.jpg","C:\Users\dstor\Downloads\assets\B30_037__LSE_FOUND_B27_ABIOTIC_VegetableTransplant_ColdFreezeDamage_WhiteLeaves_UMD_VERIFY.jpg","broken-found-elsewhere","1","repo","C:\Users\dstor\lse-repo\assets\B30_037__LSE_FOUND_B27_ABIOTIC_VegetableTransplant_ColdFreezeDamage_WhiteLeaves_UMD_VERIFY.jpg"
"C:\Users\dstor\Downloads\LSE_VOLUME_3_CROPS_IPM_DIAGNOSTICS_EDITED.html","Downloads","LSE_VOLUME_3_CROPS_IPM_DIAGNOSTICS_EDITED.html","352","assets/B30_071__LSE_FOUND_B29_ABIOTIC_Bean_HerbicideInjury_EpinastySwollenStems_VCE_PublicUse.jpg","C:\Users\dstor\Downloads\assets\B30_071__LSE_FOUND_B29_ABIOTIC_Bean_HerbicideInjury_EpinastySwollenStems_VCE_PublicUse.jpg","broken-found-elsewhere","1","repo","C:\Users\dstor\lse-repo\assets\B30_071__LSE_FOUND_B29_ABIOTIC_Bean_HerbicideInjury_EpinastySwollenStems_VCE_PublicUse.jpg"
"C:\Users\dstor\Downloads\LSE_VOLUME_3_CROPS_IPM_DIAGNOSTICS_EDITED.html","Downloads","LSE_VOLUME_3_CROPS_IPM_DIAGNOSTICS_EDITED.html","353","assets/B30_072__LSE_FOUND_B29_ABIOTIC_Squash_HerbicideResidue_FieldEpinastyTwisting_VCE_PublicUse.jpg","C:\Users\dstor\Downloads\assets\B30_072__LSE_FOUND_B29_ABIOTIC_Squash_HerbicideResidue_FieldEpinastyTwisting_VCE_PublicUse.jpg","broken-found-elsewhere","1","repo","C:\Users\dstor\lse-repo\assets\B30_072__LSE_FOUND_B29_ABIOTIC_Squash_HerbicideResidue_FieldEpinastyTwisting_VCE_PublicUse.jpg"
"C:\Users\dstor\Downloads\LSE_VOLUME_3_CROPS_IPM_DIAGNOSTICS_EDITED.html","Downloads","LSE_VOLUME_3_CROPS_IPM_DIAGNOSTICS_EDITED.html","354","assets/B30_045__LSE_FOUND_B28_ABIOTIC_Tomato_HailDamage_FruitBruisesHoles_DwightSipler_CC-BY-2.0.jpg","C:\Users\dstor\Downloads\assets\B30_045__LSE_FOUND_B28_ABIOTIC_Tomato_HailDamage_FruitBruisesHoles_DwightSipler_CC-BY-2.0.jpg","broken-found-elsewhere","1","repo","C:\Users\dstor\lse-repo\assets\B30_045__LSE_FOUND_B28_ABIOTIC_Tomato_HailDamage_FruitBruisesHoles_DwightSipler_CC-BY-2.0.jpg"
"C:\Users\dstor\Downloads\LSE_VOLUME_3_CROPS_IPM_DIAGNOSTICS_EDITED.html","Downloads","LSE_VOLUME_3_CROPS_IPM_DIAGNOSTICS_EDITED.html","355","assets/B30_004__LSE_FOUND_B26_ABIOTIC_Tomato_HailDamage_BruisedBrokenStems_DwightSipler_CC-BY-2.jpg","C:\Users\dstor\Downloads\assets\B30_004__LSE_FOUND_B26_ABIOTIC_Tomato_HailDamage_BruisedBrokenStems_DwightSipler_CC-BY-2.jpg","broken-found-elsewhere","1","repo","C:\Users\dstor\lse-repo\assets\B30_004__LSE_FOUND_B26_ABIOTIC_Tomato_HailDamage_BruisedBrokenStems_DwightSipler_CC-BY-2.jpg"
"C:\Users\dstor\Downloads\LSE_VOLUME_3_CROPS_IPM_DIAGNOSTICS_EDITED.html","Downloads","LSE_VOLUME_3_CROPS_IPM_DIAGNOSTICS_EDITED.html","356","assets/B30_078__LSE_FOUND_B29_HOLD_ABIOTIC_Bean_PesticideBurn_ScorchedLeaves_UMD_VERIFY.png","C:\Users\dstor\Downloads\assets\B30_078__LSE_FOUND_B29_HOLD_ABIOTIC_Bean_PesticideBurn_ScorchedLeaves_UMD_VERIFY.png","broken-nomatch","0","",""
"C:\Users\dstor\Downloads\LSE_VOLUME_3_CROPS_IPM_DIAGNOSTICS_EDITED.html","Downloads","LSE_VOLUME_3_CROPS_IPM_DIAGNOSTICS_EDITED.html","360","assets/B30_036__LSE_FOUND_B27_ABIOTIC_Bean_PesticideBurn_LeafScorch_UMD_VERIFY.png","C:\Users\dstor\Downloads\assets\B30_036__LSE_FOUND_B27_ABIOTIC_Bean_PesticideBurn_LeafScorch_UMD_VERIFY.png","broken-nomatch","0","",""
"C:\Users\dstor\Downloads\LSE_VOLUME_3_CROPS_IPM_DIAGNOSTICS_EDITED.html","Downloads","LSE_VOLUME_3_CROPS_IPM_DIAGNOSTICS_EDITED.html","361","assets/B30_077__LSE_FOUND_B29_HOLD_ABIOTIC_Squash_PesticideBurn_Phytotoxicity_UMD_VERIFY.jpg","C:\Users\dstor\Downloads\assets\B30_077__LSE_FOUND_B29_HOLD_ABIOTIC_Squash_PesticideBurn_Phytotoxicity_UMD_VERIFY.jpg","broken-found-elsewhere","1","repo","C:\Users\dstor\lse-repo\assets\B30_077__LSE_FOUND_B29_HOLD_ABIOTIC_Squash_PesticideBurn_Phytotoxicity_UMD_VERIFY.jpg"
"C:\Users\dstor\Downloads\LSE_VOLUME_3_CROPS_IPM_DIAGNOSTICS_EDITED.html","Downloads","LSE_VOLUME_3_CROPS_IPM_DIAGNOSTICS_EDITED.html","362","assets/B30_035__LSE_FOUND_B27_ABIOTIC_Squash_PesticideBurn_SoapPyrethrinLeafScorch_UMD_VERIFY.jpg","C:\Users\dstor\Downloads\assets\B30_035__LSE_FOUND_B27_ABIOTIC_Squash_PesticideBurn_SoapPyrethrinLeafScorch_UMD_VERIFY.jpg","broken-found-elsewhere","1","repo","C:\Users\dstor\lse-repo\assets\B30_035__LSE_FOUND_B27_ABIOTIC_Squash_PesticideBurn_SoapPyrethrinLeafScorch_UMD_VERIFY.jpg"
"C:\Users\dstor\Downloads\LSE_VOLUME_3_CROPS_IPM_DIAGNOSTICS_EDITED.html","Downloads","LSE_VOLUME_3_CROPS_IPM_DIAGNOSTICS_EDITED.html","363","assets/B30_001__LSE_FOUND_B26_ABIOTIC_Pepper_Sunscald_ExposedFruit_DonFerrin_Bugwood_CC-BY-3.jpg","C:\Users\dstor\Downloads\assets\B30_001__LSE_FOUND_B26_ABIOTIC_Pepper_Sunscald_ExposedFruit_DonFerrin_Bugwood_CC-BY-3.jpg","broken-found-elsewhere","1","repo","C:\Users\dstor\lse-repo\assets\B30_001__LSE_FOUND_B26_ABIOTIC_Pepper_Sunscald_ExposedFruit_DonFerrin_Bugwood_CC-BY-3.jpg"
"C:\Users\dstor\Downloads\LSE_VOLUME_3_CROPS_IPM_DIAGNOSTICS_EDITED.html","Downloads","LSE_VOLUME_3_CROPS_IPM_DIAGNOSTICS_EDITED.html","364","assets/B30_002__LSE_FOUND_B26_ABIOTIC_Tomato_FruitCracking_IrregularIrrigationCue_Fructibus_CC0.jpg","C:\Users\dstor\Downloads\assets\B30_002__LSE_FOUND_B26_ABIOTIC_Tomato_FruitCracking_IrregularIrrigationCue_Fructibus_CC0.jpg","broken-found-elsewhere","1","repo","C:\Users\dstor\lse-repo\assets\B30_002__LSE_FOUND_B26_ABIOTIC_Tomato_FruitCracking_IrregularIrrigationCue_Fructibus_CC0.jpg"
"C:\Users\dstor\Downloads\LSE_VOLUME_3_CROPS_IPM_DIAGNOSTICS_EDITED.html","Downloads","LSE_VOLUME_3_CROPS_IPM_DIAGNOSTICS_EDITED.html","368","assets/B30_050__LSE_FOUND_B28_ABIOTIC_Tomato_FrostDamage_LeafFruitBurn_AmroBinKulthoum_CC-BY-SA-3.0.jpg","C:\Users\dstor\Downloads\assets\B30_050__LSE_FOUND_B28_ABIOTIC_Tomato_FrostDamage_LeafFruitBurn_AmroBinKulthoum_CC-BY-SA-3.0.jpg","broken-found-elsewhere","1","repo","C:\Users\dstor\lse-repo\assets\B30_050__LSE_FOUND_B28_ABIOTIC_Tomato_FrostDamage_LeafFruitBurn_AmroBinKulthoum_CC-BY-SA-3.0.jpg"
"C:\Users\dstor\Downloads\LSE_VOLUME_3_CROPS_IPM_DIAGNOSTICS_EDITED.html","Downloads","LSE_VOLUME_3_CROPS_IPM_DIAGNOSTICS_EDITED.html","369","assets/B30_003__LSE_FOUND_B26_ABIOTIC_Tomato_Catfacing_FruitDeformity_ParthasarathySeethapathy_CC-BY-SA-4.jpg","C:\Users\dstor\Downloads\assets\B30_003__LSE_FOUND_B26_ABIOTIC_Tomato_Catfacing_FruitDeformity_ParthasarathySeethapathy_CC-BY-SA-4.jpg","broken-found-elsewhere","1","repo","C:\Users\dstor\lse-repo\assets\B30_003__LSE_FOUND_B26_ABIOTIC_Tomato_Catfacing_FruitDeformity_ParthasarathySeethapathy_CC-BY-SA-4.jpg"
"C:\Users\dstor\Downloads\LSE_VOLUME_3_CROPS_IPM_DIAGNOSTICS_EDITED.html","Downloads","LSE_VOLUME_3_CROPS_IPM_DIAGNOSTICS_EDITED.html","371","assets/lse_figures/LSE_D03_Damping_Off_Lookalike_Plate_Ch42_49.png","C:\Users\dstor\Downloads\assets\lse_figures\LSE_D03_Damping_Off_Lookalike_Plate_Ch42_49.png","broken-nomatch","0","",""
"C:\Users\dstor\Downloads\LSE_VOLUME_3_CROPS_IPM_DIAGNOSTICS_EDITED.html","Downloads","LSE_VOLUME_3_CROPS_IPM_DIAGNOSTICS_EDITED.html","378","assets/lse_figures/LSE_D15_Tomato_Leaf_Spot_Lookalikes_Ch42.png","C:\Users\dstor\Downloads\assets\lse_figures\LSE_D15_Tomato_Leaf_Spot_Lookalikes_Ch42.png","broken-nomatch","0","",""
"C:\Users\dstor\Downloads\LSE_VOLUME_3_CROPS_IPM_DIAGNOSTICS_EDITED.html","Downloads","LSE_VOLUME_3_CROPS_IPM_DIAGNOSTICS_EDITED.html","378","assets/lse_figures/LSE_D19_Powdery_Mildew_vs_Downy_Mildew_Ch42.png","C:\Users\dstor\Downloads\assets\lse_figures\LSE_D19_Powdery_Mildew_vs_Downy_Mildew_Ch42.png","broken-nomatch","0","",""
"C:\Users\dstor\Downloads\LSE_VOLUME_3_CROPS_IPM_DIAGNOSTICS_EDITED.html","Downloads","LSE_VOLUME_3_CROPS_IPM_DIAGNOSTICS_EDITED.html","384","assets/lse_figures/LSE_D01_Wilt_Triage_Decision_Tree_Ch42.png","C:\Users\dstor\Downloads\assets\lse_figures\LSE_D01_Wilt_Triage_Decision_Tree_Ch42.png","broken-found-elsewhere","1","repo","C:\Users\dstor\lse-repo\assets\lse_figures\LSE_D01_Wilt_Triage_Decision_Tree_Ch42.png"
"C:\Users\dstor\Downloads\LSE_VOLUME_3_CROPS_IPM_DIAGNOSTICS_EDITED.html","Downloads","LSE_VOLUME_3_CROPS_IPM_DIAGNOSTICS_EDITED.html","384","assets/lse_figures/LSE_D02_Southern_Blight_vs_White_Mold_Ch42.png","C:\Users\dstor\Downloads\assets\lse_figures\LSE_D02_Southern_Blight_vs_White_Mold_Ch42.png","broken-nomatch","0","",""
"C:\Users\dstor\Downloads\LSE_VOLUME_3_CROPS_IPM_DIAGNOSTICS_EDITED.html","Downloads","LSE_VOLUME_3_CROPS_IPM_DIAGNOSTICS_EDITED.html","389","assets/lse_figures/LSE_D05_Herbicide_Drift_Growth_Regulator_Lookalike_Plate_Ch42.png","C:\Users\dstor\Downloads\assets\lse_figures\LSE_D05_Herbicide_Drift_Growth_Regulator_Lookalike_Plate_Ch42.png","broken-nomatch","0","",""
"C:\Users\dstor\Downloads\LSE_VOLUME_3_CROPS_IPM_DIAGNOSTICS_EDITED.html","Downloads","LSE_VOLUME_3_CROPS_IPM_DIAGNOSTICS_EDITED.html","389","assets/user_created_web/UCI_029_Troubleshooting_Decision_Tree_Yellowing_Leaves.png","C:\Users\dstor\Downloads\assets\user_created_web\UCI_029_Troubleshooting_Decision_Tree_Yellowing_Leaves.png","broken-found-elsewhere","1","repo","C:\Users\dstor\lse-repo\assets\user_created_web\UCI_029_Troubleshooting_Decision_Tree_Yellowing_Leaves.png"
"C:\Users\dstor\Downloads\LSE_VOLUME_3_CROPS_IPM_DIAGNOSTICS_EDITED.html","Downloads","LSE_VOLUME_3_CROPS_IPM_DIAGNOSTICS_EDITED.html","393","assets/lse_figures/LSE_D16_Pepper_Abiotic_Disorders_Herbicide_Lookalikes_Ch42.png","C:\Users\dstor\Downloads\assets\lse_figures\LSE_D16_Pepper_Abiotic_Disorders_Herbicide_Lookalikes_Ch42.png","broken-nomatch","0","",""
"C:\Users\dstor\Downloads\LSE_VOLUME_3_CROPS_IPM_DIAGNOSTICS_EDITED.html","Downloads","LSE_VOLUME_3_CROPS_IPM_DIAGNOSTICS_EDITED.html","409","assets/user_created_web/UCI_025_Brix_Monitoring_Chart.png","C:\Users\dstor\Downloads\assets\user_created_web\UCI_025_Brix_Monitoring_Chart.png","broken-found-elsewhere","1","repo","C:\Users\dstor\lse-repo\assets\user_created_web\UCI_025_Brix_Monitoring_Chart.png"
"C:\Users\dstor\Downloads\LSE_VOLUME_3_CROPS_IPM_DIAGNOSTICS_EDITED.html","Downloads","LSE_VOLUME_3_CROPS_IPM_DIAGNOSTICS_EDITED.html","470","assets/lse_figures/LSE_A20_Soil_Microscopy_Workflow_Ch44.png","C:\Users\dstor\Downloads\assets\lse_figures\LSE_A20_Soil_Microscopy_Workflow_Ch44.png","broken-found-elsewhere","1","repo","C:\Users\dstor\lse-repo\assets\lse_figures\LSE_A20_Soil_Microscopy_Workflow_Ch44.png"
"C:\Users\dstor\Downloads\LSE_VOLUME_3_CROPS_IPM_DIAGNOSTICS_EDITED.html","Downloads","LSE_VOLUME_3_CROPS_IPM_DIAGNOSTICS_EDITED.html","515","assets/user_created_web/UCI_023_Soil_Test_Results_How_to_Read_Them.png","C:\Users\dstor\Downloads\assets\user_created_web\UCI_023_Soil_Test_Results_How_to_Read_Them.png","broken-nomatch","0","",""
"C:\Users\dstor\Downloads\LSE_VOLUME_3_CROPS_IPM_DIAGNOSTICS_EDITED.html","Downloads","LSE_VOLUME_3_CROPS_IPM_DIAGNOSTICS_EDITED.html","538","assets/lse_figures/LSE_C12_Soil_Test_Report_Decoder_Ch45.png","C:\Users\dstor\Downloads\assets\lse_figures\LSE_C12_Soil_Test_Report_Decoder_Ch45.png","broken-found-elsewhere","1","repo","C:\Users\dstor\lse-repo\assets\lse_figures\LSE_C12_Soil_Test_Report_Decoder_Ch45.png"
"C:\Users\dstor\Downloads\LSE_VOLUME_3_CROPS_IPM_DIAGNOSTICS_EDITED.html","Downloads","LSE_VOLUME_3_CROPS_IPM_DIAGNOSTICS_EDITED.html","562","assets/lse_figures/LSE_C13_Mobile_vs_Immobile_Nutrient_Symptom_Map_Ch46.png","C:\Users\dstor\Downloads\assets\lse_figures\LSE_C13_Mobile_vs_Immobile_Nutrient_Symptom_Map_Ch46.png","broken-found-elsewhere","1","repo","C:\Users\dstor\lse-repo\assets\lse_figures\LSE_C13_Mobile_vs_Immobile_Nutrient_Symptom_Map_Ch46.png"
"C:\Users\dstor\Downloads\LSE_VOLUME_3_CROPS_IPM_DIAGNOSTICS_EDITED.html","Downloads","LSE_VOLUME_3_CROPS_IPM_DIAGNOSTICS_EDITED.html","613","assets/lse_figures/LSE_C10_Refractometer_Protocol_Card_Ch47.png","C:\Users\dstor\Downloads\assets\lse_figures\LSE_C10_Refractometer_Protocol_Card_Ch47.png","broken-found-elsewhere","1","repo","C:\Users\dstor\lse-repo\assets\lse_figures\LSE_C10_Refractometer_Protocol_Card_Ch47.png"
"C:\Users\dstor\Downloads\LSE_VOLUME_3_CROPS_IPM_DIAGNOSTICS_EDITED.html","Downloads","LSE_VOLUME_3_CROPS_IPM_DIAGNOSTICS_EDITED.html","849","assets/lse_figures/LSE_C14_Electroculture_Self_Experiment_Layout_Ch48.png","C:\Users\dstor\Downloads\assets\lse_figures\LSE_C14_Electroculture_Self_Experiment_Layout_Ch48.png","broken-nomatch","0","",""
"C:\Users\dstor\Downloads\LSE_VOLUME_3_CROPS_IPM_DIAGNOSTICS_EDITED.html","Downloads","LSE_VOLUME_3_CROPS_IPM_DIAGNOSTICS_EDITED.html","1150","assets/B30_070__LSE_FOUND_B29_ABIOTIC_Tomato_HerbicideResidue_CuppedNewGrowth_VCE_PublicUse.jpg","C:\Users\dstor\Downloads\assets\B30_070__LSE_FOUND_B29_ABIOTIC_Tomato_HerbicideResidue_CuppedNewGrowth_VCE_PublicUse.jpg","broken-found-elsewhere","1","repo","C:\Users\dstor\lse-repo\assets\B30_070__LSE_FOUND_B29_ABIOTIC_Tomato_HerbicideResidue_CuppedNewGrowth_VCE_PublicUse.jpg"
"C:\Users\dstor\Downloads\LSE_VOLUME_3_CROPS_IPM_DIAGNOSTICS_EDITED.html","Downloads","LSE_VOLUME_3_CROPS_IPM_DIAGNOSTICS_EDITED.html","1150","assets/B30_022__LSE_FOUND_B27_ABIOTIC_Tomato_2-4DDrift_CuppedNewGrowth_MaryAnnHansen-Bugwood_CONDITIONAL.jpg","C:\Users\dstor\Downloads\assets\B30_022__LSE_FOUND_B27_ABIOTIC_Tomato_2-4DDrift_CuppedNewGrowth_MaryAnnHansen-Bugwood_CONDITIONAL.jpg","broken-found-elsewhere","1","repo","C:\Users\dstor\lse-repo\assets\B30_022__LSE_FOUND_B27_ABIOTIC_Tomato_2-4DDrift_CuppedNewGrowth_MaryAnnHansen-Bugwood_CONDITIONAL.jpg"
"C:\Users\dstor\Downloads\LSE_VOLUME_3_CROPS_IPM_DIAGNOSTICS_EDITED.html","Downloads","LSE_VOLUME_3_CROPS_IPM_DIAGNOSTICS_EDITED.html","1150","assets/B30_023__LSE_FOUND_B27_ABIOTIC_Tomato_GlyphosateInjury_YellowDistortedNewGrowth_NathanHoward-Bugwood_VERIFY.jpg","C:\Users\dstor\Downloads\assets\B30_023__LSE_FOUND_B27_ABIOTIC_Tomato_GlyphosateInjury_YellowDistortedNewGrowth_NathanHoward-Bugwood_VERIFY.jpg","broken-found-elsewhere","1","repo","C:\Users\dstor\lse-repo\assets\B30_023__LSE_FOUND_B27_ABIOTIC_Tomato_GlyphosateInjury_YellowDistortedNewGrowth_NathanHoward-Bugwood_VERIFY.jpg"
"C:\Users\dstor\Downloads\LSE_VOLUME_3_CROPS_IPM_DIAGNOSTICS_EDITED.html","Downloads","LSE_VOLUME_3_CROPS_IPM_DIAGNOSTICS_EDITED.html","1150","assets/B30_024__LSE_FOUND_B27_ABIOTIC_Tomato_2-4DInjury_TwistedCurlingShoot_PBacchi-Bugwood_VERIFY.png","C:\Users\dstor\Downloads\assets\B30_024__LSE_FOUND_B27_ABIOTIC_Tomato_2-4DInjury_TwistedCurlingShoot_PBacchi-Bugwood_VERIFY.png","broken-nomatch","0","",""
"C:\Users\dstor\Downloads\LSE_VOLUME_3_CROPS_IPM_DIAGNOSTICS_EDITED.html","Downloads","LSE_VOLUME_3_CROPS_IPM_DIAGNOSTICS_EDITED.html","1150","assets/B30_039__LSE_FOUND_B27_ABIOTIC_Tomato_FlumioxazinDrift_FruitNecrosis_NCSU-CC-BY-NC-SA_REJECT.png","C:\Users\dstor\Downloads\assets\B30_039__LSE_FOUND_B27_ABIOTIC_Tomato_FlumioxazinDrift_FruitNecrosis_NCSU-CC-BY-NC-SA_REJECT.png","broken-nomatch","0","",""
"C:\Users\dstor\Downloads\LSE_VOLUME_3_CROPS_IPM_DIAGNOSTICS_EDITED.html","Downloads","LSE_VOLUME_3_CROPS_IPM_DIAGNOSTICS_EDITED.html","1150","assets/B30_040__LSE_FOUND_B27_ABIOTIC_Tomato_FlumioxazinDrift_FoliageStemNecrosis_NCSU-CC-BY-NC-SA_REJECT.png","C:\Users\dstor\Downloads\assets\B30_040__LSE_FOUND_B27_ABIOTIC_Tomato_FlumioxazinDrift_FoliageStemNecrosis_NCSU-CC-BY-NC-SA_REJECT.png","broken-nomatch","0","",""
"C:\Users\dstor\Downloads\LSE_VOLUME_3_CROPS_IPM_DIAGNOSTICS_EDITED.html","Downloads","LSE_VOLUME_3_CROPS_IPM_DIAGNOSTICS_EDITED.html","1664","assets/user_created_web/UCI_026_Electroculture_Experimental_Protocol_Layout.png","C:\Users\dstor\Downloads\assets\user_created_web\UCI_026_Electroculture_Experimental_Protocol_Layout.png","broken-found-elsewhere","1","repo","C:\Users\dstor\lse-repo\assets\user_created_web\UCI_026_Electroculture_Experimental_Protocol_Layout.png"
"C:\Users\dstor\Downloads\LSE_VOLUME_3_CROPS_IPM_DIAGNOSTICS_EDITED.html","Downloads","LSE_VOLUME_3_CROPS_IPM_DIAGNOSTICS_EDITED.html","1714","assets/user_created_web/UCI_027_Plant_Electrophysiology_Electrical_Signaling_Pathways.png","C:\Users\dstor\Downloads\assets\user_created_web\UCI_027_Plant_Electrophysiology_Electrical_Signaling_Pathways.png","broken-nomatch","0","",""
"C:\Users\dstor\Downloads\LSE_VOLUME_3_CROPS_IPM_DIAGNOSTICS_EDITED.html","Downloads","LSE_VOLUME_3_CROPS_IPM_DIAGNOSTICS_EDITED.html","2363","assets/B30_012__LSE_FOUND_B26_PEST_SquashBug_Nymphs_OnSummerSquash_Pollinator_CC-BY-2-5.jpg","C:\Users\dstor\Downloads\assets\B30_012__LSE_FOUND_B26_PEST_SquashBug_Nymphs_OnSummerSquash_Pollinator_CC-BY-2-5.jpg","broken-found-elsewhere","1","repo","C:\Users\dstor\lse-repo\assets\B30_012__LSE_FOUND_B26_PEST_SquashBug_Nymphs_OnSummerSquash_Pollinator_CC-BY-2-5.jpg"
"C:\Users\dstor\Downloads\LSE_VOLUME_3_CROPS_IPM_DIAGNOSTICS_EDITED.html","Downloads","LSE_VOLUME_3_CROPS_IPM_DIAGNOSTICS_EDITED.html","2363","assets/B30_010__LSE_FOUND_B26_PEST_SquashBug_EggCluster_UndersidePumpkinLeaf_Bdm25_CC-BY-SA-4.jpg","C:\Users\dstor\Downloads\assets\B30_010__LSE_FOUND_B26_PEST_SquashBug_EggCluster_UndersidePumpkinLeaf_Bdm25_CC-BY-SA-4.jpg","broken-found-elsewhere","1","repo","C:\Users\dstor\lse-repo\assets\B30_010__LSE_FOUND_B26_PEST_SquashBug_EggCluster_UndersidePumpkinLeaf_Bdm25_CC-BY-SA-4.jpg"
"C:\Users\dstor\Downloads\LSE_VOLUME_3_CROPS_IPM_DIAGNOSTICS_EDITED.html","Downloads","LSE_VOLUME_3_CROPS_IPM_DIAGNOSTICS_EDITED.html","2363","assets/B30_011__LSE_FOUND_B26_PEST_SquashBug_EggCluster_AnasaTristis_BeatrizMoisset_CC-BY-SA-4.jpg","C:\Users\dstor\Downloads\assets\B30_011__LSE_FOUND_B26_PEST_SquashBug_EggCluster_AnasaTristis_BeatrizMoisset_CC-BY-SA-4.jpg","broken-found-elsewhere","1","repo","C:\Users\dstor\lse-repo\assets\B30_011__LSE_FOUND_B26_PEST_SquashBug_EggCluster_AnasaTristis_BeatrizMoisset_CC-BY-SA-4.jpg"
"C:\Users\dstor\Downloads\LSE_VOLUME_3_CROPS_IPM_DIAGNOSTICS_EDITED.html","Downloads","LSE_VOLUME_3_CROPS_IPM_DIAGNOSTICS_EDITED.html","2363","assets/B30_054__LSE_FOUND_B28_PEST_SquashVineBorer_FrassAtStem_Pollinator_CC-BY-2.5_CONDITIONAL.jpg","C:\Users\dstor\Downloads\assets\B30_054__LSE_FOUND_B28_PEST_SquashVineBorer_FrassAtStem_Pollinator_CC-BY-2.5_CONDITIONAL.jpg","broken-found-elsewhere","1","repo","C:\Users\dstor\lse-repo\assets\B30_054__LSE_FOUND_B28_PEST_SquashVineBorer_FrassAtStem_Pollinator_CC-BY-2.5_CONDITIONAL.jpg"
"C:\Users\dstor\Downloads\LSE_VOLUME_3_CROPS_IPM_DIAGNOSTICS_EDITED.html","Downloads","LSE_VOLUME_3_CROPS_IPM_DIAGNOSTICS_EDITED.html","2363","assets/B30_055__LSE_FOUND_B28_PEST_SquashVineBorer_LarvaeSplitStemFrass_Pollinator_CC-BY-2.5_CONDITIONAL.jpg","C:\Users\dstor\Downloads\assets\B30_055__LSE_FOUND_B28_PEST_SquashVineBorer_LarvaeSplitStemFrass_Pollinator_CC-BY-2.5_CONDITIONAL.jpg","broken-found-elsewhere","1","repo","C:\Users\dstor\lse-repo\assets\B30_055__LSE_FOUND_B28_PEST_SquashVineBorer_LarvaeSplitStemFrass_Pollinator_CC-BY-2.5_CONDITIONAL.jpg"
"C:\Users\dstor\Downloads\LSE_VOLUME_3_CROPS_IPM_DIAGNOSTICS_EDITED.html","Downloads","LSE_VOLUME_3_CROPS_IPM_DIAGNOSTICS_EDITED.html","2363","assets/B30_013__LSE_FOUND_B26_PEST_SquashBug_Adult_MarginalResolution_Downtowngal_CC0.jpg","C:\Users\dstor\Downloads\assets\B30_013__LSE_FOUND_B26_PEST_SquashBug_Adult_MarginalResolution_Downtowngal_CC0.jpg","broken-found-elsewhere","1","repo","C:\Users\dstor\lse-repo\assets\B30_013__LSE_FOUND_B26_PEST_SquashBug_Adult_MarginalResolution_Downtowngal_CC0.jpg"
"C:\Users\dstor\Downloads\LSE_VOLUME_3_CROPS_IPM_DIAGNOSTICS_EDITED.html","Downloads","LSE_VOLUME_3_CROPS_IPM_DIAGNOSTICS_EDITED.html","2375","assets/B30_046__LSE_FOUND_B28_ROOTS_Tomato_BacterialWilt_StemCrossSection_ClemsonUSDA_CC-BY-3.0.jpg","C:\Users\dstor\Downloads\assets\B30_046__LSE_FOUND_B28_ROOTS_Tomato_BacterialWilt_StemCrossSection_ClemsonUSDA_CC-BY-3.0.jpg","broken-found-elsewhere","1","repo","C:\Users\dstor\lse-repo\assets\B30_046__LSE_FOUND_B28_ROOTS_Tomato_BacterialWilt_StemCrossSection_ClemsonUSDA_CC-BY-3.0.jpg"
"C:\Users\dstor\Downloads\LSE_VOLUME_3_CROPS_IPM_DIAGNOSTICS_EDITED.html","Downloads","LSE_VOLUME_3_CROPS_IPM_DIAGNOSTICS_EDITED.html","2375","assets/B30_051__LSE_FOUND_B28_DISEASE_Tomato_SouthernBlight_SclerotiaAtCrown_PersleyCooke_CC-BY-SA-3.0_LOWRES.jpg","C:\Users\dstor\Downloads\assets\B30_051__LSE_FOUND_B28_DISEASE_Tomato_SouthernBlight_SclerotiaAtCrown_PersleyCooke_CC-BY-SA-3.0_LOWRES.jpg","broken-found-elsewhere","1","repo","C:\Users\dstor\lse-repo\assets\B30_051__LSE_FOUND_B28_DISEASE_Tomato_SouthernBlight_SclerotiaAtCrown_PersleyCooke_CC-BY-SA-3.0_LOWRES.jpg"
"C:\Users\dstor\Downloads\LSE_VOLUME_3_CROPS_IPM_DIAGNOSTICS_EDITED.html","Downloads","LSE_VOLUME_3_CROPS_IPM_DIAGNOSTICS_EDITED.html","2375","assets/B30_025__LSE_FOUND_B27_ROOTS_Tomato_FusariumWilt_VascularBrowningStemSplit_NCSU-IngaMeadows_VERIFY.jpg","C:\Users\dstor\Downloads\assets\B30_025__LSE_FOUND_B27_ROOTS_Tomato_FusariumWilt_VascularBrowningStemSplit_NCSU-IngaMeadows_VERIFY.jpg","broken-found-elsewhere","1","repo","C:\Users\dstor\lse-repo\assets\B30_025__LSE_FOUND_B27_ROOTS_Tomato_FusariumWilt_VascularBrowningStemSplit_NCSU-IngaMeadows_VERIFY.jpg"
"C:\Users\dstor\Downloads\LSE_VOLUME_3_CROPS_IPM_DIAGNOSTICS_EDITED.html","Downloads","LSE_VOLUME_3_CROPS_IPM_DIAGNOSTICS_EDITED.html","2375","assets/B30_082__LSE_FOUND_B29_HOLD_DISEASE_Tomato_BacterialWilt_StreamingTest_UAEX_PERMISSION.jpg","C:\Users\dstor\Downloads\assets\B30_082__LSE_FOUND_B29_HOLD_DISEASE_Tomato_BacterialWilt_StreamingTest_UAEX_PERMISSION.jpg","broken-found-elsewhere","1","repo","C:\Users\dstor\lse-repo\assets\B30_082__LSE_FOUND_B29_HOLD_DISEASE_Tomato_BacterialWilt_StreamingTest_UAEX_PERMISSION.jpg"
"C:\Users\dstor\Downloads\LSE_VOLUME_3_CROPS_IPM_DIAGNOSTICS_EDITED.html","Downloads","LSE_VOLUME_3_CROPS_IPM_DIAGNOSTICS_EDITED.html","2378","assets/B30_026__LSE_FOUND_B27_ROOTS_Pepper_DampingOff_StemCankerSoilLine_UMass-TSmith_VERIFY.jpg","C:\Users\dstor\Downloads\assets\B30_026__LSE_FOUND_B27_ROOTS_Pepper_DampingOff_StemCankerSoilLine_UMass-TSmith_VERIFY.jpg","broken-found-elsewhere","1","repo","C:\Users\dstor\lse-repo\assets\B30_026__LSE_FOUND_B27_ROOTS_Pepper_DampingOff_StemCankerSoilLine_UMass-TSmith_VERIFY.jpg"
"C:\Users\dstor\Downloads\LSE_VOLUME_3_CROPS_IPM_DIAGNOSTICS_EDITED.html","Downloads","LSE_VOLUME_3_CROPS_IPM_DIAGNOSTICS_EDITED.html","2379","assets/B30_047__LSE_FOUND_B28_DISEASE_Tomato_RhizoctoniaSolani_FruitRotBlackLesions_JGK_hn_CC-BY-3.0.jpg","C:\Users\dstor\Downloads\assets\B30_047__LSE_FOUND_B28_DISEASE_Tomato_RhizoctoniaSolani_FruitRotBlackLesions_JGK_hn_CC-BY-3.0.jpg","broken-found-elsewhere","1","repo","C:\Users\dstor\lse-repo\assets\B30_047__LSE_FOUND_B28_DISEASE_Tomato_RhizoctoniaSolani_FruitRotBlackLesions_JGK_hn_CC-BY-3.0.jpg"
"C:\Users\dstor\Downloads\LSE_VOLUME_3_CROPS_IPM_DIAGNOSTICS_EDITED.html","Downloads","LSE_VOLUME_3_CROPS_IPM_DIAGNOSTICS_EDITED.html","2379","assets/B30_076__LSE_FOUND_B29_ROOTS_ContainerRootbound_GirdledRoots_BrendanLandis_CC-BY-SA-2.0.jpg","C:\Users\dstor\Downloads\assets\B30_076__LSE_FOUND_B29_ROOTS_ContainerRootbound_GirdledRoots_BrendanLandis_CC-BY-SA-2.0.jpg","broken-found-elsewhere","1","repo","C:\Users\dstor\lse-repo\assets\B30_076__LSE_FOUND_B29_ROOTS_ContainerRootbound_GirdledRoots_BrendanLandis_CC-BY-SA-2.0.jpg"
"C:\Users\dstor\Downloads\LSE_VOLUME_3_CROPS_IPM_DIAGNOSTICS_EDITED.html","Downloads","LSE_VOLUME_3_CROPS_IPM_DIAGNOSTICS_EDITED.html","2578","assets/B30_006__LSE_FOUND_B26_ROOTS_Tomato_RootKnotNematode_GalledRoots_PlantPestsDiseases_CC0.jpg","C:\Users\dstor\Downloads\assets\B30_006__LSE_FOUND_B26_ROOTS_Tomato_RootKnotNematode_GalledRoots_PlantPestsDiseases_CC0.jpg","broken-found-elsewhere","1","repo","C:\Users\dstor\lse-repo\assets\B30_006__LSE_FOUND_B26_ROOTS_Tomato_RootKnotNematode_GalledRoots_PlantPestsDiseases_CC0.jpg"
"C:\Users\dstor\Downloads\files (5)\LSE_PRINT_READY_FINAL.html","Downloads","LSE_PRINT_READY_FINAL.html","26","assets/user_created_web/UCI_012_Raised_Bed_Cross_Section_Layers_and_Fill_Strategy.jpg","C:\Users\dstor\Downloads\files (5)\assets\user_created_web\UCI_012_Raised_Bed_Cross_Section_Layers_and_Fill_Strategy.jpg","broken-found-elsewhere","1","repo","C:\Users\dstor\lse-repo\assets\user_created_web\UCI_012_Raised_Bed_Cross_Section_Layers_and_Fill_Strategy.jpg"
"C:\Users\dstor\Downloads\files (5)\LSE_PRINT_READY_FINAL.html","Downloads","LSE_PRINT_READY_FINAL.html","26","assets/user_created_web/UCI_014_No_Till_Top_Dressing_Cycle.jpg","C:\Users\dstor\Downloads\files (5)\assets\user_created_web\UCI_014_No_Till_Top_Dressing_Cycle.jpg","broken-found-elsewhere","1","repo","C:\Users\dstor\lse-repo\assets\user_created_web\UCI_014_No_Till_Top_Dressing_Cycle.jpg"
"C:\Users\dstor\Downloads\files (5)\LSE_PRINT_READY_FINAL.html","Downloads","LSE_PRINT_READY_FINAL.html","26","assets/user_created_web/UCI_023_Soil_Test_Results_How_to_Read_Them.jpg","C:\Users\dstor\Downloads\files (5)\assets\user_created_web\UCI_023_Soil_Test_Results_How_to_Read_Them.jpg","broken-found-elsewhere","1","repo","C:\Users\dstor\lse-repo\assets\user_created_web\UCI_023_Soil_Test_Results_How_to_Read_Them.jpg"
"C:\Users\dstor\Downloads\files (5)\LSE_PRINT_READY_FINAL.html","Downloads","LSE_PRINT_READY_FINAL.html","26","assets/user_created_web/UCI_029_Troubleshooting_Decision_Tree_Yellowing_Leaves.jpg","C:\Users\dstor\Downloads\files (5)\assets\user_created_web\UCI_029_Troubleshooting_Decision_Tree_Yellowing_Leaves.jpg","broken-nomatch","0","",""
"C:\Users\dstor\Downloads\files (5)\LSE_PRINT_READY_FINAL.html","Downloads","LSE_PRINT_READY_FINAL.html","26","assets/user_created_web/UCI_031_Home_Brew_Feed_Quick_Reference_Card.jpg","C:\Users\dstor\Downloads\files (5)\assets\user_created_web\UCI_031_Home_Brew_Feed_Quick_Reference_Card.jpg","broken-nomatch","0","",""
"C:\Users\dstor\Downloads\files (5)\LSE_PRINT_READY_FINAL.html","Downloads","LSE_PRINT_READY_FINAL.html","530","assets/user_created_web/UCI_001_Soil_Food_Web_Complete_Trophic_Map.jpg","C:\Users\dstor\Downloads\files (5)\assets\user_created_web\UCI_001_Soil_Food_Web_Complete_Trophic_Map.jpg","broken-nomatch","0","",""
"C:\Users\dstor\Downloads\files (5)\LSE_PRINT_READY_FINAL.html","Downloads","LSE_PRINT_READY_FINAL.html","632","assets/user_created_web/UCI_003_The_Nutrient_Mineralization_Loop.jpg","C:\Users\dstor\Downloads\files (5)\assets\user_created_web\UCI_003_The_Nutrient_Mineralization_Loop.jpg","broken-found-elsewhere","1","repo","C:\Users\dstor\lse-repo\assets\user_created_web\UCI_003_The_Nutrient_Mineralization_Loop.jpg"
"C:\Users\dstor\Downloads\files (5)\LSE_PRINT_READY_FINAL.html","Downloads","LSE_PRINT_READY_FINAL.html","686","assets/user_created_web/UCI_005_ISR_and_SAR_The_Plant_Immune_System.jpg","C:\Users\dstor\Downloads\files (5)\assets\user_created_web\UCI_005_ISR_and_SAR_The_Plant_Immune_System.jpg","broken-found-elsewhere","1","repo","C:\Users\dstor\lse-repo\assets\user_created_web\UCI_005_ISR_and_SAR_The_Plant_Immune_System.jpg"
"C:\Users\dstor\Downloads\files (5)\LSE_PRINT_READY_FINAL.html","Downloads","LSE_PRINT_READY_FINAL.html","724","assets/user_created_web/UCI_002_Bacterial_vs_Fungal_Soil_Dominance.jpg","C:\Users\dstor\Downloads\files (5)\assets\user_created_web\UCI_002_Bacterial_vs_Fungal_Soil_Dominance.jpg","broken-found-elsewhere","1","repo","C:\Users\dstor\lse-repo\assets\user_created_web\UCI_002_Bacterial_vs_Fungal_Soil_Dominance.jpg"
"C:\Users\dstor\Downloads\files (5)\LSE_PRINT_READY_FINAL.html","Downloads","LSE_PRINT_READY_FINAL.html","757","assets/user_created_web/UCI_009_Fungal_Bacterial_Input_Guide.jpg","C:\Users\dstor\Downloads\files (5)\assets\user_created_web\UCI_009_Fungal_Bacterial_Input_Guide.jpg","broken-nomatch","0","",""
"C:\Users\dstor\Downloads\files (5)\LSE_PRINT_READY_FINAL.html","Downloads","LSE_PRINT_READY_FINAL.html","771","assets/user_created_web/UCI_007_Composite_Method_Reference.jpg","C:\Users\dstor\Downloads\files (5)\assets\user_created_web\UCI_007_Composite_Method_Reference.jpg","broken-nomatch","0","",""
"C:\Users\dstor\Downloads\files (5)\LSE_PRINT_READY_FINAL.html","Downloads","LSE_PRINT_READY_FINAL.html","782","assets/user_created_web/UCI_006_Permaculture_Zone_Map.jpg","C:\Users\dstor\Downloads\files (5)\assets\user_created_web\UCI_006_Permaculture_Zone_Map.jpg","broken-nomatch","0","",""
"C:\Users\dstor\Downloads\files (5)\LSE_PRINT_READY_FINAL.html","Downloads","LSE_PRINT_READY_FINAL.html","1027","assets/user_created_web/UCI_008_Soil_Input_Categories_Overview.jpg","C:\Users\dstor\Downloads\files (5)\assets\user_created_web\UCI_008_Soil_Input_Categories_Overview.jpg","broken-found-elsewhere","1","repo","C:\Users\dstor\lse-repo\assets\user_created_web\UCI_008_Soil_Input_Categories_Overview.jpg"
"C:\Users\dstor\Downloads\files (5)\LSE_PRINT_READY_FINAL.html","Downloads","LSE_PRINT_READY_FINAL.html","1031","assets/B30_007__LSE_FOUND_B26_COMPOST_Compost_MaturityContamination_TemperatureInspection_StephenAusmus_USDA-PD.jpg","C:\Users\dstor\Downloads\files (5)\assets\B30_007__LSE_FOUND_B26_COMPOST_Compost_MaturityContamination_TemperatureInspection_StephenAusmus_USDA-PD.jpg","broken-found-elsewhere","1","repo","C:\Users\dstor\lse-repo\assets\B30_007__LSE_FOUND_B26_COMPOST_Compost_MaturityContamination_TemperatureInspection_StephenAusmus_USDA-PD.jpg"
"C:\Users\dstor\Downloads\files (5)\LSE_PRINT_READY_FINAL.html","Downloads","LSE_PRINT_READY_FINAL.html","1175","assets/user_created_web/UCI_004_Soil_Nutrient_Availability.jpg","C:\Users\dstor\Downloads\files (5)\assets\user_created_web\UCI_004_Soil_Nutrient_Availability.jpg","broken-found-elsewhere","1","repo","C:\Users\dstor\lse-repo\assets\user_created_web\UCI_004_Soil_Nutrient_Availability.jpg"
"C:\Users\dstor\Downloads\files (5)\LSE_PRINT_READY_FINAL.html","Downloads","LSE_PRINT_READY_FINAL.html","2989","assets/B30_068__LSE_FOUND_B29_PRACTICAL_ContainerVegetables_ReservoirSpace_WateringDepth_KathleenMoore_CC-BY-2.0.jpg","C:\Users\dstor\Downloads\files (5)\assets\B30_068__LSE_FOUND_B29_PRACTICAL_ContainerVegetables_ReservoirSpace_WateringDepth_KathleenMoore_CC-BY-2.0.jpg","broken-found-elsewhere","1","repo","C:\Users\dstor\lse-repo\assets\B30_068__LSE_FOUND_B29_PRACTICAL_ContainerVegetables_ReservoirSpace_WateringDepth_KathleenMoore_CC-BY-2.0.jpg"
"C:\Users\dstor\Downloads\files (5)\LSE_PRINT_READY_FINAL.html","Downloads","LSE_PRINT_READY_FINAL.html","2989","assets/B30_067__LSE_FOUND_B29_ABIOTIC_ContainerHerbs_SaltBuildup_WhiteSaltCrust_DianeMays_CC-BY-2.0.jpg","C:\Users\dstor\Downloads\files (5)\assets\B30_067__LSE_FOUND_B29_ABIOTIC_ContainerHerbs_SaltBuildup_WhiteSaltCrust_DianeMays_CC-BY-2.0.jpg","broken-found-elsewhere","1","repo","C:\Users\dstor\lse-repo\assets\B30_067__LSE_FOUND_B29_ABIOTIC_ContainerHerbs_SaltBuildup_WhiteSaltCrust_DianeMays_CC-BY-2.0.jpg"
"C:\Users\dstor\Downloads\files (5)\LSE_PRINT_READY_FINAL.html","Downloads","LSE_PRINT_READY_FINAL.html","2989","assets/B30_069__LSE_FOUND_B29_PRACTICAL_SmallSpaceVegetables_OutdoorRailingContainers_LucyBradley_CC-BY-2.0.jpg","C:\Users\dstor\Downloads\files (5)\assets\B30_069__LSE_FOUND_B29_PRACTICAL_SmallSpaceVegetables_OutdoorRailingContainers_LucyBradley_CC-BY-2.0.jpg","broken-found-elsewhere","1","repo","C:\Users\dstor\lse-repo\assets\B30_069__LSE_FOUND_B29_PRACTICAL_SmallSpaceVegetables_OutdoorRailingContainers_LucyBradley_CC-BY-2.0.jpg"
"C:\Users\dstor\Downloads\files (5)\LSE_PRINT_READY_FINAL.html","Downloads","LSE_PRINT_READY_FINAL.html","2989","assets/B30_005__LSE_FOUND_B26_ROOTS_Container_Rootbound_CirclingRoots_B137_CC0.jpg","C:\Users\dstor\Downloads\files (5)\assets\B30_005__LSE_FOUND_B26_ROOTS_Container_Rootbound_CirclingRoots_B137_CC0.jpg","broken-found-elsewhere","1","repo","C:\Users\dstor\lse-repo\assets\B30_005__LSE_FOUND_B26_ROOTS_Container_Rootbound_CirclingRoots_B137_CC0.jpg"
"C:\Users\dstor\Downloads\files (5)\LSE_PRINT_READY_FINAL.html","Downloads","LSE_PRINT_READY_FINAL.html","3158","assets/user_created_web/UCI_015_Three_Sisters_Guild.jpg","C:\Users\dstor\Downloads\files (5)\assets\user_created_web\UCI_015_Three_Sisters_Guild.jpg","broken-found-elsewhere","1","repo","C:\Users\dstor\lse-repo\assets\user_created_web\UCI_015_Three_Sisters_Guild.jpg"
"C:\Users\dstor\Downloads\files (5)\LSE_PRINT_READY_FINAL.html","Downloads","LSE_PRINT_READY_FINAL.html","3158","assets/user_created_web/UCI_016_Polyculture_Guild_Design.jpg","C:\Users\dstor\Downloads\files (5)\assets\user_created_web\UCI_016_Polyculture_Guild_Design.jpg","broken-found-elsewhere","1","repo","C:\Users\dstor\lse-repo\assets\user_created_web\UCI_016_Polyculture_Guild_Design.jpg"
"C:\Users\dstor\Downloads\files (5)\LSE_PRINT_READY_FINAL.html","Downloads","LSE_PRINT_READY_FINAL.html","3343","assets/B30_009__LSE_FOUND_B26_WATER_DripIrrigation_WettingPattern_PeggyGreb_USDA-PD.jpg","C:\Users\dstor\Downloads\files (5)\assets\B30_009__LSE_FOUND_B26_WATER_DripIrrigation_WettingPattern_PeggyGreb_USDA-PD.jpg","broken-found-elsewhere","1","repo","C:\Users\dstor\lse-repo\assets\B30_009__LSE_FOUND_B26_WATER_DripIrrigation_WettingPattern_PeggyGreb_USDA-PD.jpg"
"C:\Users\dstor\Downloads\files (5)\LSE_PRINT_READY_FINAL.html","Downloads","LSE_PRINT_READY_FINAL.html","3343","assets/B30_080__LSE_FOUND_B29_HOLD_ROOTS_Basil_RhizoctoniaRootRot_DarkRoots_MSU_PERMISSION.jpg","C:\Users\dstor\Downloads\files (5)\assets\B30_080__LSE_FOUND_B29_HOLD_ROOTS_Basil_RhizoctoniaRootRot_DarkRoots_MSU_PERMISSION.jpg","broken-found-elsewhere","1","repo","C:\Users\dstor\lse-repo\assets\B30_080__LSE_FOUND_B29_HOLD_ROOTS_Basil_RhizoctoniaRootRot_DarkRoots_MSU_PERMISSION.jpg"
"C:\Users\dstor\Downloads\files (5)\LSE_PRINT_READY_FINAL.html","Downloads","LSE_PRINT_READY_FINAL.html","3343","assets/B30_081__LSE_FOUND_B29_HOLD_ROOTS_Strawberry_BlackRootRot_HealthyVsDiseased_NCSU_PERMISSION.jpg","C:\Users\dstor\Downloads\files (5)\assets\B30_081__LSE_FOUND_B29_HOLD_ROOTS_Strawberry_BlackRootRot_HealthyVsDiseased_NCSU_PERMISSION.jpg","broken-found-elsewhere","1","repo","C:\Users\dstor\lse-repo\assets\B30_081__LSE_FOUND_B29_HOLD_ROOTS_Strawberry_BlackRootRot_HealthyVsDiseased_NCSU_PERMISSION.jpg"
"C:\Users\dstor\Downloads\files (5)\LSE_PRINT_READY_FINAL.html","Downloads","LSE_PRINT_READY_FINAL.html","3343","assets/user_created_web/UCI_018_Comparing_Irrigation_Systems_for_Home_Gardens.jpg","C:\Users\dstor\Downloads\files (5)\assets\user_created_web\UCI_018_Comparing_Irrigation_Systems_for_Home_Gardens.jpg","broken-found-elsewhere","1","repo","C:\Users\dstor\lse-repo\assets\user_created_web\UCI_018_Comparing_Irrigation_Systems_for_Home_Gardens.jpg"
"C:\Users\dstor\Downloads\files (5)\LSE_PRINT_READY_FINAL.html","Downloads","LSE_PRINT_READY_FINAL.html","3420","assets/B30_074__LSE_FOUND_B29_PRACTICAL_HighTunnel_Vegetables_RollUpVentilation_KathleenMoore_CC-BY-2.0.jpg","C:\Users\dstor\Downloads\files (5)\assets\B30_074__LSE_FOUND_B29_PRACTICAL_HighTunnel_Vegetables_RollUpVentilation_KathleenMoore_CC-BY-2.0.jpg","broken-found-elsewhere","1","repo","C:\Users\dstor\lse-repo\assets\B30_074__LSE_FOUND_B29_PRACTICAL_HighTunnel_Vegetables_RollUpVentilation_KathleenMoore_CC-BY-2.0.jpg"
"C:\Users\dstor\Downloads\files (5)\LSE_PRINT_READY_FINAL.html","Downloads","LSE_PRINT_READY_FINAL.html","3420","assets/B30_075__LSE_FOUND_B29_PRACTICAL_HerbsLettuce_ColdFrame_OpenLid_ChrisAlberti_CC-BY-2.0.jpg","C:\Users\dstor\Downloads\files (5)\assets\B30_075__LSE_FOUND_B29_PRACTICAL_HerbsLettuce_ColdFrame_OpenLid_ChrisAlberti_CC-BY-2.0.jpg","broken-found-elsewhere","1","repo","C:\Users\dstor\lse-repo\assets\B30_075__LSE_FOUND_B29_PRACTICAL_HerbsLettuce_ColdFrame_OpenLid_ChrisAlberti_CC-BY-2.0.jpg"
"C:\Users\dstor\Downloads\files (5)\LSE_PRINT_READY_FINAL.html","Downloads","LSE_PRINT_READY_FINAL.html","3497","assets/user_created_web/UCI_020_Common_Dallas_Pest_Identification_Guide.jpg","C:\Users\dstor\Downloads\files (5)\assets\user_created_web\UCI_020_Common_Dallas_Pest_Identification_Guide.jpg","broken-nomatch","0","",""
"C:\Users\dstor\Downloads\files (5)\LSE_PRINT_READY_FINAL.html","Downloads","LSE_PRINT_READY_FINAL.html","3497","assets/B30_052__LSE_FOUND_B28_PEST_Brassica_CabbageFlyLarva_StalkDamage_PakChoi_SchlagheckenJosef_CC-BY-SA-4.0.jpg","C:\Users\dstor\Downloads\files (5)\assets\B30_052__LSE_FOUND_B28_PEST_Brassica_CabbageFlyLarva_StalkDamage_PakChoi_SchlagheckenJosef_CC-BY-SA-4.0.jpg","broken-found-elsewhere","1","repo","C:\Users\dstor\lse-repo\assets\B30_052__LSE_FOUND_B28_PEST_Brassica_CabbageFlyLarva_StalkDamage_PakChoi_SchlagheckenJosef_CC-BY-SA-4.0.jpg"
"C:\Users\dstor\Downloads\files (5)\LSE_PRINT_READY_FINAL.html","Downloads","LSE_PRINT_READY_FINAL.html","3497","assets/B30_053__LSE_FOUND_B28_PEST_Brassica_DeliaRadicum_MaggotPupaLifeStages_Rasbak_CC-BY-SA-GFDL.jpg","C:\Users\dstor\Downloads\files (5)\assets\B30_053__LSE_FOUND_B28_PEST_Brassica_DeliaRadicum_MaggotPupaLifeStages_Rasbak_CC-BY-SA-GFDL.jpg","broken-found-elsewhere","1","repo","C:\Users\dstor\lse-repo\assets\B30_053__LSE_FOUND_B28_PEST_Brassica_DeliaRadicum_MaggotPupaLifeStages_Rasbak_CC-BY-SA-GFDL.jpg"
"C:\Users\dstor\Downloads\files (5)\LSE_PRINT_READY_FINAL.html","Downloads","LSE_PRINT_READY_FINAL.html","3497","assets/B30_027__LSE_FOUND_B27_PEST_Cowpea_CowpeaCurculio_PodCrossSectionLarvaAdult_UGA_VERIFY.jpg","C:\Users\dstor\Downloads\files (5)\assets\B30_027__LSE_FOUND_B27_PEST_Cowpea_CowpeaCurculio_PodCrossSectionLarvaAdult_UGA_VERIFY.jpg","broken-found-elsewhere","1","repo","C:\Users\dstor\lse-repo\assets\B30_027__LSE_FOUND_B27_PEST_Cowpea_CowpeaCurculio_PodCrossSectionLarvaAdult_UGA_VERIFY.jpg"
"C:\Users\dstor\Downloads\files (5)\LSE_PRINT_READY_FINAL.html","Downloads","LSE_PRINT_READY_FINAL.html","3497","assets/B30_028__LSE_FOUND_B27_PEST_Cowpea_CowpeaCurculio_LarvaInsidePodRisk_UGA_VERIFY.jpg","C:\Users\dstor\Downloads\files (5)\assets\B30_028__LSE_FOUND_B27_PEST_Cowpea_CowpeaCurculio_LarvaInsidePodRisk_UGA_VERIFY.jpg","broken-found-elsewhere","1","repo","C:\Users\dstor\lse-repo\assets\B30_028__LSE_FOUND_B27_PEST_Cowpea_CowpeaCurculio_LarvaInsidePodRisk_UGA_VERIFY.jpg"
"C:\Users\dstor\Downloads\files (5)\LSE_PRINT_READY_FINAL.html","Downloads","LSE_PRINT_READY_FINAL.html","3497","assets/B30_079__LSE_FOUND_B29_HOLD_PEST_Okra_StinkBugDamage_TwistedPods_Clemson_PERMISSION.jpg","C:\Users\dstor\Downloads\files (5)\assets\B30_079__LSE_FOUND_B29_HOLD_PEST_Okra_StinkBugDamage_TwistedPods_Clemson_PERMISSION.jpg","broken-found-elsewhere","1","repo","C:\Users\dstor\lse-repo\assets\B30_079__LSE_FOUND_B29_HOLD_PEST_Okra_StinkBugDamage_TwistedPods_Clemson_PERMISSION.jpg"
"C:\Users\dstor\Downloads\files (5)\LSE_PRINT_READY_FINAL.html","Downloads","LSE_PRINT_READY_FINAL.html","3497","assets/B30_029__LSE_FOUND_B27_PEST_Cowpea_CowpeaCurculio_AdultScouting_UGA_VERIFY.jpg","C:\Users\dstor\Downloads\files (5)\assets\B30_029__LSE_FOUND_B27_PEST_Cowpea_CowpeaCurculio_AdultScouting_UGA_VERIFY.jpg","broken-found-elsewhere","1","repo","C:\Users\dstor\lse-repo\assets\B30_029__LSE_FOUND_B27_PEST_Cowpea_CowpeaCurculio_AdultScouting_UGA_VERIFY.jpg"
"C:\Users\dstor\Downloads\files (5)\LSE_PRINT_READY_FINAL.html","Downloads","LSE_PRINT_READY_FINAL.html","3497","assets/B30_030__LSE_FOUND_B27_PEST_Eggplant_FleaBeetle_ShotHolePittedLeaf_DavidCappaert-Bugwood_VERIFY.jpg","C:\Users\dstor\Downloads\files (5)\assets\B30_030__LSE_FOUND_B27_PEST_Eggplant_FleaBeetle_ShotHolePittedLeaf_DavidCappaert-Bugwood_VERIFY.jpg","broken-found-elsewhere","1","repo","C:\Users\dstor\lse-repo\assets\B30_030__LSE_FOUND_B27_PEST_Eggplant_FleaBeetle_ShotHolePittedLeaf_DavidCappaert-Bugwood_VERIFY.jpg"
"C:\Users\dstor\Downloads\files (5)\LSE_PRINT_READY_FINAL.html","Downloads","LSE_PRINT_READY_FINAL.html","3497","assets/B30_073__LSE_FOUND_B29_PRACTICAL_RowCover_LowTunnel_FabricOverHoops_KathleenMoore_CC-BY-2.0.jpg","C:\Users\dstor\Downloads\files (5)\assets\B30_073__LSE_FOUND_B29_PRACTICAL_RowCover_LowTunnel_FabricOverHoops_KathleenMoore_CC-BY-2.0.jpg","broken-found-elsewhere","1","repo","C:\Users\dstor\lse-repo\assets\B30_073__LSE_FOUND_B29_PRACTICAL_RowCover_LowTunnel_FabricOverHoops_KathleenMoore_CC-BY-2.0.jpg"
"C:\Users\dstor\Downloads\files (5)\LSE_PRINT_READY_FINAL.html","Downloads","LSE_PRINT_READY_FINAL.html","3497","assets/B30_033__LSE_FOUND_B27_EXCLUSION_VegetableBeds_FloatingRowCover_PhysicalBarrier_ScotNelson_CONDITIONAL.jpg","C:\Users\dstor\Downloads\files (5)\assets\B30_033__LSE_FOUND_B27_EXCLUSION_VegetableBeds_FloatingRowCover_PhysicalBarrier_ScotNelson_CONDITIONAL.jpg","broken-found-elsewhere","1","repo","C:\Users\dstor\lse-repo\assets\B30_033__LSE_FOUND_B27_EXCLUSION_VegetableBeds_FloatingRowCover_PhysicalBarrier_ScotNelson_CONDITIONAL.jpg"
"C:\Users\dstor\Downloads\files (5)\LSE_PRINT_READY_FINAL.html","Downloads","LSE_PRINT_READY_FINAL.html","3497","assets/B30_048__LSE_FOUND_B28_PEST_Brassica_CabbageFlyMaggot_RootDamage_Kohlrabi_SchlagheckenJosef_CC-BY-4.0.jpg","C:\Users\dstor\Downloads\files (5)\assets\B30_048__LSE_FOUND_B28_PEST_Brassica_CabbageFlyMaggot_RootDamage_Kohlrabi_SchlagheckenJosef_CC-BY-4.0.jpg","broken-found-elsewhere","1","repo","C:\Users\dstor\lse-repo\assets\B30_048__LSE_FOUND_B28_PEST_Brassica_CabbageFlyMaggot_RootDamage_Kohlrabi_SchlagheckenJosef_CC-BY-4.0.jpg"
"C:\Users\dstor\Downloads\files (5)\LSE_PRINT_READY_FINAL.html","Downloads","LSE_PRINT_READY_FINAL.html","3497","assets/B30_032__LSE_FOUND_B27_EXCLUSION_Seedlings_CutwormCollars_CardboardBarrier_KathleenMoore_CC-BY-2.0.jpg","C:\Users\dstor\Downloads\files (5)\assets\B30_032__LSE_FOUND_B27_EXCLUSION_Seedlings_CutwormCollars_CardboardBarrier_KathleenMoore_CC-BY-2.0.jpg","broken-found-elsewhere","1","repo","C:\Users\dstor\lse-repo\assets\B30_032__LSE_FOUND_B27_EXCLUSION_Seedlings_CutwormCollars_CardboardBarrier_KathleenMoore_CC-BY-2.0.jpg"
"C:\Users\dstor\Downloads\files (5)\LSE_PRINT_READY_FINAL.html","Downloads","LSE_PRINT_READY_FINAL.html","3497","assets/B30_031__LSE_FOUND_B27_PEST_Corn_BlackCutworm_SeveredSeedlingDamage_WM-Hantsbarger_CC-BY-3.0-US.jpg","C:\Users\dstor\Downloads\files (5)\assets\B30_031__LSE_FOUND_B27_PEST_Corn_BlackCutworm_SeveredSeedlingDamage_WM-Hantsbarger_CC-BY-3.0-US.jpg","broken-found-elsewhere","1","repo","C:\Users\dstor\lse-repo\assets\B30_031__LSE_FOUND_B27_PEST_Corn_BlackCutworm_SeveredSeedlingDamage_WM-Hantsbarger_CC-BY-3.0-US.jpg"
"C:\Users\dstor\Downloads\files (5)\LSE_PRINT_READY_FINAL.html","Downloads","LSE_PRINT_READY_FINAL.html","3497","assets/B30_034__LSE_FOUND_B27_EXCLUSION_Containers_SlugBarrier_CopperTape_KathleenMoore_CC-BY-2.0.jpg","C:\Users\dstor\Downloads\files (5)\assets\B30_034__LSE_FOUND_B27_EXCLUSION_Containers_SlugBarrier_CopperTape_KathleenMoore_CC-BY-2.0.jpg","broken-found-elsewhere","1","repo","C:\Users\dstor\lse-repo\assets\B30_034__LSE_FOUND_B27_EXCLUSION_Containers_SlugBarrier_CopperTape_KathleenMoore_CC-BY-2.0.jpg"
"C:\Users\dstor\Downloads\files (5)\LSE_PRINT_READY_FINAL.html","Downloads","LSE_PRINT_READY_FINAL.html","3505","assets/user_created_web/UCI_019_IPM_Decision_Pyramid.jpg","C:\Users\dstor\Downloads\files (5)\assets\user_created_web\UCI_019_IPM_Decision_Pyramid.jpg","broken-nomatch","0","",""
"C:\Users\dstor\Downloads\files (5)\LSE_PRINT_READY_FINAL.html","Downloads","LSE_PRINT_READY_FINAL.html","3600","assets/B30_038__LSE_FOUND_B27_ABIOTIC_Tomato_FertilizerBurn_YoungLeafScorch_UMD_VERIFY.jpg","C:\Users\dstor\Downloads\files (5)\assets\B30_038__LSE_FOUND_B27_ABIOTIC_Tomato_FertilizerBurn_YoungLeafScorch_UMD_VERIFY.jpg","broken-found-elsewhere","1","repo","C:\Users\dstor\lse-repo\assets\B30_038__LSE_FOUND_B27_ABIOTIC_Tomato_FertilizerBurn_YoungLeafScorch_UMD_VERIFY.jpg"
"C:\Users\dstor\Downloads\files (5)\LSE_PRINT_READY_FINAL.html","Downloads","LSE_PRINT_READY_FINAL.html","3600","assets/B30_056__LSE_FOUND_B28_ABIOTIC_FertilizerBurn_LeafScorchPattern_CannabisCropMismatch_Fenrisulfir_CC-BY-SA-GFDL.jpg","C:\Users\dstor\Downloads\files (5)\assets\B30_056__LSE_FOUND_B28_ABIOTIC_FertilizerBurn_LeafScorchPattern_CannabisCropMismatch_Fenrisulfir_CC-BY-SA-GFDL.jpg","broken-found-elsewhere","1","repo","C:\Users\dstor\lse-repo\assets\B30_056__LSE_FOUND_B28_ABIOTIC_FertilizerBurn_LeafScorchPattern_CannabisCropMismatch_Fenrisulfir_CC-BY-SA-GFDL.jpg"
"C:\Users\dstor\Downloads\files (5)\LSE_PRINT_READY_FINAL.html","Downloads","LSE_PRINT_READY_FINAL.html","3600","assets/B30_037__LSE_FOUND_B27_ABIOTIC_VegetableTransplant_ColdFreezeDamage_WhiteLeaves_UMD_VERIFY.jpg","C:\Users\dstor\Downloads\files (5)\assets\B30_037__LSE_FOUND_B27_ABIOTIC_VegetableTransplant_ColdFreezeDamage_WhiteLeaves_UMD_VERIFY.jpg","broken-found-elsewhere","1","repo","C:\Users\dstor\lse-repo\assets\B30_037__LSE_FOUND_B27_ABIOTIC_VegetableTransplant_ColdFreezeDamage_WhiteLeaves_UMD_VERIFY.jpg"
"C:\Users\dstor\Downloads\files (5)\LSE_PRINT_READY_FINAL.html","Downloads","LSE_PRINT_READY_FINAL.html","3600","assets/B30_071__LSE_FOUND_B29_ABIOTIC_Bean_HerbicideInjury_EpinastySwollenStems_VCE_PublicUse.jpg","C:\Users\dstor\Downloads\files (5)\assets\B30_071__LSE_FOUND_B29_ABIOTIC_Bean_HerbicideInjury_EpinastySwollenStems_VCE_PublicUse.jpg","broken-found-elsewhere","1","repo","C:\Users\dstor\lse-repo\assets\B30_071__LSE_FOUND_B29_ABIOTIC_Bean_HerbicideInjury_EpinastySwollenStems_VCE_PublicUse.jpg"
"C:\Users\dstor\Downloads\files (5)\LSE_PRINT_READY_FINAL.html","Downloads","LSE_PRINT_READY_FINAL.html","3600","assets/B30_072__LSE_FOUND_B29_ABIOTIC_Squash_HerbicideResidue_FieldEpinastyTwisting_VCE_PublicUse.jpg","C:\Users\dstor\Downloads\files (5)\assets\B30_072__LSE_FOUND_B29_ABIOTIC_Squash_HerbicideResidue_FieldEpinastyTwisting_VCE_PublicUse.jpg","broken-found-elsewhere","1","repo","C:\Users\dstor\lse-repo\assets\B30_072__LSE_FOUND_B29_ABIOTIC_Squash_HerbicideResidue_FieldEpinastyTwisting_VCE_PublicUse.jpg"
"C:\Users\dstor\Downloads\files (5)\LSE_PRINT_READY_FINAL.html","Downloads","LSE_PRINT_READY_FINAL.html","3600","assets/B30_045__LSE_FOUND_B28_ABIOTIC_Tomato_HailDamage_FruitBruisesHoles_DwightSipler_CC-BY-2.0.jpg","C:\Users\dstor\Downloads\files (5)\assets\B30_045__LSE_FOUND_B28_ABIOTIC_Tomato_HailDamage_FruitBruisesHoles_DwightSipler_CC-BY-2.0.jpg","broken-found-elsewhere","1","repo","C:\Users\dstor\lse-repo\assets\B30_045__LSE_FOUND_B28_ABIOTIC_Tomato_HailDamage_FruitBruisesHoles_DwightSipler_CC-BY-2.0.jpg"
"C:\Users\dstor\Downloads\files (5)\LSE_PRINT_READY_FINAL.html","Downloads","LSE_PRINT_READY_FINAL.html","3600","assets/B30_004__LSE_FOUND_B26_ABIOTIC_Tomato_HailDamage_BruisedBrokenStems_DwightSipler_CC-BY-2.jpg","C:\Users\dstor\Downloads\files (5)\assets\B30_004__LSE_FOUND_B26_ABIOTIC_Tomato_HailDamage_BruisedBrokenStems_DwightSipler_CC-BY-2.jpg","broken-found-elsewhere","1","repo","C:\Users\dstor\lse-repo\assets\B30_004__LSE_FOUND_B26_ABIOTIC_Tomato_HailDamage_BruisedBrokenStems_DwightSipler_CC-BY-2.jpg"
"C:\Users\dstor\Downloads\files (5)\LSE_PRINT_READY_FINAL.html","Downloads","LSE_PRINT_READY_FINAL.html","3600","assets/B30_078__LSE_FOUND_B29_HOLD_ABIOTIC_Bean_PesticideBurn_ScorchedLeaves_UMD_VERIFY.png","C:\Users\dstor\Downloads\files (5)\assets\B30_078__LSE_FOUND_B29_HOLD_ABIOTIC_Bean_PesticideBurn_ScorchedLeaves_UMD_VERIFY.png","broken-nomatch","0","",""
"C:\Users\dstor\Downloads\files (5)\LSE_PRINT_READY_FINAL.html","Downloads","LSE_PRINT_READY_FINAL.html","3600","assets/B30_036__LSE_FOUND_B27_ABIOTIC_Bean_PesticideBurn_LeafScorch_UMD_VERIFY.png","C:\Users\dstor\Downloads\files (5)\assets\B30_036__LSE_FOUND_B27_ABIOTIC_Bean_PesticideBurn_LeafScorch_UMD_VERIFY.png","broken-nomatch","0","",""
"C:\Users\dstor\Downloads\files (5)\LSE_PRINT_READY_FINAL.html","Downloads","LSE_PRINT_READY_FINAL.html","3600","assets/B30_077__LSE_FOUND_B29_HOLD_ABIOTIC_Squash_PesticideBurn_Phytotoxicity_UMD_VERIFY.jpg","C:\Users\dstor\Downloads\files (5)\assets\B30_077__LSE_FOUND_B29_HOLD_ABIOTIC_Squash_PesticideBurn_Phytotoxicity_UMD_VERIFY.jpg","broken-found-elsewhere","1","repo","C:\Users\dstor\lse-repo\assets\B30_077__LSE_FOUND_B29_HOLD_ABIOTIC_Squash_PesticideBurn_Phytotoxicity_UMD_VERIFY.jpg"
"C:\Users\dstor\Downloads\files (5)\LSE_PRINT_READY_FINAL.html","Downloads","LSE_PRINT_READY_FINAL.html","3600","assets/B30_035__LSE_FOUND_B27_ABIOTIC_Squash_PesticideBurn_SoapPyrethrinLeafScorch_UMD_VERIFY.jpg","C:\Users\dstor\Downloads\files (5)\assets\B30_035__LSE_FOUND_B27_ABIOTIC_Squash_PesticideBurn_SoapPyrethrinLeafScorch_UMD_VERIFY.jpg","broken-found-elsewhere","1","repo","C:\Users\dstor\lse-repo\assets\B30_035__LSE_FOUND_B27_ABIOTIC_Squash_PesticideBurn_SoapPyrethrinLeafScorch_UMD_VERIFY.jpg"
"C:\Users\dstor\Downloads\files (5)\LSE_PRINT_READY_FINAL.html","Downloads","LSE_PRINT_READY_FINAL.html","3600","assets/B30_001__LSE_FOUND_B26_ABIOTIC_Pepper_Sunscald_ExposedFruit_DonFerrin_Bugwood_CC-BY-3.jpg","C:\Users\dstor\Downloads\files (5)\assets\B30_001__LSE_FOUND_B26_ABIOTIC_Pepper_Sunscald_ExposedFruit_DonFerrin_Bugwood_CC-BY-3.jpg","broken-found-elsewhere","1","repo","C:\Users\dstor\lse-repo\assets\B30_001__LSE_FOUND_B26_ABIOTIC_Pepper_Sunscald_ExposedFruit_DonFerrin_Bugwood_CC-BY-3.jpg"
"C:\Users\dstor\Downloads\files (5)\LSE_PRINT_READY_FINAL.html","Downloads","LSE_PRINT_READY_FINAL.html","3600","assets/B30_002__LSE_FOUND_B26_ABIOTIC_Tomato_FruitCracking_IrregularIrrigationCue_Fructibus_CC0.jpg","C:\Users\dstor\Downloads\files (5)\assets\B30_002__LSE_FOUND_B26_ABIOTIC_Tomato_FruitCracking_IrregularIrrigationCue_Fructibus_CC0.jpg","broken-found-elsewhere","1","repo","C:\Users\dstor\lse-repo\assets\B30_002__LSE_FOUND_B26_ABIOTIC_Tomato_FruitCracking_IrregularIrrigationCue_Fructibus_CC0.jpg"
"C:\Users\dstor\Downloads\files (5)\LSE_PRINT_READY_FINAL.html","Downloads","LSE_PRINT_READY_FINAL.html","3600","assets/B30_050__LSE_FOUND_B28_ABIOTIC_Tomato_FrostDamage_LeafFruitBurn_AmroBinKulthoum_CC-BY-SA-3.0.jpg","C:\Users\dstor\Downloads\files (5)\assets\B30_050__LSE_FOUND_B28_ABIOTIC_Tomato_FrostDamage_LeafFruitBurn_AmroBinKulthoum_CC-BY-SA-3.0.jpg","broken-found-elsewhere","1","repo","C:\Users\dstor\lse-repo\assets\B30_050__LSE_FOUND_B28_ABIOTIC_Tomato_FrostDamage_LeafFruitBurn_AmroBinKulthoum_CC-BY-SA-3.0.jpg"
"C:\Users\dstor\Downloads\files (5)\LSE_PRINT_READY_FINAL.html","Downloads","LSE_PRINT_READY_FINAL.html","3600","assets/B30_003__LSE_FOUND_B26_ABIOTIC_Tomato_Catfacing_FruitDeformity_ParthasarathySeethapathy_CC-BY-SA-4.jpg","C:\Users\dstor\Downloads\files (5)\assets\B30_003__LSE_FOUND_B26_ABIOTIC_Tomato_Catfacing_FruitDeformity_ParthasarathySeethapathy_CC-BY-SA-4.jpg","broken-found-elsewhere","1","repo","C:\Users\dstor\lse-repo\assets\B30_003__LSE_FOUND_B26_ABIOTIC_Tomato_Catfacing_FruitDeformity_ParthasarathySeethapathy_CC-BY-SA-4.jpg"
"C:\Users\dstor\Downloads\files (5)\LSE_PRINT_READY_FINAL.html","Downloads","LSE_PRINT_READY_FINAL.html","3639","assets/user_created_web/UCI_025_Brix_Monitoring_Chart.jpg","C:\Users\dstor\Downloads\files (5)\assets\user_created_web\UCI_025_Brix_Monitoring_Chart.jpg","broken-nomatch","0","",""
"C:\Users\dstor\Downloads\files (5)\LSE_PRINT_READY_FINAL.html","Downloads","LSE_PRINT_READY_FINAL.html","4640","assets/user_created_web/UCI_028_Seasonal_Planting_Calendar.jpg","C:\Users\dstor\Downloads\files (5)\assets\user_created_web\UCI_028_Seasonal_Planting_Calendar.jpg","broken-nomatch","0","",""
"C:\Users\dstor\Downloads\files (5)\LSE_PRINT_READY_FINAL.html","Downloads","LSE_PRINT_READY_FINAL.html","4942","assets/user_created_web/UCI_010_Biochar_Charging_Process.jpg","C:\Users\dstor\Downloads\files (5)\assets\user_created_web\UCI_010_Biochar_Charging_Process.jpg","broken-found-elsewhere","1","repo","C:\Users\dstor\lse-repo\assets\user_created_web\UCI_010_Biochar_Charging_Process.jpg"
"C:\Users\dstor\Downloads\files (5)\LSE_PRINT_READY_FINAL.html","Downloads","LSE_PRINT_READY_FINAL.html","5106","assets/user_created_web/UCI_017_North_Texas_Crop_Calendar.jpg","C:\Users\dstor\Downloads\files (5)\assets\user_created_web\UCI_017_North_Texas_Crop_Calendar.jpg","broken-nomatch","0","",""
"C:\Users\dstor\Downloads\files (5)\LSE_PRINT_READY_FINAL.html","Downloads","LSE_PRINT_READY_FINAL.html","5415","assets/user_created_web/UCI_030_Conversion_and_Dilution_Reference_Chart.jpg","C:\Users\dstor\Downloads\files (5)\assets\user_created_web\UCI_030_Conversion_and_Dilution_Reference_Chart.jpg","broken-nomatch","0","",""
"C:\Users\dstor\Downloads\files (5)\LSE_PRINT_READY_FINAL.html","Downloads","LSE_PRINT_READY_FINAL.html","6381","assets/B30_070__LSE_FOUND_B29_ABIOTIC_Tomato_HerbicideResidue_CuppedNewGrowth_VCE_PublicUse.jpg","C:\Users\dstor\Downloads\files (5)\assets\B30_070__LSE_FOUND_B29_ABIOTIC_Tomato_HerbicideResidue_CuppedNewGrowth_VCE_PublicUse.jpg","broken-found-elsewhere","1","repo","C:\Users\dstor\lse-repo\assets\B30_070__LSE_FOUND_B29_ABIOTIC_Tomato_HerbicideResidue_CuppedNewGrowth_VCE_PublicUse.jpg"
"C:\Users\dstor\Downloads\files (5)\LSE_PRINT_READY_FINAL.html","Downloads","LSE_PRINT_READY_FINAL.html","6381","assets/B30_022__LSE_FOUND_B27_ABIOTIC_Tomato_2-4DDrift_CuppedNewGrowth_MaryAnnHansen-Bugwood_CONDITIONAL.jpg","C:\Users\dstor\Downloads\files (5)\assets\B30_022__LSE_FOUND_B27_ABIOTIC_Tomato_2-4DDrift_CuppedNewGrowth_MaryAnnHansen-Bugwood_CONDITIONAL.jpg","broken-found-elsewhere","1","repo","C:\Users\dstor\lse-repo\assets\B30_022__LSE_FOUND_B27_ABIOTIC_Tomato_2-4DDrift_CuppedNewGrowth_MaryAnnHansen-Bugwood_CONDITIONAL.jpg"
"C:\Users\dstor\Downloads\files (5)\LSE_PRINT_READY_FINAL.html","Downloads","LSE_PRINT_READY_FINAL.html","6381","assets/B30_023__LSE_FOUND_B27_ABIOTIC_Tomato_GlyphosateInjury_YellowDistortedNewGrowth_NathanHoward-Bugwood_VERIFY.jpg","C:\Users\dstor\Downloads\files (5)\assets\B30_023__LSE_FOUND_B27_ABIOTIC_Tomato_GlyphosateInjury_YellowDistortedNewGrowth_NathanHoward-Bugwood_VERIFY.jpg","broken-found-elsewhere","1","repo","C:\Users\dstor\lse-repo\assets\B30_023__LSE_FOUND_B27_ABIOTIC_Tomato_GlyphosateInjury_YellowDistortedNewGrowth_NathanHoward-Bugwood_VERIFY.jpg"
"C:\Users\dstor\Downloads\files (5)\LSE_PRINT_READY_FINAL.html","Downloads","LSE_PRINT_READY_FINAL.html","6381","assets/B30_024__LSE_FOUND_B27_ABIOTIC_Tomato_2-4DInjury_TwistedCurlingShoot_PBacchi-Bugwood_VERIFY.png","C:\Users\dstor\Downloads\files (5)\assets\B30_024__LSE_FOUND_B27_ABIOTIC_Tomato_2-4DInjury_TwistedCurlingShoot_PBacchi-Bugwood_VERIFY.png","broken-nomatch","0","",""
"C:\Users\dstor\Downloads\files (5)\LSE_PRINT_READY_FINAL.html","Downloads","LSE_PRINT_READY_FINAL.html","6381","assets/B30_039__LSE_FOUND_B27_ABIOTIC_Tomato_FlumioxazinDrift_FruitNecrosis_NCSU-CC-BY-NC-SA_REJECT.png","C:\Users\dstor\Downloads\files (5)\assets\B30_039__LSE_FOUND_B27_ABIOTIC_Tomato_FlumioxazinDrift_FruitNecrosis_NCSU-CC-BY-NC-SA_REJECT.png","broken-nomatch","0","",""
"C:\Users\dstor\Downloads\files (5)\LSE_PRINT_READY_FINAL.html","Downloads","LSE_PRINT_READY_FINAL.html","6381","assets/B30_040__LSE_FOUND_B27_ABIOTIC_Tomato_FlumioxazinDrift_FoliageStemNecrosis_NCSU-CC-BY-NC-SA_REJECT.png","C:\Users\dstor\Downloads\files (5)\assets\B30_040__LSE_FOUND_B27_ABIOTIC_Tomato_FlumioxazinDrift_FoliageStemNecrosis_NCSU-CC-BY-NC-SA_REJECT.png","broken-nomatch","0","",""
"C:\Users\dstor\Downloads\files (5)\LSE_PRINT_READY_FINAL.html","Downloads","LSE_PRINT_READY_FINAL.html","6508","assets/user_created_web/UCI_013_Beneficial_Insectary_Bloom_Calendar.jpg","C:\Users\dstor\Downloads\files (5)\assets\user_created_web\UCI_013_Beneficial_Insectary_Bloom_Calendar.jpg","broken-nomatch","0","",""
"C:\Users\dstor\Downloads\files (5)\LSE_PRINT_READY_FINAL.html","Downloads","LSE_PRINT_READY_FINAL.html","7393","assets/B30_049__LSE_FOUND_B28_SOIL_DroughtDrySoil_CrackingScale_VladislavNekrasov_CC-BY-4.0.jpg","C:\Users\dstor\Downloads\files (5)\assets\B30_049__LSE_FOUND_B28_SOIL_DroughtDrySoil_CrackingScale_VladislavNekrasov_CC-BY-4.0.jpg","broken-found-elsewhere","1","repo","C:\Users\dstor\lse-repo\assets\B30_049__LSE_FOUND_B28_SOIL_DroughtDrySoil_CrackingScale_VladislavNekrasov_CC-BY-4.0.jpg"
"C:\Users\dstor\Downloads\files (5)\LSE_PRINT_READY_FINAL.html","Downloads","LSE_PRINT_READY_FINAL.html","7393","assets/B30_008__LSE_FOUND_B26_SOIL_AggregateStability_SlakeComparison_LanceCheung_USDA-PD.jpg","C:\Users\dstor\Downloads\files (5)\assets\B30_008__LSE_FOUND_B26_SOIL_AggregateStability_SlakeComparison_LanceCheung_USDA-PD.jpg","broken-found-elsewhere","1","repo","C:\Users\dstor\lse-repo\assets\B30_008__LSE_FOUND_B26_SOIL_AggregateStability_SlakeComparison_LanceCheung_USDA-PD.jpg"
"C:\Users\dstor\Downloads\files (5)\LSE_PRINT_READY_FINAL.html","Downloads","LSE_PRINT_READY_FINAL.html","12241","assets/user_created_web/UCI_022_Irrigation_Systems_Comparison.jpg","C:\Users\dstor\Downloads\files (5)\assets\user_created_web\UCI_022_Irrigation_Systems_Comparison.jpg","broken-nomatch","0","",""
"C:\Users\dstor\Downloads\files (5)\LSE_PRINT_READY_FINAL.html","Downloads","LSE_PRINT_READY_FINAL.html","13184","assets/user_created_web/UCI_026_Electroculture_Experimental_Protocol_Layout.jpg","C:\Users\dstor\Downloads\files (5)\assets\user_created_web\UCI_026_Electroculture_Experimental_Protocol_Layout.jpg","broken-nomatch","0","",""
"C:\Users\dstor\Downloads\files (5)\LSE_PRINT_READY_FINAL.html","Downloads","LSE_PRINT_READY_FINAL.html","13233","assets/user_created_web/UCI_027_Plant_Electrophysiology_Electrical_Signaling_Pathways.jpg","C:\Users\dstor\Downloads\files (5)\assets\user_created_web\UCI_027_Plant_Electrophysiology_Electrical_Signaling_Pathways.jpg","broken-found-elsewhere","1","repo","C:\Users\dstor\lse-repo\assets\user_created_web\UCI_027_Plant_Electrophysiology_Electrical_Signaling_Pathways.jpg"
"C:\Users\dstor\Downloads\files (5)\LSE_PRINT_READY_FINAL.html","Downloads","LSE_PRINT_READY_FINAL.html","17875","assets/user_created_web/UCI_011_AACT_Brewing_Setup.jpg","C:\Users\dstor\Downloads\files (5)\assets\user_created_web\UCI_011_AACT_Brewing_Setup.jpg","broken-found-elsewhere","1","repo","C:\Users\dstor\lse-repo\assets\user_created_web\UCI_011_AACT_Brewing_Setup.jpg"
"C:\Users\dstor\Downloads\files (5)\LSE_PRINT_READY_FINAL.html","Downloads","LSE_PRINT_READY_FINAL.html","21282","assets/B30_012__LSE_FOUND_B26_PEST_SquashBug_Nymphs_OnSummerSquash_Pollinator_CC-BY-2-5.jpg","C:\Users\dstor\Downloads\files (5)\assets\B30_012__LSE_FOUND_B26_PEST_SquashBug_Nymphs_OnSummerSquash_Pollinator_CC-BY-2-5.jpg","broken-found-elsewhere","1","repo","C:\Users\dstor\lse-repo\assets\B30_012__LSE_FOUND_B26_PEST_SquashBug_Nymphs_OnSummerSquash_Pollinator_CC-BY-2-5.jpg"
"C:\Users\dstor\Downloads\files (5)\LSE_PRINT_READY_FINAL.html","Downloads","LSE_PRINT_READY_FINAL.html","21282","assets/B30_010__LSE_FOUND_B26_PEST_SquashBug_EggCluster_UndersidePumpkinLeaf_Bdm25_CC-BY-SA-4.jpg","C:\Users\dstor\Downloads\files (5)\assets\B30_010__LSE_FOUND_B26_PEST_SquashBug_EggCluster_UndersidePumpkinLeaf_Bdm25_CC-BY-SA-4.jpg","broken-found-elsewhere","1","repo","C:\Users\dstor\lse-repo\assets\B30_010__LSE_FOUND_B26_PEST_SquashBug_EggCluster_UndersidePumpkinLeaf_Bdm25_CC-BY-SA-4.jpg"
"C:\Users\dstor\Downloads\files (5)\LSE_PRINT_READY_FINAL.html","Downloads","LSE_PRINT_READY_FINAL.html","21282","assets/B30_011__LSE_FOUND_B26_PEST_SquashBug_EggCluster_AnasaTristis_BeatrizMoisset_CC-BY-SA-4.jpg","C:\Users\dstor\Downloads\files (5)\assets\B30_011__LSE_FOUND_B26_PEST_SquashBug_EggCluster_AnasaTristis_BeatrizMoisset_CC-BY-SA-4.jpg","broken-found-elsewhere","1","repo","C:\Users\dstor\lse-repo\assets\B30_011__LSE_FOUND_B26_PEST_SquashBug_EggCluster_AnasaTristis_BeatrizMoisset_CC-BY-SA-4.jpg"
"C:\Users\dstor\Downloads\files (5)\LSE_PRINT_READY_FINAL.html","Downloads","LSE_PRINT_READY_FINAL.html","21282","assets/B30_054__LSE_FOUND_B28_PEST_SquashVineBorer_FrassAtStem_Pollinator_CC-BY-2.5_CONDITIONAL.jpg","C:\Users\dstor\Downloads\files (5)\assets\B30_054__LSE_FOUND_B28_PEST_SquashVineBorer_FrassAtStem_Pollinator_CC-BY-2.5_CONDITIONAL.jpg","broken-found-elsewhere","1","repo","C:\Users\dstor\lse-repo\assets\B30_054__LSE_FOUND_B28_PEST_SquashVineBorer_FrassAtStem_Pollinator_CC-BY-2.5_CONDITIONAL.jpg"
"C:\Users\dstor\Downloads\files (5)\LSE_PRINT_READY_FINAL.html","Downloads","LSE_PRINT_READY_FINAL.html","21282","assets/B30_055__LSE_FOUND_B28_PEST_SquashVineBorer_LarvaeSplitStemFrass_Pollinator_CC-BY-2.5_CONDITIONAL.jpg","C:\Users\dstor\Downloads\files (5)\assets\B30_055__LSE_FOUND_B28_PEST_SquashVineBorer_LarvaeSplitStemFrass_Pollinator_CC-BY-2.5_CONDITIONAL.jpg","broken-found-elsewhere","1","repo","C:\Users\dstor\lse-repo\assets\B30_055__LSE_FOUND_B28_PEST_SquashVineBorer_LarvaeSplitStemFrass_Pollinator_CC-BY-2.5_CONDITIONAL.jpg"
"C:\Users\dstor\Downloads\files (5)\LSE_PRINT_READY_FINAL.html","Downloads","LSE_PRINT_READY_FINAL.html","21282","assets/B30_013__LSE_FOUND_B26_PEST_SquashBug_Adult_MarginalResolution_Downtowngal_CC0.jpg","C:\Users\dstor\Downloads\files (5)\assets\B30_013__LSE_FOUND_B26_PEST_SquashBug_Adult_MarginalResolution_Downtowngal_CC0.jpg","broken-found-elsewhere","1","repo","C:\Users\dstor\lse-repo\assets\B30_013__LSE_FOUND_B26_PEST_SquashBug_Adult_MarginalResolution_Downtowngal_CC0.jpg"
"C:\Users\dstor\Downloads\files (5)\LSE_PRINT_READY_FINAL.html","Downloads","LSE_PRINT_READY_FINAL.html","21965","assets/B30_046__LSE_FOUND_B28_ROOTS_Tomato_BacterialWilt_StemCrossSection_ClemsonUSDA_CC-BY-3.0.jpg","C:\Users\dstor\Downloads\files (5)\assets\B30_046__LSE_FOUND_B28_ROOTS_Tomato_BacterialWilt_StemCrossSection_ClemsonUSDA_CC-BY-3.0.jpg","broken-found-elsewhere","1","repo","C:\Users\dstor\lse-repo\assets\B30_046__LSE_FOUND_B28_ROOTS_Tomato_BacterialWilt_StemCrossSection_ClemsonUSDA_CC-BY-3.0.jpg"
"C:\Users\dstor\Downloads\files (5)\LSE_PRINT_READY_FINAL.html","Downloads","LSE_PRINT_READY_FINAL.html","21965","assets/B30_051__LSE_FOUND_B28_DISEASE_Tomato_SouthernBlight_SclerotiaAtCrown_PersleyCooke_CC-BY-SA-3.0_LOWRES.jpg","C:\Users\dstor\Downloads\files (5)\assets\B30_051__LSE_FOUND_B28_DISEASE_Tomato_SouthernBlight_SclerotiaAtCrown_PersleyCooke_CC-BY-SA-3.0_LOWRES.jpg","broken-found-elsewhere","1","repo","C:\Users\dstor\lse-repo\assets\B30_051__LSE_FOUND_B28_DISEASE_Tomato_SouthernBlight_SclerotiaAtCrown_PersleyCooke_CC-BY-SA-3.0_LOWRES.jpg"
"C:\Users\dstor\Downloads\files (5)\LSE_PRINT_READY_FINAL.html","Downloads","LSE_PRINT_READY_FINAL.html","21965","assets/B30_025__LSE_FOUND_B27_ROOTS_Tomato_FusariumWilt_VascularBrowningStemSplit_NCSU-IngaMeadows_VERIFY.jpg","C:\Users\dstor\Downloads\files (5)\assets\B30_025__LSE_FOUND_B27_ROOTS_Tomato_FusariumWilt_VascularBrowningStemSplit_NCSU-IngaMeadows_VERIFY.jpg","broken-found-elsewhere","1","repo","C:\Users\dstor\lse-repo\assets\B30_025__LSE_FOUND_B27_ROOTS_Tomato_FusariumWilt_VascularBrowningStemSplit_NCSU-IngaMeadows_VERIFY.jpg"
"C:\Users\dstor\Downloads\files (5)\LSE_PRINT_READY_FINAL.html","Downloads","LSE_PRINT_READY_FINAL.html","21965","assets/B30_082__LSE_FOUND_B29_HOLD_DISEASE_Tomato_BacterialWilt_StreamingTest_UAEX_PERMISSION.jpg","C:\Users\dstor\Downloads\files (5)\assets\B30_082__LSE_FOUND_B29_HOLD_DISEASE_Tomato_BacterialWilt_StreamingTest_UAEX_PERMISSION.jpg","broken-found-elsewhere","1","repo","C:\Users\dstor\lse-repo\assets\B30_082__LSE_FOUND_B29_HOLD_DISEASE_Tomato_BacterialWilt_StreamingTest_UAEX_PERMISSION.jpg"
"C:\Users\dstor\Downloads\files (5)\LSE_PRINT_READY_FINAL.html","Downloads","LSE_PRINT_READY_FINAL.html","22103","assets/B30_026__LSE_FOUND_B27_ROOTS_Pepper_DampingOff_StemCankerSoilLine_UMass-TSmith_VERIFY.jpg","C:\Users\dstor\Downloads\files (5)\assets\B30_026__LSE_FOUND_B27_ROOTS_Pepper_DampingOff_StemCankerSoilLine_UMass-TSmith_VERIFY.jpg","broken-found-elsewhere","1","repo","C:\Users\dstor\lse-repo\assets\B30_026__LSE_FOUND_B27_ROOTS_Pepper_DampingOff_StemCankerSoilLine_UMass-TSmith_VERIFY.jpg"
"C:\Users\dstor\Downloads\files (5)\LSE_PRINT_READY_FINAL.html","Downloads","LSE_PRINT_READY_FINAL.html","22171","assets/B30_047__LSE_FOUND_B28_DISEASE_Tomato_RhizoctoniaSolani_FruitRotBlackLesions_JGK_hn_CC-BY-3.0.jpg","C:\Users\dstor\Downloads\files (5)\assets\B30_047__LSE_FOUND_B28_DISEASE_Tomato_RhizoctoniaSolani_FruitRotBlackLesions_JGK_hn_CC-BY-3.0.jpg","broken-found-elsewhere","1","repo","C:\Users\dstor\lse-repo\assets\B30_047__LSE_FOUND_B28_DISEASE_Tomato_RhizoctoniaSolani_FruitRotBlackLesions_JGK_hn_CC-BY-3.0.jpg"
"C:\Users\dstor\Downloads\files (5)\LSE_PRINT_READY_FINAL.html","Downloads","LSE_PRINT_READY_FINAL.html","22171","assets/B30_076__LSE_FOUND_B29_ROOTS_ContainerRootbound_GirdledRoots_BrendanLandis_CC-BY-SA-2.0.jpg","C:\Users\dstor\Downloads\files (5)\assets\B30_076__LSE_FOUND_B29_ROOTS_ContainerRootbound_GirdledRoots_BrendanLandis_CC-BY-SA-2.0.jpg","broken-found-elsewhere","1","repo","C:\Users\dstor\lse-repo\assets\B30_076__LSE_FOUND_B29_ROOTS_ContainerRootbound_GirdledRoots_BrendanLandis_CC-BY-SA-2.0.jpg"
"C:\Users\dstor\Downloads\files (5)\LSE_PRINT_READY_FINAL.html","Downloads","LSE_PRINT_READY_FINAL.html","23617","assets/B30_006__LSE_FOUND_B26_ROOTS_Tomato_RootKnotNematode_GalledRoots_PlantPestsDiseases_CC0.jpg","C:\Users\dstor\Downloads\files (5)\assets\B30_006__LSE_FOUND_B26_ROOTS_Tomato_RootKnotNematode_GalledRoots_PlantPestsDiseases_CC0.jpg","broken-found-elsewhere","1","repo","C:\Users\dstor\lse-repo\assets\B30_006__LSE_FOUND_B26_ROOTS_Tomato_RootKnotNematode_GalledRoots_PlantPestsDiseases_CC0.jpg"
"C:\Users\dstor\Downloads\files (5)\LSE_PRINT_READY_FINAL.html","Downloads","LSE_PRINT_READY_FINAL.html","24433","assets/user_created_web/UCI_024_Rainwater_Harvesting_System_Home_Scale.jpg","C:\Users\dstor\Downloads\files (5)\assets\user_created_web\UCI_024_Rainwater_Harvesting_System_Home_Scale.jpg","broken-found-elsewhere","1","repo","C:\Users\dstor\lse-repo\assets\user_created_web\UCI_024_Rainwater_Harvesting_System_Home_Scale.jpg"
"C:\Users\dstor\Downloads\files (5)\LSE_PRINT_READY_FINAL.html","Downloads","LSE_PRINT_READY_FINAL.html","24641","assets/user_created_web/UCI_021_Refractometer_Use_Protocol.jpg","C:\Users\dstor\Downloads\files (5)\assets\user_created_web\UCI_021_Refractometer_Use_Protocol.jpg","broken-nomatch","0","",""
"C:\Users\dstor\Downloads\files (8)\LSE_COMPANION_EDITED.html","Downloads","LSE_COMPANION_EDITED.html","270","assets/user_created_web/UCI_028_Seasonal_Planting_Calendar.png","C:\Users\dstor\Downloads\files (8)\assets\user_created_web\UCI_028_Seasonal_Planting_Calendar.png","broken-found-elsewhere","1","repo","C:\Users\dstor\lse-repo\assets\user_created_web\UCI_028_Seasonal_Planting_Calendar.png"
"C:\Users\dstor\Downloads\files (8)\LSE_COMPANION_EDITED.html","Downloads","LSE_COMPANION_EDITED.html","573","assets/user_created_web/UCI_010_Biochar_Charging_Process.png","C:\Users\dstor\Downloads\files (8)\assets\user_created_web\UCI_010_Biochar_Charging_Process.png","broken-nomatch","0","",""
"C:\Users\dstor\Downloads\files (8)\LSE_COMPANION_EDITED.html","Downloads","LSE_COMPANION_EDITED.html","577","assets/user_created_web/UCI_011_AACT_Brewing_Setup.png","C:\Users\dstor\Downloads\files (8)\assets\user_created_web\UCI_011_AACT_Brewing_Setup.png","broken-nomatch","0","",""
"C:\Users\dstor\Downloads\files (8)\LSE_COMPANION_EDITED.html","Downloads","LSE_COMPANION_EDITED.html","593","assets/lse_figures/LSE_B36_Yellowing_Leaves_Decision_Tree_AppB.png","C:\Users\dstor\Downloads\files (8)\assets\lse_figures\LSE_B36_Yellowing_Leaves_Decision_Tree_AppB.png","broken-found-elsewhere","1","repo","C:\Users\dstor\lse-repo\assets\lse_figures\LSE_B36_Yellowing_Leaves_Decision_Tree_AppB.png"
"C:\Users\dstor\Downloads\files (8)\LSE_COMPANION_EDITED.html","Downloads","LSE_COMPANION_EDITED.html","737","assets/user_created_web/UCI_017_North_Texas_Crop_Calendar.png","C:\Users\dstor\Downloads\files (8)\assets\user_created_web\UCI_017_North_Texas_Crop_Calendar.png","broken-found-elsewhere","1","repo","C:\Users\dstor\lse-repo\assets\user_created_web\UCI_017_North_Texas_Crop_Calendar.png"
"C:\Users\dstor\Downloads\files (8)\LSE_COMPANION_EDITED.html","Downloads","LSE_COMPANION_EDITED.html","804","assets/lse_figures/LSE_C01_Annual_Soil_Building_Calendar_Ch49_AppC.png","C:\Users\dstor\Downloads\files (8)\assets\lse_figures\LSE_C01_Annual_Soil_Building_Calendar_Ch49_AppC.png","broken-found-elsewhere","1","repo","C:\Users\dstor\lse-repo\assets\lse_figures\LSE_C01_Annual_Soil_Building_Calendar_Ch49_AppC.png"
"C:\Users\dstor\Downloads\files (8)\LSE_COMPANION_EDITED.html","Downloads","LSE_COMPANION_EDITED.html","1047","assets/user_created_web/UCI_030_Conversion_and_Dilution_Reference_Chart.png","C:\Users\dstor\Downloads\files (8)\assets\user_created_web\UCI_030_Conversion_and_Dilution_Reference_Chart.png","broken-found-elsewhere","1","repo","C:\Users\dstor\lse-repo\assets\user_created_web\UCI_030_Conversion_and_Dilution_Reference_Chart.png"
"C:\Users\dstor\Downloads\files (8)\LSE_VOLUME_1_FOUNDATIONS_SYSTEMS_EDITED.html","Downloads","LSE_VOLUME_1_FOUNDATIONS_SYSTEMS_EDITED.html","80","assets/lse_figures/LSE_A02_Soil_Food_Web_Functional_Map_Ch02.png","C:\Users\dstor\Downloads\files (8)\assets\lse_figures\LSE_A02_Soil_Food_Web_Functional_Map_Ch02.png","broken-found-elsewhere","1","repo","C:\Users\dstor\lse-repo\assets\lse_figures\LSE_A02_Soil_Food_Web_Functional_Map_Ch02.png"
"C:\Users\dstor\Downloads\files (8)\LSE_VOLUME_1_FOUNDATIONS_SYSTEMS_EDITED.html","Downloads","LSE_VOLUME_1_FOUNDATIONS_SYSTEMS_EDITED.html","195","assets/lse_figures/LSE_A04_Mycorrhizal_Exchange_Defense_Priming_Ch06.png","C:\Users\dstor\Downloads\files (8)\assets\lse_figures\LSE_A04_Mycorrhizal_Exchange_Defense_Priming_Ch06.png","broken-nomatch","0","",""
"C:\Users\dstor\Downloads\files (8)\LSE_VOLUME_1_FOUNDATIONS_SYSTEMS_EDITED.html","Downloads","LSE_VOLUME_1_FOUNDATIONS_SYSTEMS_EDITED.html","207","assets/user_created_web/UCI_005_ISR_and_SAR_The_Plant_Immune_System.png","C:\Users\dstor\Downloads\files (8)\assets\user_created_web\UCI_005_ISR_and_SAR_The_Plant_Immune_System.png","broken-nomatch","0","",""
"C:\Users\dstor\Downloads\files (8)\LSE_VOLUME_1_FOUNDATIONS_SYSTEMS_EDITED.html","Downloads","LSE_VOLUME_1_FOUNDATIONS_SYSTEMS_EDITED.html","211","assets/lse_figures/LSE_B05_Mycorrhizal_Inoculation_Failure_Modes_Ch06_17.png","C:\Users\dstor\Downloads\files (8)\assets\lse_figures\LSE_B05_Mycorrhizal_Inoculation_Failure_Modes_Ch06_17.png","broken-nomatch","0","",""
"C:\Users\dstor\Downloads\files (8)\LSE_VOLUME_1_FOUNDATIONS_SYSTEMS_EDITED.html","Downloads","LSE_VOLUME_1_FOUNDATIONS_SYSTEMS_EDITED.html","252","assets/lse_figures/LSE_B02_Predator_Driven_Nitrogen_Mineralization_Loop_Ch05.png","C:\Users\dstor\Downloads\files (8)\assets\lse_figures\LSE_B02_Predator_Driven_Nitrogen_Mineralization_Loop_Ch05.png","broken-nomatch","0","",""
"C:\Users\dstor\Downloads\files (8)\LSE_VOLUME_1_FOUNDATIONS_SYSTEMS_EDITED.html","Downloads","LSE_VOLUME_1_FOUNDATIONS_SYSTEMS_EDITED.html","252","assets/user_created_web/UCI_003_The_Nutrient_Mineralization_Loop.png","C:\Users\dstor\Downloads\files (8)\assets\user_created_web\UCI_003_The_Nutrient_Mineralization_Loop.png","broken-nomatch","0","",""
"C:\Users\dstor\Downloads\files (8)\LSE_VOLUME_1_FOUNDATIONS_SYSTEMS_EDITED.html","Downloads","LSE_VOLUME_1_FOUNDATIONS_SYSTEMS_EDITED.html","259","assets/lse_figures/LSE_B03_Nematode_Mouthpart_Comparison_Ch05_44.png","C:\Users\dstor\Downloads\files (8)\assets\lse_figures\LSE_B03_Nematode_Mouthpart_Comparison_Ch05_44.png","broken-found-elsewhere","1","repo","C:\Users\dstor\lse-repo\assets\lse_figures\LSE_B03_Nematode_Mouthpart_Comparison_Ch05_44.png"
"C:\Users\dstor\Downloads\files (8)\LSE_VOLUME_1_FOUNDATIONS_SYSTEMS_EDITED.html","Downloads","LSE_VOLUME_1_FOUNDATIONS_SYSTEMS_EDITED.html","268","assets/lse_figures/LSE_D04_Root_Knot_Nematode_Diagnosis_Workflow_Ch05_Ch29_Ch42_Ch44.png","C:\Users\dstor\Downloads\files (8)\assets\lse_figures\LSE_D04_Root_Knot_Nematode_Diagnosis_Workflow_Ch05_Ch29_Ch42_Ch44.png","broken-found-elsewhere","1","repo","C:\Users\dstor\lse-repo\assets\lse_figures\LSE_D04_Root_Knot_Nematode_Diagnosis_Workflow_Ch05_Ch29_Ch42_Ch44.png"
"C:\Users\dstor\Downloads\files (8)\LSE_VOLUME_1_FOUNDATIONS_SYSTEMS_EDITED.html","Downloads","LSE_VOLUME_1_FOUNDATIONS_SYSTEMS_EDITED.html","268","assets/lse_figures/LSE_D18_Root_Inspection_Nodules_Galls_Root_Disease_Ch05_Ch29_Ch44.png","C:\Users\dstor\Downloads\files (8)\assets\lse_figures\LSE_D18_Root_Inspection_Nodules_Galls_Root_Disease_Ch05_Ch29_Ch44.png","broken-nomatch","0","",""
"C:\Users\dstor\Downloads\files (8)\LSE_VOLUME_1_FOUNDATIONS_SYSTEMS_EDITED.html","Downloads","LSE_VOLUME_1_FOUNDATIONS_SYSTEMS_EDITED.html","270","assets/user_created_web/UCI_002_Bacterial_vs_Fungal_Soil_Dominance.png","C:\Users\dstor\Downloads\files (8)\assets\user_created_web\UCI_002_Bacterial_vs_Fungal_Soil_Dominance.png","broken-nomatch","0","",""
"C:\Users\dstor\Downloads\files (8)\LSE_VOLUME_1_FOUNDATIONS_SYSTEMS_EDITED.html","Downloads","LSE_VOLUME_1_FOUNDATIONS_SYSTEMS_EDITED.html","270","assets/lse_figures/LSE_B06_Fungal_Bacterial_Succession_Strip_Ch07.png","C:\Users\dstor\Downloads\files (8)\assets\lse_figures\LSE_B06_Fungal_Bacterial_Succession_Strip_Ch07.png","broken-nomatch","0","",""
"C:\Users\dstor\Downloads\files (8)\LSE_VOLUME_1_FOUNDATIONS_SYSTEMS_EDITED.html","Downloads","LSE_VOLUME_1_FOUNDATIONS_SYSTEMS_EDITED.html","286","assets/user_created_web/UCI_009_Fungal_Bacterial_Input_Guide.png","C:\Users\dstor\Downloads\files (8)\assets\user_created_web\UCI_009_Fungal_Bacterial_Input_Guide.png","broken-found-elsewhere","1","repo","C:\Users\dstor\lse-repo\assets\user_created_web\UCI_009_Fungal_Bacterial_Input_Guide.png"
"C:\Users\dstor\Downloads\files (8)\LSE_VOLUME_1_FOUNDATIONS_SYSTEMS_EDITED.html","Downloads","LSE_VOLUME_1_FOUNDATIONS_SYSTEMS_EDITED.html","294","assets/user_created_web/UCI_007_Composite_Method_Reference.png","C:\Users\dstor\Downloads\files (8)\assets\user_created_web\UCI_007_Composite_Method_Reference.png","broken-found-elsewhere","1","repo","C:\Users\dstor\lse-repo\assets\user_created_web\UCI_007_Composite_Method_Reference.png"
"C:\Users\dstor\Downloads\files (8)\LSE_VOLUME_1_FOUNDATIONS_SYSTEMS_EDITED.html","Downloads","LSE_VOLUME_1_FOUNDATIONS_SYSTEMS_EDITED.html","294","assets/lse_figures/LSE_B07_Five_Soil_Health_Principles_Wheel_Ch08.png","C:\Users\dstor\Downloads\files (8)\assets\lse_figures\LSE_B07_Five_Soil_Health_Principles_Wheel_Ch08.png","broken-nomatch","0","",""
"C:\Users\dstor\Downloads\files (8)\LSE_VOLUME_1_FOUNDATIONS_SYSTEMS_EDITED.html","Downloads","LSE_VOLUME_1_FOUNDATIONS_SYSTEMS_EDITED.html","300","assets/lse_figures/LSE_A05_Regenerative_Permaculture_Garden_System_Ch08.png","C:\Users\dstor\Downloads\files (8)\assets\lse_figures\LSE_A05_Regenerative_Permaculture_Garden_System_Ch08.png","broken-nomatch","0","",""
"C:\Users\dstor\Downloads\files (8)\LSE_VOLUME_1_FOUNDATIONS_SYSTEMS_EDITED.html","Downloads","LSE_VOLUME_1_FOUNDATIONS_SYSTEMS_EDITED.html","300","assets/user_created_web/UCI_006_Permaculture_Zone_Map.png","C:\Users\dstor\Downloads\files (8)\assets\user_created_web\UCI_006_Permaculture_Zone_Map.png","broken-found-elsewhere","1","repo","C:\Users\dstor\lse-repo\assets\user_created_web\UCI_006_Permaculture_Zone_Map.png"
"C:\Users\dstor\Downloads\files (8)\LSE_VOLUME_1_FOUNDATIONS_SYSTEMS_EDITED.html","Downloads","LSE_VOLUME_1_FOUNDATIONS_SYSTEMS_EDITED.html","308","assets/lse_figures/LSE_B08_Thermal_Compost_Process_Ch09_Ch13.png","C:\Users\dstor\Downloads\files (8)\assets\lse_figures\LSE_B08_Thermal_Compost_Process_Ch09_Ch13.png","broken-nomatch","0","",""
"C:\Users\dstor\Downloads\files (8)\LSE_VOLUME_1_FOUNDATIONS_SYSTEMS_EDITED.html","Downloads","LSE_VOLUME_1_FOUNDATIONS_SYSTEMS_EDITED.html","311","assets/lse_figures/LSE_B09_Compost_Extract_vs_AACT_Ch09_19.png","C:\Users\dstor\Downloads\files (8)\assets\lse_figures\LSE_B09_Compost_Extract_vs_AACT_Ch09_19.png","broken-nomatch","0","",""
"C:\Users\dstor\Downloads\files (8)\LSE_VOLUME_1_FOUNDATIONS_SYSTEMS_EDITED.html","Downloads","LSE_VOLUME_1_FOUNDATIONS_SYSTEMS_EDITED.html","317","assets/lse_figures/LSE_A06_Compost_Microscope_Soil_Food_Web_Workflow_Ch09.png","C:\Users\dstor\Downloads\files (8)\assets\lse_figures\LSE_A06_Compost_Microscope_Soil_Food_Web_Workflow_Ch09.png","broken-found-elsewhere","1","repo","C:\Users\dstor\lse-repo\assets\lse_figures\LSE_A06_Compost_Microscope_Soil_Food_Web_Workflow_Ch09.png"
"C:\Users\dstor\Downloads\files (8)\LSE_VOLUME_1_FOUNDATIONS_SYSTEMS_EDITED.html","Downloads","LSE_VOLUME_1_FOUNDATIONS_SYSTEMS_EDITED.html","323","assets/lse_figures/LSE_B10_Coots_Mix_1_1_1_Triangle_Ch10_23.png","C:\Users\dstor\Downloads\files (8)\assets\lse_figures\LSE_B10_Coots_Mix_1_1_1_Triangle_Ch10_23.png","broken-nomatch","0","",""
"C:\Users\dstor\Downloads\files (8)\LSE_VOLUME_1_FOUNDATIONS_SYSTEMS_EDITED.html","Downloads","LSE_VOLUME_1_FOUNDATIONS_SYSTEMS_EDITED.html","343","assets/lse_figures/LSE_B11_Plant_Health_Pyramid_Evidence_Boundary_Ch11_Ch41.png","C:\Users\dstor\Downloads\files (8)\assets\lse_figures\LSE_B11_Plant_Health_Pyramid_Evidence_Boundary_Ch11_Ch41.png","broken-nomatch","0","",""
"C:\Users\dstor\Downloads\files (8)\LSE_VOLUME_1_FOUNDATIONS_SYSTEMS_EDITED.html","Downloads","LSE_VOLUME_1_FOUNDATIONS_SYSTEMS_EDITED.html","343","assets/lse_figures/LSE_A18_IPM_Pyramid_Scouting_Ch39.png","C:\Users\dstor\Downloads\files (8)\assets\lse_figures\LSE_A18_IPM_Pyramid_Scouting_Ch39.png","broken-nomatch","0","",""
"C:\Users\dstor\Downloads\files (8)\LSE_VOLUME_1_FOUNDATIONS_SYSTEMS_EDITED.html","Downloads","LSE_VOLUME_1_FOUNDATIONS_SYSTEMS_EDITED.html","348","assets/lse_figures/LSE_B16_Trace_Element_Deficiency_vs_Toxicity_Ch14.png","C:\Users\dstor\Downloads\files (8)\assets\lse_figures\LSE_B16_Trace_Element_Deficiency_vs_Toxicity_Ch14.png","broken-nomatch","0","",""
"C:\Users\dstor\Downloads\files (8)\LSE_VOLUME_1_FOUNDATIONS_SYSTEMS_EDITED.html","Downloads","LSE_VOLUME_1_FOUNDATIONS_SYSTEMS_EDITED.html","354","assets/lse_figures/LSE_B12_KNF_IMO_1_4_Workflow_Ch12_Ch19.png","C:\Users\dstor\Downloads\files (8)\assets\lse_figures\LSE_B12_KNF_IMO_1_4_Workflow_Ch12_Ch19.png","broken-found-elsewhere","1","repo","C:\Users\dstor\lse-repo\assets\lse_figures\LSE_B12_KNF_IMO_1_4_Workflow_Ch12_Ch19.png"
"C:\Users\dstor\Downloads\files (8)\LSE_VOLUME_1_FOUNDATIONS_SYSTEMS_EDITED.html","Downloads","LSE_VOLUME_1_FOUNDATIONS_SYSTEMS_EDITED.html","361","assets/lse_figures/LSE_B13_JADAM_Safety_Plate_Ch12_19_41.png","C:\Users\dstor\Downloads\files (8)\assets\lse_figures\LSE_B13_JADAM_Safety_Plate_Ch12_19_41.png","broken-nomatch","0","",""
"C:\Users\dstor\Downloads\files (8)\LSE_VOLUME_1_FOUNDATIONS_SYSTEMS_EDITED.html","Downloads","LSE_VOLUME_1_FOUNDATIONS_SYSTEMS_EDITED.html","475","assets/lse_figures/LSE_E01_North_Texas_Soil_Failure_Modes_Ch20_Ch21_Ch33.png","C:\Users\dstor\Downloads\files (8)\assets\lse_figures\LSE_E01_North_Texas_Soil_Failure_Modes_Ch20_Ch21_Ch33.png","broken-nomatch","0","",""
"C:\Users\dstor\Downloads\files (8)\LSE_VOLUME_1_FOUNDATIONS_SYSTEMS_EDITED.html","Downloads","LSE_VOLUME_1_FOUNDATIONS_SYSTEMS_EDITED.html","509","assets/user_created_web/UCI_012_Raised_Bed_Cross_Section_Layers_and_Fill_Strategy.png","C:\Users\dstor\Downloads\files (8)\assets\user_created_web\UCI_012_Raised_Bed_Cross_Section_Layers_and_Fill_Strategy.png","broken-nomatch","0","",""
"C:\Users\dstor\Downloads\files (8)\LSE_VOLUME_1_FOUNDATIONS_SYSTEMS_EDITED.html","Downloads","LSE_VOLUME_1_FOUNDATIONS_SYSTEMS_EDITED.html","527","assets/B30_068__LSE_FOUND_B29_PRACTICAL_ContainerVegetables_ReservoirSpace_WateringDepth_KathleenMoore_CC-BY-2.0.jpg","C:\Users\dstor\Downloads\files (8)\assets\B30_068__LSE_FOUND_B29_PRACTICAL_ContainerVegetables_ReservoirSpace_WateringDepth_KathleenMoore_CC-BY-2.0.jpg","broken-found-elsewhere","1","repo","C:\Users\dstor\lse-repo\assets\B30_068__LSE_FOUND_B29_PRACTICAL_ContainerVegetables_ReservoirSpace_WateringDepth_KathleenMoore_CC-BY-2.0.jpg"
"C:\Users\dstor\Downloads\files (8)\LSE_VOLUME_1_FOUNDATIONS_SYSTEMS_EDITED.html","Downloads","LSE_VOLUME_1_FOUNDATIONS_SYSTEMS_EDITED.html","527","assets/B30_067__LSE_FOUND_B29_ABIOTIC_ContainerHerbs_SaltBuildup_WhiteSaltCrust_DianeMays_CC-BY-2.0.jpg","C:\Users\dstor\Downloads\files (8)\assets\B30_067__LSE_FOUND_B29_ABIOTIC_ContainerHerbs_SaltBuildup_WhiteSaltCrust_DianeMays_CC-BY-2.0.jpg","broken-found-elsewhere","1","repo","C:\Users\dstor\lse-repo\assets\B30_067__LSE_FOUND_B29_ABIOTIC_ContainerHerbs_SaltBuildup_WhiteSaltCrust_DianeMays_CC-BY-2.0.jpg"
"C:\Users\dstor\Downloads\files (8)\LSE_VOLUME_1_FOUNDATIONS_SYSTEMS_EDITED.html","Downloads","LSE_VOLUME_1_FOUNDATIONS_SYSTEMS_EDITED.html","527","assets/B30_069__LSE_FOUND_B29_PRACTICAL_SmallSpaceVegetables_OutdoorRailingContainers_LucyBradley_CC-BY-2.0.jpg","C:\Users\dstor\Downloads\files (8)\assets\B30_069__LSE_FOUND_B29_PRACTICAL_SmallSpaceVegetables_OutdoorRailingContainers_LucyBradley_CC-BY-2.0.jpg","broken-found-elsewhere","1","repo","C:\Users\dstor\lse-repo\assets\B30_069__LSE_FOUND_B29_PRACTICAL_SmallSpaceVegetables_OutdoorRailingContainers_LucyBradley_CC-BY-2.0.jpg"
"C:\Users\dstor\Downloads\files (8)\LSE_VOLUME_1_FOUNDATIONS_SYSTEMS_EDITED.html","Downloads","LSE_VOLUME_1_FOUNDATIONS_SYSTEMS_EDITED.html","527","assets/B30_005__LSE_FOUND_B26_ROOTS_Container_Rootbound_CirclingRoots_B137_CC0.jpg","C:\Users\dstor\Downloads\files (8)\assets\B30_005__LSE_FOUND_B26_ROOTS_Container_Rootbound_CirclingRoots_B137_CC0.jpg","broken-found-elsewhere","1","repo","C:\Users\dstor\lse-repo\assets\B30_005__LSE_FOUND_B26_ROOTS_Container_Rootbound_CirclingRoots_B137_CC0.jpg"
"C:\Users\dstor\Downloads\files (8)\LSE_VOLUME_1_FOUNDATIONS_SYSTEMS_EDITED.html","Downloads","LSE_VOLUME_1_FOUNDATIONS_SYSTEMS_EDITED.html","529","assets/lse_figures/LSE_A12_Living_Soil_Container_Cross_Section_Ch22.png","C:\Users\dstor\Downloads\files (8)\assets\lse_figures\LSE_A12_Living_Soil_Container_Cross_Section_Ch22.png","broken-nomatch","0","",""
"C:\Users\dstor\Downloads\files (8)\LSE_VOLUME_1_FOUNDATIONS_SYSTEMS_EDITED.html","Downloads","LSE_VOLUME_1_FOUNDATIONS_SYSTEMS_EDITED.html","529","assets/lse_figures/LSE_E06_Container_Drainage_Myth_Rocks_At_The_Bottom_Ch22_Ch31.png","C:\Users\dstor\Downloads\files (8)\assets\lse_figures\LSE_E06_Container_Drainage_Myth_Rocks_At_The_Bottom_Ch22_Ch31.png","broken-nomatch","0","",""
"C:\Users\dstor\Downloads\files (8)\LSE_VOLUME_1_FOUNDATIONS_SYSTEMS_EDITED.html","Downloads","LSE_VOLUME_1_FOUNDATIONS_SYSTEMS_EDITED.html","543","assets/lse_figures/LSE_B21_Soil_Recipe_Matrix_By_Crop_Type_Ch23.png","C:\Users\dstor\Downloads\files (8)\assets\lse_figures\LSE_B21_Soil_Recipe_Matrix_By_Crop_Type_Ch23.png","broken-found-elsewhere","1","repo","C:\Users\dstor\lse-repo\assets\lse_figures\LSE_B21_Soil_Recipe_Matrix_By_Crop_Type_Ch23.png"
"C:\Users\dstor\Downloads\files (8)\LSE_VOLUME_1_FOUNDATIONS_SYSTEMS_EDITED.html","Downloads","LSE_VOLUME_1_FOUNDATIONS_SYSTEMS_EDITED.html","624","assets/user_created_web/UCI_014_No_Till_Top_Dressing_Cycle.png","C:\Users\dstor\Downloads\files (8)\assets\user_created_web\UCI_014_No_Till_Top_Dressing_Cycle.png","broken-nomatch","0","",""
"C:\Users\dstor\Downloads\files (8)\LSE_VOLUME_1_FOUNDATIONS_SYSTEMS_EDITED.html","Downloads","LSE_VOLUME_1_FOUNDATIONS_SYSTEMS_EDITED.html","624","assets/lse_figures/LSE_B22_Top_Dress_Layer_Cake_Ch24.png","C:\Users\dstor\Downloads\files (8)\assets\lse_figures\LSE_B22_Top_Dress_Layer_Cake_Ch24.png","broken-nomatch","0","",""
"C:\Users\dstor\Downloads\files (8)\LSE_VOLUME_1_FOUNDATIONS_SYSTEMS_EDITED.html","Downloads","LSE_VOLUME_1_FOUNDATIONS_SYSTEMS_EDITED.html","639","assets/lse_figures/LSE_A13_Cover_Crop_Function_Root_Architecture_Plate_Ch25.png","C:\Users\dstor\Downloads\files (8)\assets\lse_figures\LSE_A13_Cover_Crop_Function_Root_Architecture_Plate_Ch25.png","broken-nomatch","0","",""
"C:\Users\dstor\Downloads\files (8)\LSE_VOLUME_1_FOUNDATIONS_SYSTEMS_EDITED.html","Downloads","LSE_VOLUME_1_FOUNDATIONS_SYSTEMS_EDITED.html","644","assets/lse_figures/LSE_B23_Cover_Crop_Selector_North_Texas_Ch25.png","C:\Users\dstor\Downloads\files (8)\assets\lse_figures\LSE_B23_Cover_Crop_Selector_North_Texas_Ch25.png","broken-found-elsewhere","1","repo","C:\Users\dstor\lse-repo\assets\lse_figures\LSE_B23_Cover_Crop_Selector_North_Texas_Ch25.png"
"C:\Users\dstor\Downloads\files (8)\LSE_VOLUME_1_FOUNDATIONS_SYSTEMS_EDITED.html","Downloads","LSE_VOLUME_1_FOUNDATIONS_SYSTEMS_EDITED.html","648","assets/lse_figures/LSE_C20_Cover_Crop_Termination_Methods_Small_Beds_Ch25.png","C:\Users\dstor\Downloads\files (8)\assets\lse_figures\LSE_C20_Cover_Crop_Termination_Methods_Small_Beds_Ch25.png","broken-nomatch","0","",""
"C:\Users\dstor\Downloads\files (8)\LSE_VOLUME_1_FOUNDATIONS_SYSTEMS_EDITED.html","Downloads","LSE_VOLUME_1_FOUNDATIONS_SYSTEMS_EDITED.html","652","assets/lse_figures/LSE_E09_Cover_Crop_Failure_Modes_Small_Beds_Ch25.png","C:\Users\dstor\Downloads\files (8)\assets\lse_figures\LSE_E09_Cover_Crop_Failure_Modes_Small_Beds_Ch25.png","broken-nomatch","0","",""
"C:\Users\dstor\Downloads\files (8)\LSE_VOLUME_1_FOUNDATIONS_SYSTEMS_EDITED.html","Downloads","LSE_VOLUME_1_FOUNDATIONS_SYSTEMS_EDITED.html","707","assets/B30_049__LSE_FOUND_B28_SOIL_DroughtDrySoil_CrackingScale_VladislavNekrasov_CC-BY-4.0.jpg","C:\Users\dstor\Downloads\files (8)\assets\B30_049__LSE_FOUND_B28_SOIL_DroughtDrySoil_CrackingScale_VladislavNekrasov_CC-BY-4.0.jpg","broken-found-elsewhere","1","repo","C:\Users\dstor\lse-repo\assets\B30_049__LSE_FOUND_B28_SOIL_DroughtDrySoil_CrackingScale_VladislavNekrasov_CC-BY-4.0.jpg"
"C:\Users\dstor\Downloads\files (8)\LSE_VOLUME_1_FOUNDATIONS_SYSTEMS_EDITED.html","Downloads","LSE_VOLUME_1_FOUNDATIONS_SYSTEMS_EDITED.html","707","assets/B30_008__LSE_FOUND_B26_SOIL_AggregateStability_SlakeComparison_LanceCheung_USDA-PD.jpg","C:\Users\dstor\Downloads\files (8)\assets\B30_008__LSE_FOUND_B26_SOIL_AggregateStability_SlakeComparison_LanceCheung_USDA-PD.jpg","broken-found-elsewhere","1","repo","C:\Users\dstor\lse-repo\assets\B30_008__LSE_FOUND_B26_SOIL_AggregateStability_SlakeComparison_LanceCheung_USDA-PD.jpg"
"C:\Users\dstor\Downloads\files (8)\LSE_VOLUME_1_FOUNDATIONS_SYSTEMS_EDITED.html","Downloads","LSE_VOLUME_1_FOUNDATIONS_SYSTEMS_EDITED.html","708","assets/user_created_web/UCI_022_Irrigation_Systems_Comparison.png","C:\Users\dstor\Downloads\files (8)\assets\user_created_web\UCI_022_Irrigation_Systems_Comparison.png","broken-found-elsewhere","1","repo","C:\Users\dstor\lse-repo\assets\user_created_web\UCI_022_Irrigation_Systems_Comparison.png"
"C:\Users\dstor\Downloads\files (8)\LSE_VOLUME_1_FOUNDATIONS_SYSTEMS_EDITED.html","Downloads","LSE_VOLUME_1_FOUNDATIONS_SYSTEMS_EDITED.html","709","assets/B30_009__LSE_FOUND_B26_WATER_DripIrrigation_WettingPattern_PeggyGreb_USDA-PD.jpg","C:\Users\dstor\Downloads\files (8)\assets\B30_009__LSE_FOUND_B26_WATER_DripIrrigation_WettingPattern_PeggyGreb_USDA-PD.jpg","broken-found-elsewhere","1","repo","C:\Users\dstor\lse-repo\assets\B30_009__LSE_FOUND_B26_WATER_DripIrrigation_WettingPattern_PeggyGreb_USDA-PD.jpg"
"C:\Users\dstor\Downloads\files (8)\LSE_VOLUME_1_FOUNDATIONS_SYSTEMS_EDITED.html","Downloads","LSE_VOLUME_1_FOUNDATIONS_SYSTEMS_EDITED.html","710","assets/B30_080__LSE_FOUND_B29_HOLD_ROOTS_Basil_RhizoctoniaRootRot_DarkRoots_MSU_PERMISSION.jpg","C:\Users\dstor\Downloads\files (8)\assets\B30_080__LSE_FOUND_B29_HOLD_ROOTS_Basil_RhizoctoniaRootRot_DarkRoots_MSU_PERMISSION.jpg","broken-found-elsewhere","1","repo","C:\Users\dstor\lse-repo\assets\B30_080__LSE_FOUND_B29_HOLD_ROOTS_Basil_RhizoctoniaRootRot_DarkRoots_MSU_PERMISSION.jpg"
"C:\Users\dstor\Downloads\files (8)\LSE_VOLUME_1_FOUNDATIONS_SYSTEMS_EDITED.html","Downloads","LSE_VOLUME_1_FOUNDATIONS_SYSTEMS_EDITED.html","711","assets/B30_081__LSE_FOUND_B29_HOLD_ROOTS_Strawberry_BlackRootRot_HealthyVsDiseased_NCSU_PERMISSION.jpg","C:\Users\dstor\Downloads\files (8)\assets\B30_081__LSE_FOUND_B29_HOLD_ROOTS_Strawberry_BlackRootRot_HealthyVsDiseased_NCSU_PERMISSION.jpg","broken-found-elsewhere","1","repo","C:\Users\dstor\lse-repo\assets\B30_081__LSE_FOUND_B29_HOLD_ROOTS_Strawberry_BlackRootRot_HealthyVsDiseased_NCSU_PERMISSION.jpg"
"C:\Users\dstor\Downloads\files (8)\LSE_VOLUME_1_FOUNDATIONS_SYSTEMS_EDITED.html","Downloads","LSE_VOLUME_1_FOUNDATIONS_SYSTEMS_EDITED.html","715","assets/user_created_web/UCI_018_Comparing_Irrigation_Systems_for_Home_Gardens.png","C:\Users\dstor\Downloads\files (8)\assets\user_created_web\UCI_018_Comparing_Irrigation_Systems_for_Home_Gardens.png","broken-nomatch","0","",""
"C:\Users\dstor\Downloads\files (8)\LSE_VOLUME_1_FOUNDATIONS_SYSTEMS_EDITED.html","Downloads","LSE_VOLUME_1_FOUNDATIONS_SYSTEMS_EDITED.html","717","assets/lse_figures/LSE_B30_Irrigation_Systems_Compared_Ch34.png","C:\Users\dstor\Downloads\files (8)\assets\lse_figures\LSE_B30_Irrigation_Systems_Compared_Ch34.png","broken-nomatch","0","",""
"C:\Users\dstor\Downloads\files (8)\LSE_VOLUME_1_FOUNDATIONS_SYSTEMS_EDITED.html","Downloads","LSE_VOLUME_1_FOUNDATIONS_SYSTEMS_EDITED.html","722","assets/lse_figures/LSE_C05_Irrigation_Maintenance_Checklist_Ch34_35_49.png","C:\Users\dstor\Downloads\files (8)\assets\lse_figures\LSE_C05_Irrigation_Maintenance_Checklist_Ch34_35_49.png","broken-found-elsewhere","1","repo","C:\Users\dstor\lse-repo\assets\lse_figures\LSE_C05_Irrigation_Maintenance_Checklist_Ch34_35_49.png"
"C:\Users\dstor\Downloads\files (8)\LSE_VOLUME_1_FOUNDATIONS_SYSTEMS_EDITED.html","Downloads","LSE_VOLUME_1_FOUNDATIONS_SYSTEMS_EDITED.html","782","assets/user_created_web/UCI_024_Rainwater_Harvesting_System_Home_Scale.png","C:\Users\dstor\Downloads\files (8)\assets\user_created_web\UCI_024_Rainwater_Harvesting_System_Home_Scale.png","broken-nomatch","0","",""
"C:\Users\dstor\Downloads\files (8)\LSE_VOLUME_1_FOUNDATIONS_SYSTEMS_EDITED.html","Downloads","LSE_VOLUME_1_FOUNDATIONS_SYSTEMS_EDITED.html","793","assets/B30_074__LSE_FOUND_B29_PRACTICAL_HighTunnel_Vegetables_RollUpVentilation_KathleenMoore_CC-BY-2.0.jpg","C:\Users\dstor\Downloads\files (8)\assets\B30_074__LSE_FOUND_B29_PRACTICAL_HighTunnel_Vegetables_RollUpVentilation_KathleenMoore_CC-BY-2.0.jpg","broken-found-elsewhere","1","repo","C:\Users\dstor\lse-repo\assets\B30_074__LSE_FOUND_B29_PRACTICAL_HighTunnel_Vegetables_RollUpVentilation_KathleenMoore_CC-BY-2.0.jpg"
"C:\Users\dstor\Downloads\files (8)\LSE_VOLUME_1_FOUNDATIONS_SYSTEMS_EDITED.html","Downloads","LSE_VOLUME_1_FOUNDATIONS_SYSTEMS_EDITED.html","794","assets/B30_075__LSE_FOUND_B29_PRACTICAL_HerbsLettuce_ColdFrame_OpenLid_ChrisAlberti_CC-BY-2.0.jpg","C:\Users\dstor\Downloads\files (8)\assets\B30_075__LSE_FOUND_B29_PRACTICAL_HerbsLettuce_ColdFrame_OpenLid_ChrisAlberti_CC-BY-2.0.jpg","broken-found-elsewhere","1","repo","C:\Users\dstor\lse-repo\assets\B30_075__LSE_FOUND_B29_PRACTICAL_HerbsLettuce_ColdFrame_OpenLid_ChrisAlberti_CC-BY-2.0.jpg"
"C:\Users\dstor\Downloads\files (8)\LSE_VOLUME_1_FOUNDATIONS_SYSTEMS_EDITED.html","Downloads","LSE_VOLUME_1_FOUNDATIONS_SYSTEMS_EDITED.html","799","assets/lse_figures/LSE_A17_Hoop_House_Season_Extension_Setup_Ch36.png","C:\Users\dstor\Downloads\files (8)\assets\lse_figures\LSE_A17_Hoop_House_Season_Extension_Setup_Ch36.png","broken-nomatch","0","",""
"C:\Users\dstor\Downloads\files (8)\LSE_VOLUME_1_FOUNDATIONS_SYSTEMS_EDITED.html","Downloads","LSE_VOLUME_1_FOUNDATIONS_SYSTEMS_EDITED.html","803","assets/lse_figures/LSE_E14_Hoop_House_Spring_Rain_vs_Summer_Heat_Ch36.png","C:\Users\dstor\Downloads\files (8)\assets\lse_figures\LSE_E14_Hoop_House_Spring_Rain_vs_Summer_Heat_Ch36.png","broken-nomatch","0","",""
"C:\Users\dstor\Downloads\files (8)\LSE_VOLUME_1_FOUNDATIONS_SYSTEMS_EDITED.html","Downloads","LSE_VOLUME_1_FOUNDATIONS_SYSTEMS_EDITED.html","817","assets/lse_figures/LSE_E16_Light_Metrics_PPFD_DLI_Concept_Ch37.png","C:\Users\dstor\Downloads\files (8)\assets\lse_figures\LSE_E16_Light_Metrics_PPFD_DLI_Concept_Ch37.png","broken-nomatch","0","",""
"C:\Users\dstor\Downloads\files (8)\LSE_VOLUME_1_FOUNDATIONS_SYSTEMS_EDITED.html","Downloads","LSE_VOLUME_1_FOUNDATIONS_SYSTEMS_EDITED.html","834","assets/lse_figures/LSE_C02_Seed_Starting_Hardening_Off_Workflow_Ch49.png","C:\Users\dstor\Downloads\files (8)\assets\lse_figures\LSE_C02_Seed_Starting_Hardening_Off_Workflow_Ch49.png","broken-found-elsewhere","1","repo","C:\Users\dstor\lse-repo\assets\lse_figures\LSE_C02_Seed_Starting_Hardening_Off_Workflow_Ch49.png"
"C:\Users\dstor\Downloads\files (8)\LSE_VOLUME_1_FOUNDATIONS_SYSTEMS_EDITED.html","Downloads","LSE_VOLUME_1_FOUNDATIONS_SYSTEMS_EDITED.html","857","assets/lse_figures/LSE_B32_Tool_Sanitation_Workflow_Ch38_49.png","C:\Users\dstor\Downloads\files (8)\assets\lse_figures\LSE_B32_Tool_Sanitation_Workflow_Ch38_49.png","broken-found-elsewhere","1","repo","C:\Users\dstor\lse-repo\assets\lse_figures\LSE_B32_Tool_Sanitation_Workflow_Ch38_49.png"
"C:\Users\dstor\Downloads\files (8)\LSE_VOLUME_1_FOUNDATIONS_SYSTEMS_EDITED.html","Downloads","LSE_VOLUME_1_FOUNDATIONS_SYSTEMS_EDITED.html","918","assets/user_created_web/UCI_021_Refractometer_Use_Protocol.png","C:\Users\dstor\Downloads\files (8)\assets\user_created_web\UCI_021_Refractometer_Use_Protocol.png","broken-found-elsewhere","1","repo","C:\Users\dstor\lse-repo\assets\user_created_web\UCI_021_Refractometer_Use_Protocol.png"
"C:\Users\dstor\Downloads\files (8)\LSE_VOLUME_2_INPUTS_AMENDMENTS_MICROBES_EDITED.html","Downloads","LSE_VOLUME_2_INPUTS_AMENDMENTS_MICROBES_EDITED.html","56","assets/user_created_web/UCI_008_Soil_Input_Categories_Overview.png","C:\Users\dstor\Downloads\files (8)\assets\user_created_web\UCI_008_Soil_Input_Categories_Overview.png","broken-nomatch","0","",""
"C:\Users\dstor\Downloads\files (8)\LSE_VOLUME_2_INPUTS_AMENDMENTS_MICROBES_EDITED.html","Downloads","LSE_VOLUME_2_INPUTS_AMENDMENTS_MICROBES_EDITED.html","60","assets/lse_figures/LSE_A09_Compost_Maturity_Contamination_Inspection_Ch13.png","C:\Users\dstor\Downloads\files (8)\assets\lse_figures\LSE_A09_Compost_Maturity_Contamination_Inspection_Ch13.png","broken-nomatch","0","",""
"C:\Users\dstor\Downloads\files (8)\LSE_VOLUME_2_INPUTS_AMENDMENTS_MICROBES_EDITED.html","Downloads","LSE_VOLUME_2_INPUTS_AMENDMENTS_MICROBES_EDITED.html","61","assets/B30_007__LSE_FOUND_B26_COMPOST_Compost_MaturityContamination_TemperatureInspection_StephenAusmus_USDA-PD.jpg","C:\Users\dstor\Downloads\files (8)\assets\B30_007__LSE_FOUND_B26_COMPOST_Compost_MaturityContamination_TemperatureInspection_StephenAusmus_USDA-PD.jpg","broken-found-elsewhere","1","repo","C:\Users\dstor\lse-repo\assets\B30_007__LSE_FOUND_B26_COMPOST_Compost_MaturityContamination_TemperatureInspection_StephenAusmus_USDA-PD.jpg"
"C:\Users\dstor\Downloads\files (8)\LSE_VOLUME_2_INPUTS_AMENDMENTS_MICROBES_EDITED.html","Downloads","LSE_VOLUME_2_INPUTS_AMENDMENTS_MICROBES_EDITED.html","208","assets/lse_figures/LSE_B15_Lime_Gypsum_Sulfur_Decision_Tree_Ch14.png","C:\Users\dstor\Downloads\files (8)\assets\lse_figures\LSE_B15_Lime_Gypsum_Sulfur_Decision_Tree_Ch14.png","broken-found-elsewhere","1","repo","C:\Users\dstor\lse-repo\assets\lse_figures\LSE_B15_Lime_Gypsum_Sulfur_Decision_Tree_Ch14.png"
"C:\Users\dstor\Downloads\files (8)\LSE_VOLUME_2_INPUTS_AMENDMENTS_MICROBES_EDITED.html","Downloads","LSE_VOLUME_2_INPUTS_AMENDMENTS_MICROBES_EDITED.html","209","assets/user_created_web/UCI_004_Soil_Nutrient_Availability.png","C:\Users\dstor\Downloads\files (8)\assets\user_created_web\UCI_004_Soil_Nutrient_Availability.png","broken-nomatch","0","",""
"C:\Users\dstor\Downloads\files (8)\LSE_VOLUME_2_INPUTS_AMENDMENTS_MICROBES_EDITED.html","Downloads","LSE_VOLUME_2_INPUTS_AMENDMENTS_MICROBES_EDITED.html","1038","assets/lse_figures/LSE_B17_Microbial_Inoculant_Viability_Root_Contact_Ch17.png","C:\Users\dstor\Downloads\files (8)\assets\lse_figures\LSE_B17_Microbial_Inoculant_Viability_Root_Contact_Ch17.png","broken-nomatch","0","",""
"C:\Users\dstor\Downloads\files (8)\LSE_VOLUME_2_INPUTS_AMENDMENTS_MICROBES_EDITED.html","Downloads","LSE_VOLUME_2_INPUTS_AMENDMENTS_MICROBES_EDITED.html","1271","assets/lse_figures/LSE_B18_Raw_vs_Charged_Biochar_Ch18.png","C:\Users\dstor\Downloads\files (8)\assets\lse_figures\LSE_B18_Raw_vs_Charged_Biochar_Ch18.png","broken-nomatch","0","",""
"C:\Users\dstor\Downloads\files (8)\LSE_VOLUME_2_INPUTS_AMENDMENTS_MICROBES_EDITED.html","Downloads","LSE_VOLUME_2_INPUTS_AMENDMENTS_MICROBES_EDITED.html","1390","assets/lse_figures/LSE_A10_Brews_Teas_Ferments_Safety_Station_Ch19.png","C:\Users\dstor\Downloads\files (8)\assets\lse_figures\LSE_A10_Brews_Teas_Ferments_Safety_Station_Ch19.png","broken-nomatch","0","",""
"C:\Users\dstor\Downloads\files (8)\LSE_VOLUME_2_INPUTS_AMENDMENTS_MICROBES_EDITED.html","Downloads","LSE_VOLUME_2_INPUTS_AMENDMENTS_MICROBES_EDITED.html","1390","assets/user_created_web/UCI_031_Home_Brew_Feed_Quick_Reference_Card.png","C:\Users\dstor\Downloads\files (8)\assets\user_created_web\UCI_031_Home_Brew_Feed_Quick_Reference_Card.png","broken-found-elsewhere","1","repo","C:\Users\dstor\lse-repo\assets\user_created_web\UCI_031_Home_Brew_Feed_Quick_Reference_Card.png"
"C:\Users\dstor\Downloads\files (8)\LSE_VOLUME_2_INPUTS_AMENDMENTS_MICROBES_EDITED.html","Downloads","LSE_VOLUME_2_INPUTS_AMENDMENTS_MICROBES_EDITED.html","1394","assets/lse_figures/LSE_C06_AACT_Brewing_Safety_Workflow_Ch19_Ch49.png","C:\Users\dstor\Downloads\files (8)\assets\lse_figures\LSE_C06_AACT_Brewing_Safety_Workflow_Ch19_Ch49.png","broken-found-elsewhere","1","repo","C:\Users\dstor\lse-repo\assets\lse_figures\LSE_C06_AACT_Brewing_Safety_Workflow_Ch19_Ch49.png"
"C:\Users\dstor\Downloads\files (8)\LSE_VOLUME_3_CROPS_IPM_DIAGNOSTICS_EDITED.html","Downloads","LSE_VOLUME_3_CROPS_IPM_DIAGNOSTICS_EDITED.html","58","assets/lse_figures/LSE_B24_Companion_Planting_Mechanism_vs_Folklore_Ch26.png","C:\Users\dstor\Downloads\files (8)\assets\lse_figures\LSE_B24_Companion_Planting_Mechanism_vs_Folklore_Ch26.png","broken-nomatch","0","",""
"C:\Users\dstor\Downloads\files (8)\LSE_VOLUME_3_CROPS_IPM_DIAGNOSTICS_EDITED.html","Downloads","LSE_VOLUME_3_CROPS_IPM_DIAGNOSTICS_EDITED.html","64","assets/lse_figures/LSE_E12_Trap_Crop_Decision_Nasturtium_Aphids_Ch26_Ch28_Ch39.png","C:\Users\dstor\Downloads\files (8)\assets\lse_figures\LSE_E12_Trap_Crop_Decision_Nasturtium_Aphids_Ch26_Ch28_Ch39.png","broken-nomatch","0","",""
"C:\Users\dstor\Downloads\files (8)\LSE_VOLUME_3_CROPS_IPM_DIAGNOSTICS_EDITED.html","Downloads","LSE_VOLUME_3_CROPS_IPM_DIAGNOSTICS_EDITED.html","76","assets/user_created_web/UCI_015_Three_Sisters_Guild.png","C:\Users\dstor\Downloads\files (8)\assets\user_created_web\UCI_015_Three_Sisters_Guild.png","broken-nomatch","0","",""
"C:\Users\dstor\Downloads\files (8)\LSE_VOLUME_3_CROPS_IPM_DIAGNOSTICS_EDITED.html","Downloads","LSE_VOLUME_3_CROPS_IPM_DIAGNOSTICS_EDITED.html","77","assets/user_created_web/UCI_016_Polyculture_Guild_Design.png","C:\Users\dstor\Downloads\files (8)\assets\user_created_web\UCI_016_Polyculture_Guild_Design.png","broken-nomatch","0","",""
"C:\Users\dstor\Downloads\files (8)\LSE_VOLUME_3_CROPS_IPM_DIAGNOSTICS_EDITED.html","Downloads","LSE_VOLUME_3_CROPS_IPM_DIAGNOSTICS_EDITED.html","81","assets/lse_figures/LSE_B25_Seven_Layer_Guild_Design_Texas_Peach_Ch27.png","C:\Users\dstor\Downloads\files (8)\assets\lse_figures\LSE_B25_Seven_Layer_Guild_Design_Texas_Peach_Ch27.png","broken-nomatch","0","",""
"C:\Users\dstor\Downloads\files (8)\LSE_VOLUME_3_CROPS_IPM_DIAGNOSTICS_EDITED.html","Downloads","LSE_VOLUME_3_CROPS_IPM_DIAGNOSTICS_EDITED.html","103","assets/lse_figures/LSE_A14_Insectary_Pollinator_Guild_Ch28.png","C:\Users\dstor\Downloads\files (8)\assets\lse_figures\LSE_A14_Insectary_Pollinator_Guild_Ch28.png","broken-nomatch","0","",""
"C:\Users\dstor\Downloads\files (8)\LSE_VOLUME_3_CROPS_IPM_DIAGNOSTICS_EDITED.html","Downloads","LSE_VOLUME_3_CROPS_IPM_DIAGNOSTICS_EDITED.html","103","assets/lse_figures/LSE_E07_Living_Mulch_Insectary_Strip_Boundary_Ch28.png","C:\Users\dstor\Downloads\files (8)\assets\lse_figures\LSE_E07_Living_Mulch_Insectary_Strip_Boundary_Ch28.png","broken-nomatch","0","",""
"C:\Users\dstor\Downloads\files (8)\LSE_VOLUME_3_CROPS_IPM_DIAGNOSTICS_EDITED.html","Downloads","LSE_VOLUME_3_CROPS_IPM_DIAGNOSTICS_EDITED.html","103","assets/lse_figures/LSE_B26_Flower_Architecture_For_Beneficial_Insects_Ch28_40.png","C:\Users\dstor\Downloads\files (8)\assets\lse_figures\LSE_B26_Flower_Architecture_For_Beneficial_Insects_Ch28_40.png","broken-nomatch","0","",""
"C:\Users\dstor\Downloads\files (8)\LSE_VOLUME_3_CROPS_IPM_DIAGNOSTICS_EDITED.html","Downloads","LSE_VOLUME_3_CROPS_IPM_DIAGNOSTICS_EDITED.html","106","assets/lse_figures/LSE_E10_Pollinator_Safe_Spray_Timing_Ch28_39_41.png","C:\Users\dstor\Downloads\files (8)\assets\lse_figures\LSE_E10_Pollinator_Safe_Spray_Timing_Ch28_39_41.png","broken-nomatch","0","",""
"C:\Users\dstor\Downloads\files (8)\LSE_VOLUME_3_CROPS_IPM_DIAGNOSTICS_EDITED.html","Downloads","LSE_VOLUME_3_CROPS_IPM_DIAGNOSTICS_EDITED.html","106","assets/user_created_web/UCI_013_Beneficial_Insectary_Bloom_Calendar.png","C:\Users\dstor\Downloads\files (8)\assets\user_created_web\UCI_013_Beneficial_Insectary_Bloom_Calendar.png","broken-found-elsewhere","1","repo","C:\Users\dstor\lse-repo\assets\user_created_web\UCI_013_Beneficial_Insectary_Bloom_Calendar.png"
"C:\Users\dstor\Downloads\files (8)\LSE_VOLUME_3_CROPS_IPM_DIAGNOSTICS_EDITED.html","Downloads","LSE_VOLUME_3_CROPS_IPM_DIAGNOSTICS_EDITED.html","115","assets/lse_figures/LSE_E11_North_Texas_Insectary_Bloom_Succession_Calendar_Ch28_40.png","C:\Users\dstor\Downloads\files (8)\assets\lse_figures\LSE_E11_North_Texas_Insectary_Bloom_Succession_Calendar_Ch28_40.png","broken-found-elsewhere","1","repo","C:\Users\dstor\lse-repo\assets\lse_figures\LSE_E11_North_Texas_Insectary_Bloom_Succession_Calendar_Ch28_40.png"
"C:\Users\dstor\Downloads\files (8)\LSE_VOLUME_3_CROPS_IPM_DIAGNOSTICS_EDITED.html","Downloads","LSE_VOLUME_3_CROPS_IPM_DIAGNOSTICS_EDITED.html","142","assets/lse_figures/LSE_A15_Crop_Family_Rotation_Map_Ch29.png","C:\Users\dstor\Downloads\files (8)\assets\lse_figures\LSE_A15_Crop_Family_Rotation_Map_Ch29.png","broken-found-elsewhere","1","repo","C:\Users\dstor\lse-repo\assets\lse_figures\LSE_A15_Crop_Family_Rotation_Map_Ch29.png"
"C:\Users\dstor\Downloads\files (8)\LSE_VOLUME_3_CROPS_IPM_DIAGNOSTICS_EDITED.html","Downloads","LSE_VOLUME_3_CROPS_IPM_DIAGNOSTICS_EDITED.html","150","assets/lse_figures/LSE_B28_North_Texas_Bed_Pivot_Calendar_Ch25_Ch29_Ch30.png","C:\Users\dstor\Downloads\files (8)\assets\lse_figures\LSE_B28_North_Texas_Bed_Pivot_Calendar_Ch25_Ch29_Ch30.png","broken-found-elsewhere","1","repo","C:\Users\dstor\lse-repo\assets\lse_figures\LSE_B28_North_Texas_Bed_Pivot_Calendar_Ch25_Ch29_Ch30.png"
"C:\Users\dstor\Downloads\files (8)\LSE_VOLUME_3_CROPS_IPM_DIAGNOSTICS_EDITED.html","Downloads","LSE_VOLUME_3_CROPS_IPM_DIAGNOSTICS_EDITED.html","154","assets/lse_figures/LSE_C08_Crop_Planning_Succession_Board_Ch29_49.png","C:\Users\dstor\Downloads\files (8)\assets\lse_figures\LSE_C08_Crop_Planning_Succession_Board_Ch29_49.png","broken-nomatch","0","",""
"C:\Users\dstor\Downloads\files (8)\LSE_VOLUME_3_CROPS_IPM_DIAGNOSTICS_EDITED.html","Downloads","LSE_VOLUME_3_CROPS_IPM_DIAGNOSTICS_EDITED.html","161","assets/lse_figures/LSE_D13_Squash_Vine_Borer_Scouting_Plate_Ch30_39.png","C:\Users\dstor\Downloads\files (8)\assets\lse_figures\LSE_D13_Squash_Vine_Borer_Scouting_Plate_Ch30_39.png","broken-nomatch","0","",""
"C:\Users\dstor\Downloads\files (8)\LSE_VOLUME_3_CROPS_IPM_DIAGNOSTICS_EDITED.html","Downloads","LSE_VOLUME_3_CROPS_IPM_DIAGNOSTICS_EDITED.html","167","assets/lse_figures/LSE_D14_Cucumber_Beetle_Bacterial_Wilt_Vector_Diagram_Ch30_Ch39_Ch42.png","C:\Users\dstor\Downloads\files (8)\assets\lse_figures\LSE_D14_Cucumber_Beetle_Bacterial_Wilt_Vector_Diagram_Ch30_Ch39_Ch42.png","broken-nomatch","0","",""
"C:\Users\dstor\Downloads\files (8)\LSE_VOLUME_3_CROPS_IPM_DIAGNOSTICS_EDITED.html","Downloads","LSE_VOLUME_3_CROPS_IPM_DIAGNOSTICS_EDITED.html","167","assets/lse_figures/LSE_D17_Okra_Pod_Injury_Hidden_Pest_Damage_Ch30.png","C:\Users\dstor\Downloads\files (8)\assets\lse_figures\LSE_D17_Okra_Pod_Injury_Hidden_Pest_Damage_Ch30.png","broken-nomatch","0","",""
"C:\Users\dstor\Downloads\files (8)\LSE_VOLUME_3_CROPS_IPM_DIAGNOSTICS_EDITED.html","Downloads","LSE_VOLUME_3_CROPS_IPM_DIAGNOSTICS_EDITED.html","177","assets/lse_figures/LSE_E03_Row_Cover_Low_Tunnel_Timing_Plate_Ch30_36_39.png","C:\Users\dstor\Downloads\files (8)\assets\lse_figures\LSE_E03_Row_Cover_Low_Tunnel_Timing_Plate_Ch30_36_39.png","broken-nomatch","0","",""
"C:\Users\dstor\Downloads\files (8)\LSE_VOLUME_3_CROPS_IPM_DIAGNOSTICS_EDITED.html","Downloads","LSE_VOLUME_3_CROPS_IPM_DIAGNOSTICS_EDITED.html","184","assets/lse_figures/LSE_B29_Herb_Grouping_Matrix_Ch31.png","C:\Users\dstor\Downloads\files (8)\assets\lse_figures\LSE_B29_Herb_Grouping_Matrix_Ch31.png","broken-found-elsewhere","1","repo","C:\Users\dstor\lse-repo\assets\lse_figures\LSE_B29_Herb_Grouping_Matrix_Ch31.png"
"C:\Users\dstor\Downloads\files (8)\LSE_VOLUME_3_CROPS_IPM_DIAGNOSTICS_EDITED.html","Downloads","LSE_VOLUME_3_CROPS_IPM_DIAGNOSTICS_EDITED.html","190","assets/lse_figures/LSE_C17_Basil_Pruning_Downy_Mildew_Scouting_Ch31_42.png","C:\Users\dstor\Downloads\files (8)\assets\lse_figures\LSE_C17_Basil_Pruning_Downy_Mildew_Scouting_Ch31_42.png","broken-nomatch","0","",""
"C:\Users\dstor\Downloads\files (8)\LSE_VOLUME_3_CROPS_IPM_DIAGNOSTICS_EDITED.html","Downloads","LSE_VOLUME_3_CROPS_IPM_DIAGNOSTICS_EDITED.html","197","assets/lse_figures/LSE_C19_Woody_Herb_Harvest_Limits_Ch31.png","C:\Users\dstor\Downloads\files (8)\assets\lse_figures\LSE_C19_Woody_Herb_Harvest_Limits_Ch31.png","broken-nomatch","0","",""
"C:\Users\dstor\Downloads\files (8)\LSE_VOLUME_3_CROPS_IPM_DIAGNOSTICS_EDITED.html","Downloads","LSE_VOLUME_3_CROPS_IPM_DIAGNOSTICS_EDITED.html","197","assets/lse_figures/LSE_D20_Basil_Downy_Mildew_vs_Nutrient_Yellowing_Ch31_42.png","C:\Users\dstor\Downloads\files (8)\assets\lse_figures\LSE_D20_Basil_Downy_Mildew_vs_Nutrient_Yellowing_Ch31_42.png","broken-nomatch","0","",""
"C:\Users\dstor\Downloads\files (8)\LSE_VOLUME_3_CROPS_IPM_DIAGNOSTICS_EDITED.html","Downloads","LSE_VOLUME_3_CROPS_IPM_DIAGNOSTICS_EDITED.html","199","assets/lse_figures/LSE_C16_Herb_Barrel_Setup_Sequence_Ch31.png","C:\Users\dstor\Downloads\files (8)\assets\lse_figures\LSE_C16_Herb_Barrel_Setup_Sequence_Ch31.png","broken-nomatch","0","",""
"C:\Users\dstor\Downloads\files (8)\LSE_VOLUME_3_CROPS_IPM_DIAGNOSTICS_EDITED.html","Downloads","LSE_VOLUME_3_CROPS_IPM_DIAGNOSTICS_EDITED.html","202","assets/lse_figures/LSE_C18_Cilantro_Dill_Cool_Season_Succession_Ch31.png","C:\Users\dstor\Downloads\files (8)\assets\lse_figures\LSE_C18_Cilantro_Dill_Cool_Season_Succession_Ch31.png","broken-nomatch","0","",""
"C:\Users\dstor\Downloads\files (8)\LSE_VOLUME_3_CROPS_IPM_DIAGNOSTICS_EDITED.html","Downloads","LSE_VOLUME_3_CROPS_IPM_DIAGNOSTICS_EDITED.html","202","assets/lse_figures/LSE_E05_Barrel_Herb_Garden_Cross_Section_Ch31.png","C:\Users\dstor\Downloads\files (8)\assets\lse_figures\LSE_E05_Barrel_Herb_Garden_Cross_Section_Ch31.png","broken-nomatch","0","",""
"C:\Users\dstor\Downloads\files (8)\LSE_VOLUME_3_CROPS_IPM_DIAGNOSTICS_EDITED.html","Downloads","LSE_VOLUME_3_CROPS_IPM_DIAGNOSTICS_EDITED.html","494","assets/user_created_web/UCI_020_Common_Dallas_Pest_Identification_Guide.png","C:\Users\dstor\Downloads\files (8)\assets\user_created_web\UCI_020_Common_Dallas_Pest_Identification_Guide.png","broken-found-elsewhere","1","repo","C:\Users\dstor\lse-repo\assets\user_created_web\UCI_020_Common_Dallas_Pest_Identification_Guide.png"
"C:\Users\dstor\Downloads\files (8)\LSE_VOLUME_3_CROPS_IPM_DIAGNOSTICS_EDITED.html","Downloads","LSE_VOLUME_3_CROPS_IPM_DIAGNOSTICS_EDITED.html","495","assets/B30_052__LSE_FOUND_B28_PEST_Brassica_CabbageFlyLarva_StalkDamage_PakChoi_SchlagheckenJosef_CC-BY-SA-4.0.jpg","C:\Users\dstor\Downloads\files (8)\assets\B30_052__LSE_FOUND_B28_PEST_Brassica_CabbageFlyLarva_StalkDamage_PakChoi_SchlagheckenJosef_CC-BY-SA-4.0.jpg","broken-found-elsewhere","1","repo","C:\Users\dstor\lse-repo\assets\B30_052__LSE_FOUND_B28_PEST_Brassica_CabbageFlyLarva_StalkDamage_PakChoi_SchlagheckenJosef_CC-BY-SA-4.0.jpg"
"C:\Users\dstor\Downloads\files (8)\LSE_VOLUME_3_CROPS_IPM_DIAGNOSTICS_EDITED.html","Downloads","LSE_VOLUME_3_CROPS_IPM_DIAGNOSTICS_EDITED.html","496","assets/B30_053__LSE_FOUND_B28_PEST_Brassica_DeliaRadicum_MaggotPupaLifeStages_Rasbak_CC-BY-SA-GFDL.jpg","C:\Users\dstor\Downloads\files (8)\assets\B30_053__LSE_FOUND_B28_PEST_Brassica_DeliaRadicum_MaggotPupaLifeStages_Rasbak_CC-BY-SA-GFDL.jpg","broken-found-elsewhere","1","repo","C:\Users\dstor\lse-repo\assets\B30_053__LSE_FOUND_B28_PEST_Brassica_DeliaRadicum_MaggotPupaLifeStages_Rasbak_CC-BY-SA-GFDL.jpg"
"C:\Users\dstor\Downloads\files (8)\LSE_VOLUME_3_CROPS_IPM_DIAGNOSTICS_EDITED.html","Downloads","LSE_VOLUME_3_CROPS_IPM_DIAGNOSTICS_EDITED.html","497","assets/B30_027__LSE_FOUND_B27_PEST_Cowpea_CowpeaCurculio_PodCrossSectionLarvaAdult_UGA_VERIFY.jpg","C:\Users\dstor\Downloads\files (8)\assets\B30_027__LSE_FOUND_B27_PEST_Cowpea_CowpeaCurculio_PodCrossSectionLarvaAdult_UGA_VERIFY.jpg","broken-found-elsewhere","1","repo","C:\Users\dstor\lse-repo\assets\B30_027__LSE_FOUND_B27_PEST_Cowpea_CowpeaCurculio_PodCrossSectionLarvaAdult_UGA_VERIFY.jpg"
"C:\Users\dstor\Downloads\files (8)\LSE_VOLUME_3_CROPS_IPM_DIAGNOSTICS_EDITED.html","Downloads","LSE_VOLUME_3_CROPS_IPM_DIAGNOSTICS_EDITED.html","498","assets/B30_028__LSE_FOUND_B27_PEST_Cowpea_CowpeaCurculio_LarvaInsidePodRisk_UGA_VERIFY.jpg","C:\Users\dstor\Downloads\files (8)\assets\B30_028__LSE_FOUND_B27_PEST_Cowpea_CowpeaCurculio_LarvaInsidePodRisk_UGA_VERIFY.jpg","broken-found-elsewhere","1","repo","C:\Users\dstor\lse-repo\assets\B30_028__LSE_FOUND_B27_PEST_Cowpea_CowpeaCurculio_LarvaInsidePodRisk_UGA_VERIFY.jpg"
"C:\Users\dstor\Downloads\files (8)\LSE_VOLUME_3_CROPS_IPM_DIAGNOSTICS_EDITED.html","Downloads","LSE_VOLUME_3_CROPS_IPM_DIAGNOSTICS_EDITED.html","499","assets/B30_079__LSE_FOUND_B29_HOLD_PEST_Okra_StinkBugDamage_TwistedPods_Clemson_PERMISSION.jpg","C:\Users\dstor\Downloads\files (8)\assets\B30_079__LSE_FOUND_B29_HOLD_PEST_Okra_StinkBugDamage_TwistedPods_Clemson_PERMISSION.jpg","broken-found-elsewhere","1","repo","C:\Users\dstor\lse-repo\assets\B30_079__LSE_FOUND_B29_HOLD_PEST_Okra_StinkBugDamage_TwistedPods_Clemson_PERMISSION.jpg"
"C:\Users\dstor\Downloads\files (8)\LSE_VOLUME_3_CROPS_IPM_DIAGNOSTICS_EDITED.html","Downloads","LSE_VOLUME_3_CROPS_IPM_DIAGNOSTICS_EDITED.html","515","assets/B30_029__LSE_FOUND_B27_PEST_Cowpea_CowpeaCurculio_AdultScouting_UGA_VERIFY.jpg","C:\Users\dstor\Downloads\files (8)\assets\B30_029__LSE_FOUND_B27_PEST_Cowpea_CowpeaCurculio_AdultScouting_UGA_VERIFY.jpg","broken-found-elsewhere","1","repo","C:\Users\dstor\lse-repo\assets\B30_029__LSE_FOUND_B27_PEST_Cowpea_CowpeaCurculio_AdultScouting_UGA_VERIFY.jpg"
"C:\Users\dstor\Downloads\files (8)\LSE_VOLUME_3_CROPS_IPM_DIAGNOSTICS_EDITED.html","Downloads","LSE_VOLUME_3_CROPS_IPM_DIAGNOSTICS_EDITED.html","516","assets/B30_030__LSE_FOUND_B27_PEST_Eggplant_FleaBeetle_ShotHolePittedLeaf_DavidCappaert-Bugwood_VERIFY.jpg","C:\Users\dstor\Downloads\files (8)\assets\B30_030__LSE_FOUND_B27_PEST_Eggplant_FleaBeetle_ShotHolePittedLeaf_DavidCappaert-Bugwood_VERIFY.jpg","broken-found-elsewhere","1","repo","C:\Users\dstor\lse-repo\assets\B30_030__LSE_FOUND_B27_PEST_Eggplant_FleaBeetle_ShotHolePittedLeaf_DavidCappaert-Bugwood_VERIFY.jpg"
"C:\Users\dstor\Downloads\files (8)\LSE_VOLUME_3_CROPS_IPM_DIAGNOSTICS_EDITED.html","Downloads","LSE_VOLUME_3_CROPS_IPM_DIAGNOSTICS_EDITED.html","520","assets/B30_073__LSE_FOUND_B29_PRACTICAL_RowCover_LowTunnel_FabricOverHoops_KathleenMoore_CC-BY-2.0.jpg","C:\Users\dstor\Downloads\files (8)\assets\B30_073__LSE_FOUND_B29_PRACTICAL_RowCover_LowTunnel_FabricOverHoops_KathleenMoore_CC-BY-2.0.jpg","broken-found-elsewhere","1","repo","C:\Users\dstor\lse-repo\assets\B30_073__LSE_FOUND_B29_PRACTICAL_RowCover_LowTunnel_FabricOverHoops_KathleenMoore_CC-BY-2.0.jpg"
"C:\Users\dstor\Downloads\files (8)\LSE_VOLUME_3_CROPS_IPM_DIAGNOSTICS_EDITED.html","Downloads","LSE_VOLUME_3_CROPS_IPM_DIAGNOSTICS_EDITED.html","521","assets/B30_033__LSE_FOUND_B27_EXCLUSION_VegetableBeds_FloatingRowCover_PhysicalBarrier_ScotNelson_CONDITIONAL.jpg","C:\Users\dstor\Downloads\files (8)\assets\B30_033__LSE_FOUND_B27_EXCLUSION_VegetableBeds_FloatingRowCover_PhysicalBarrier_ScotNelson_CONDITIONAL.jpg","broken-found-elsewhere","1","repo","C:\Users\dstor\lse-repo\assets\B30_033__LSE_FOUND_B27_EXCLUSION_VegetableBeds_FloatingRowCover_PhysicalBarrier_ScotNelson_CONDITIONAL.jpg"
"C:\Users\dstor\Downloads\files (8)\LSE_VOLUME_3_CROPS_IPM_DIAGNOSTICS_EDITED.html","Downloads","LSE_VOLUME_3_CROPS_IPM_DIAGNOSTICS_EDITED.html","534","assets/B30_048__LSE_FOUND_B28_PEST_Brassica_CabbageFlyMaggot_RootDamage_Kohlrabi_SchlagheckenJosef_CC-BY-4.0.jpg","C:\Users\dstor\Downloads\files (8)\assets\B30_048__LSE_FOUND_B28_PEST_Brassica_CabbageFlyMaggot_RootDamage_Kohlrabi_SchlagheckenJosef_CC-BY-4.0.jpg","broken-found-elsewhere","1","repo","C:\Users\dstor\lse-repo\assets\B30_048__LSE_FOUND_B28_PEST_Brassica_CabbageFlyMaggot_RootDamage_Kohlrabi_SchlagheckenJosef_CC-BY-4.0.jpg"
"C:\Users\dstor\Downloads\files (8)\LSE_VOLUME_3_CROPS_IPM_DIAGNOSTICS_EDITED.html","Downloads","LSE_VOLUME_3_CROPS_IPM_DIAGNOSTICS_EDITED.html","535","assets/B30_032__LSE_FOUND_B27_EXCLUSION_Seedlings_CutwormCollars_CardboardBarrier_KathleenMoore_CC-BY-2.0.jpg","C:\Users\dstor\Downloads\files (8)\assets\B30_032__LSE_FOUND_B27_EXCLUSION_Seedlings_CutwormCollars_CardboardBarrier_KathleenMoore_CC-BY-2.0.jpg","broken-found-elsewhere","1","repo","C:\Users\dstor\lse-repo\assets\B30_032__LSE_FOUND_B27_EXCLUSION_Seedlings_CutwormCollars_CardboardBarrier_KathleenMoore_CC-BY-2.0.jpg"
"C:\Users\dstor\Downloads\files (8)\LSE_VOLUME_3_CROPS_IPM_DIAGNOSTICS_EDITED.html","Downloads","LSE_VOLUME_3_CROPS_IPM_DIAGNOSTICS_EDITED.html","536","assets/B30_031__LSE_FOUND_B27_PEST_Corn_BlackCutworm_SeveredSeedlingDamage_WM-Hantsbarger_CC-BY-3.0-US.jpg","C:\Users\dstor\Downloads\files (8)\assets\B30_031__LSE_FOUND_B27_PEST_Corn_BlackCutworm_SeveredSeedlingDamage_WM-Hantsbarger_CC-BY-3.0-US.jpg","broken-found-elsewhere","1","repo","C:\Users\dstor\lse-repo\assets\B30_031__LSE_FOUND_B27_PEST_Corn_BlackCutworm_SeveredSeedlingDamage_WM-Hantsbarger_CC-BY-3.0-US.jpg"
"C:\Users\dstor\Downloads\files (8)\LSE_VOLUME_3_CROPS_IPM_DIAGNOSTICS_EDITED.html","Downloads","LSE_VOLUME_3_CROPS_IPM_DIAGNOSTICS_EDITED.html","537","assets/B30_034__LSE_FOUND_B27_EXCLUSION_Containers_SlugBarrier_CopperTape_KathleenMoore_CC-BY-2.0.jpg","C:\Users\dstor\Downloads\files (8)\assets\B30_034__LSE_FOUND_B27_EXCLUSION_Containers_SlugBarrier_CopperTape_KathleenMoore_CC-BY-2.0.jpg","broken-found-elsewhere","1","repo","C:\Users\dstor\lse-repo\assets\B30_034__LSE_FOUND_B27_EXCLUSION_Containers_SlugBarrier_CopperTape_KathleenMoore_CC-BY-2.0.jpg"
"C:\Users\dstor\Downloads\files (8)\LSE_VOLUME_3_CROPS_IPM_DIAGNOSTICS_EDITED.html","Downloads","LSE_VOLUME_3_CROPS_IPM_DIAGNOSTICS_EDITED.html","548","assets/lse_figures/LSE_C03_Daily_Weekly_Scouting_Route_Ch39_Ch49.png","C:\Users\dstor\Downloads\files (8)\assets\lse_figures\LSE_C03_Daily_Weekly_Scouting_Route_Ch39_Ch49.png","broken-nomatch","0","",""
"C:\Users\dstor\Downloads\files (8)\LSE_VOLUME_3_CROPS_IPM_DIAGNOSTICS_EDITED.html","Downloads","LSE_VOLUME_3_CROPS_IPM_DIAGNOSTICS_EDITED.html","581","assets/B30_012__LSE_FOUND_B26_PEST_SquashBug_Nymphs_OnSummerSquash_Pollinator_CC-BY-2-5.jpg","C:\Users\dstor\Downloads\files (8)\assets\B30_012__LSE_FOUND_B26_PEST_SquashBug_Nymphs_OnSummerSquash_Pollinator_CC-BY-2-5.jpg","broken-found-elsewhere","1","repo","C:\Users\dstor\lse-repo\assets\B30_012__LSE_FOUND_B26_PEST_SquashBug_Nymphs_OnSummerSquash_Pollinator_CC-BY-2-5.jpg"
"C:\Users\dstor\Downloads\files (8)\LSE_VOLUME_3_CROPS_IPM_DIAGNOSTICS_EDITED.html","Downloads","LSE_VOLUME_3_CROPS_IPM_DIAGNOSTICS_EDITED.html","581","assets/B30_010__LSE_FOUND_B26_PEST_SquashBug_EggCluster_UndersidePumpkinLeaf_Bdm25_CC-BY-SA-4.jpg","C:\Users\dstor\Downloads\files (8)\assets\B30_010__LSE_FOUND_B26_PEST_SquashBug_EggCluster_UndersidePumpkinLeaf_Bdm25_CC-BY-SA-4.jpg","broken-found-elsewhere","1","repo","C:\Users\dstor\lse-repo\assets\B30_010__LSE_FOUND_B26_PEST_SquashBug_EggCluster_UndersidePumpkinLeaf_Bdm25_CC-BY-SA-4.jpg"
"C:\Users\dstor\Downloads\files (8)\LSE_VOLUME_3_CROPS_IPM_DIAGNOSTICS_EDITED.html","Downloads","LSE_VOLUME_3_CROPS_IPM_DIAGNOSTICS_EDITED.html","581","assets/B30_011__LSE_FOUND_B26_PEST_SquashBug_EggCluster_AnasaTristis_BeatrizMoisset_CC-BY-SA-4.jpg","C:\Users\dstor\Downloads\files (8)\assets\B30_011__LSE_FOUND_B26_PEST_SquashBug_EggCluster_AnasaTristis_BeatrizMoisset_CC-BY-SA-4.jpg","broken-found-elsewhere","1","repo","C:\Users\dstor\lse-repo\assets\B30_011__LSE_FOUND_B26_PEST_SquashBug_EggCluster_AnasaTristis_BeatrizMoisset_CC-BY-SA-4.jpg"
"C:\Users\dstor\Downloads\files (8)\LSE_VOLUME_3_CROPS_IPM_DIAGNOSTICS_EDITED.html","Downloads","LSE_VOLUME_3_CROPS_IPM_DIAGNOSTICS_EDITED.html","581","assets/B30_054__LSE_FOUND_B28_PEST_SquashVineBorer_FrassAtStem_Pollinator_CC-BY-2.5_CONDITIONAL.jpg","C:\Users\dstor\Downloads\files (8)\assets\B30_054__LSE_FOUND_B28_PEST_SquashVineBorer_FrassAtStem_Pollinator_CC-BY-2.5_CONDITIONAL.jpg","broken-found-elsewhere","1","repo","C:\Users\dstor\lse-repo\assets\B30_054__LSE_FOUND_B28_PEST_SquashVineBorer_FrassAtStem_Pollinator_CC-BY-2.5_CONDITIONAL.jpg"
"C:\Users\dstor\Downloads\files (8)\LSE_VOLUME_3_CROPS_IPM_DIAGNOSTICS_EDITED.html","Downloads","LSE_VOLUME_3_CROPS_IPM_DIAGNOSTICS_EDITED.html","581","assets/B30_055__LSE_FOUND_B28_PEST_SquashVineBorer_LarvaeSplitStemFrass_Pollinator_CC-BY-2.5_CONDITIONAL.jpg","C:\Users\dstor\Downloads\files (8)\assets\B30_055__LSE_FOUND_B28_PEST_SquashVineBorer_LarvaeSplitStemFrass_Pollinator_CC-BY-2.5_CONDITIONAL.jpg","broken-found-elsewhere","1","repo","C:\Users\dstor\lse-repo\assets\B30_055__LSE_FOUND_B28_PEST_SquashVineBorer_LarvaeSplitStemFrass_Pollinator_CC-BY-2.5_CONDITIONAL.jpg"
"C:\Users\dstor\Downloads\files (8)\LSE_VOLUME_3_CROPS_IPM_DIAGNOSTICS_EDITED.html","Downloads","LSE_VOLUME_3_CROPS_IPM_DIAGNOSTICS_EDITED.html","581","assets/B30_013__LSE_FOUND_B26_PEST_SquashBug_Adult_MarginalResolution_Downtowngal_CC0.jpg","C:\Users\dstor\Downloads\files (8)\assets\B30_013__LSE_FOUND_B26_PEST_SquashBug_Adult_MarginalResolution_Downtowngal_CC0.jpg","broken-found-elsewhere","1","repo","C:\Users\dstor\lse-repo\assets\B30_013__LSE_FOUND_B26_PEST_SquashBug_Adult_MarginalResolution_Downtowngal_CC0.jpg"
"C:\Users\dstor\Downloads\files (8)\LSE_VOLUME_3_CROPS_IPM_DIAGNOSTICS_EDITED.html","Downloads","LSE_VOLUME_3_CROPS_IPM_DIAGNOSTICS_EDITED.html","581","assets/B30_006__LSE_FOUND_B26_ROOTS_Tomato_RootKnotNematode_GalledRoots_PlantPestsDiseases_CC0.jpg","C:\Users\dstor\Downloads\files (8)\assets\B30_006__LSE_FOUND_B26_ROOTS_Tomato_RootKnotNematode_GalledRoots_PlantPestsDiseases_CC0.jpg","broken-found-elsewhere","1","repo","C:\Users\dstor\lse-repo\assets\B30_006__LSE_FOUND_B26_ROOTS_Tomato_RootKnotNematode_GalledRoots_PlantPestsDiseases_CC0.jpg"
"C:\Users\dstor\Downloads\files (8)\LSE_VOLUME_3_CROPS_IPM_DIAGNOSTICS_EDITED.html","Downloads","LSE_VOLUME_3_CROPS_IPM_DIAGNOSTICS_EDITED.html","593","assets/lse_figures/LSE_B33_Beneficial_Insect_Lifecycle_Plate_Ch40.png","C:\Users\dstor\Downloads\files (8)\assets\lse_figures\LSE_B33_Beneficial_Insect_Lifecycle_Plate_Ch40.png","broken-nomatch","0","",""
"C:\Users\dstor\Downloads\files (8)\LSE_VOLUME_3_CROPS_IPM_DIAGNOSTICS_EDITED.html","Downloads","LSE_VOLUME_3_CROPS_IPM_DIAGNOSTICS_EDITED.html","626","assets/lse_figures/LSE_C07_Harvest_Postharvest_Handling_Workflow_Ch49.png","C:\Users\dstor\Downloads\files (8)\assets\lse_figures\LSE_C07_Harvest_Postharvest_Handling_Workflow_Ch49.png","broken-found-elsewhere","1","repo","C:\Users\dstor\lse-repo\assets\lse_figures\LSE_C07_Harvest_Postharvest_Handling_Workflow_Ch49.png"
"C:\Users\dstor\Downloads\files (8)\LSE_VOLUME_3_CROPS_IPM_DIAGNOSTICS_EDITED.html","Downloads","LSE_VOLUME_3_CROPS_IPM_DIAGNOSTICS_EDITED.html","649","assets/B30_038__LSE_FOUND_B27_ABIOTIC_Tomato_FertilizerBurn_YoungLeafScorch_UMD_VERIFY.jpg","C:\Users\dstor\Downloads\files (8)\assets\B30_038__LSE_FOUND_B27_ABIOTIC_Tomato_FertilizerBurn_YoungLeafScorch_UMD_VERIFY.jpg","broken-found-elsewhere","1","repo","C:\Users\dstor\lse-repo\assets\B30_038__LSE_FOUND_B27_ABIOTIC_Tomato_FertilizerBurn_YoungLeafScorch_UMD_VERIFY.jpg"
"C:\Users\dstor\Downloads\files (8)\LSE_VOLUME_3_CROPS_IPM_DIAGNOSTICS_EDITED.html","Downloads","LSE_VOLUME_3_CROPS_IPM_DIAGNOSTICS_EDITED.html","650","assets/B30_056__LSE_FOUND_B28_ABIOTIC_FertilizerBurn_LeafScorchPattern_CannabisCropMismatch_Fenrisulfir_CC-BY-SA-GFDL.jpg","C:\Users\dstor\Downloads\files (8)\assets\B30_056__LSE_FOUND_B28_ABIOTIC_FertilizerBurn_LeafScorchPattern_CannabisCropMismatch_Fenrisulfir_CC-BY-SA-GFDL.jpg","broken-found-elsewhere","1","repo","C:\Users\dstor\lse-repo\assets\B30_056__LSE_FOUND_B28_ABIOTIC_FertilizerBurn_LeafScorchPattern_CannabisCropMismatch_Fenrisulfir_CC-BY-SA-GFDL.jpg"
"C:\Users\dstor\Downloads\files (8)\LSE_VOLUME_3_CROPS_IPM_DIAGNOSTICS_EDITED.html","Downloads","LSE_VOLUME_3_CROPS_IPM_DIAGNOSTICS_EDITED.html","654","assets/B30_037__LSE_FOUND_B27_ABIOTIC_VegetableTransplant_ColdFreezeDamage_WhiteLeaves_UMD_VERIFY.jpg","C:\Users\dstor\Downloads\files (8)\assets\B30_037__LSE_FOUND_B27_ABIOTIC_VegetableTransplant_ColdFreezeDamage_WhiteLeaves_UMD_VERIFY.jpg","broken-found-elsewhere","1","repo","C:\Users\dstor\lse-repo\assets\B30_037__LSE_FOUND_B27_ABIOTIC_VegetableTransplant_ColdFreezeDamage_WhiteLeaves_UMD_VERIFY.jpg"
"C:\Users\dstor\Downloads\files (8)\LSE_VOLUME_3_CROPS_IPM_DIAGNOSTICS_EDITED.html","Downloads","LSE_VOLUME_3_CROPS_IPM_DIAGNOSTICS_EDITED.html","655","assets/B30_071__LSE_FOUND_B29_ABIOTIC_Bean_HerbicideInjury_EpinastySwollenStems_VCE_PublicUse.jpg","C:\Users\dstor\Downloads\files (8)\assets\B30_071__LSE_FOUND_B29_ABIOTIC_Bean_HerbicideInjury_EpinastySwollenStems_VCE_PublicUse.jpg","broken-found-elsewhere","1","repo","C:\Users\dstor\lse-repo\assets\B30_071__LSE_FOUND_B29_ABIOTIC_Bean_HerbicideInjury_EpinastySwollenStems_VCE_PublicUse.jpg"
"C:\Users\dstor\Downloads\files (8)\LSE_VOLUME_3_CROPS_IPM_DIAGNOSTICS_EDITED.html","Downloads","LSE_VOLUME_3_CROPS_IPM_DIAGNOSTICS_EDITED.html","656","assets/B30_072__LSE_FOUND_B29_ABIOTIC_Squash_HerbicideResidue_FieldEpinastyTwisting_VCE_PublicUse.jpg","C:\Users\dstor\Downloads\files (8)\assets\B30_072__LSE_FOUND_B29_ABIOTIC_Squash_HerbicideResidue_FieldEpinastyTwisting_VCE_PublicUse.jpg","broken-found-elsewhere","1","repo","C:\Users\dstor\lse-repo\assets\B30_072__LSE_FOUND_B29_ABIOTIC_Squash_HerbicideResidue_FieldEpinastyTwisting_VCE_PublicUse.jpg"
"C:\Users\dstor\Downloads\files (8)\LSE_VOLUME_3_CROPS_IPM_DIAGNOSTICS_EDITED.html","Downloads","LSE_VOLUME_3_CROPS_IPM_DIAGNOSTICS_EDITED.html","657","assets/B30_045__LSE_FOUND_B28_ABIOTIC_Tomato_HailDamage_FruitBruisesHoles_DwightSipler_CC-BY-2.0.jpg","C:\Users\dstor\Downloads\files (8)\assets\B30_045__LSE_FOUND_B28_ABIOTIC_Tomato_HailDamage_FruitBruisesHoles_DwightSipler_CC-BY-2.0.jpg","broken-found-elsewhere","1","repo","C:\Users\dstor\lse-repo\assets\B30_045__LSE_FOUND_B28_ABIOTIC_Tomato_HailDamage_FruitBruisesHoles_DwightSipler_CC-BY-2.0.jpg"
"C:\Users\dstor\Downloads\files (8)\LSE_VOLUME_3_CROPS_IPM_DIAGNOSTICS_EDITED.html","Downloads","LSE_VOLUME_3_CROPS_IPM_DIAGNOSTICS_EDITED.html","658","assets/B30_004__LSE_FOUND_B26_ABIOTIC_Tomato_HailDamage_BruisedBrokenStems_DwightSipler_CC-BY-2.jpg","C:\Users\dstor\Downloads\files (8)\assets\B30_004__LSE_FOUND_B26_ABIOTIC_Tomato_HailDamage_BruisedBrokenStems_DwightSipler_CC-BY-2.jpg","broken-found-elsewhere","1","repo","C:\Users\dstor\lse-repo\assets\B30_004__LSE_FOUND_B26_ABIOTIC_Tomato_HailDamage_BruisedBrokenStems_DwightSipler_CC-BY-2.jpg"
"C:\Users\dstor\Downloads\files (8)\LSE_VOLUME_3_CROPS_IPM_DIAGNOSTICS_EDITED.html","Downloads","LSE_VOLUME_3_CROPS_IPM_DIAGNOSTICS_EDITED.html","659","assets/B30_078__LSE_FOUND_B29_HOLD_ABIOTIC_Bean_PesticideBurn_ScorchedLeaves_UMD_VERIFY.png","C:\Users\dstor\Downloads\files (8)\assets\B30_078__LSE_FOUND_B29_HOLD_ABIOTIC_Bean_PesticideBurn_ScorchedLeaves_UMD_VERIFY.png","broken-nomatch","0","",""
"C:\Users\dstor\Downloads\files (8)\LSE_VOLUME_3_CROPS_IPM_DIAGNOSTICS_EDITED.html","Downloads","LSE_VOLUME_3_CROPS_IPM_DIAGNOSTICS_EDITED.html","663","assets/B30_036__LSE_FOUND_B27_ABIOTIC_Bean_PesticideBurn_LeafScorch_UMD_VERIFY.png","C:\Users\dstor\Downloads\files (8)\assets\B30_036__LSE_FOUND_B27_ABIOTIC_Bean_PesticideBurn_LeafScorch_UMD_VERIFY.png","broken-nomatch","0","",""
"C:\Users\dstor\Downloads\files (8)\LSE_VOLUME_3_CROPS_IPM_DIAGNOSTICS_EDITED.html","Downloads","LSE_VOLUME_3_CROPS_IPM_DIAGNOSTICS_EDITED.html","664","assets/B30_077__LSE_FOUND_B29_HOLD_ABIOTIC_Squash_PesticideBurn_Phytotoxicity_UMD_VERIFY.jpg","C:\Users\dstor\Downloads\files (8)\assets\B30_077__LSE_FOUND_B29_HOLD_ABIOTIC_Squash_PesticideBurn_Phytotoxicity_UMD_VERIFY.jpg","broken-found-elsewhere","1","repo","C:\Users\dstor\lse-repo\assets\B30_077__LSE_FOUND_B29_HOLD_ABIOTIC_Squash_PesticideBurn_Phytotoxicity_UMD_VERIFY.jpg"
"C:\Users\dstor\Downloads\files (8)\LSE_VOLUME_3_CROPS_IPM_DIAGNOSTICS_EDITED.html","Downloads","LSE_VOLUME_3_CROPS_IPM_DIAGNOSTICS_EDITED.html","665","assets/B30_035__LSE_FOUND_B27_ABIOTIC_Squash_PesticideBurn_SoapPyrethrinLeafScorch_UMD_VERIFY.jpg","C:\Users\dstor\Downloads\files (8)\assets\B30_035__LSE_FOUND_B27_ABIOTIC_Squash_PesticideBurn_SoapPyrethrinLeafScorch_UMD_VERIFY.jpg","broken-found-elsewhere","1","repo","C:\Users\dstor\lse-repo\assets\B30_035__LSE_FOUND_B27_ABIOTIC_Squash_PesticideBurn_SoapPyrethrinLeafScorch_UMD_VERIFY.jpg"
"C:\Users\dstor\Downloads\files (8)\LSE_VOLUME_3_CROPS_IPM_DIAGNOSTICS_EDITED.html","Downloads","LSE_VOLUME_3_CROPS_IPM_DIAGNOSTICS_EDITED.html","666","assets/B30_001__LSE_FOUND_B26_ABIOTIC_Pepper_Sunscald_ExposedFruit_DonFerrin_Bugwood_CC-BY-3.jpg","C:\Users\dstor\Downloads\files (8)\assets\B30_001__LSE_FOUND_B26_ABIOTIC_Pepper_Sunscald_ExposedFruit_DonFerrin_Bugwood_CC-BY-3.jpg","broken-found-elsewhere","1","repo","C:\Users\dstor\lse-repo\assets\B30_001__LSE_FOUND_B26_ABIOTIC_Pepper_Sunscald_ExposedFruit_DonFerrin_Bugwood_CC-BY-3.jpg"
"C:\Users\dstor\Downloads\files (8)\LSE_VOLUME_3_CROPS_IPM_DIAGNOSTICS_EDITED.html","Downloads","LSE_VOLUME_3_CROPS_IPM_DIAGNOSTICS_EDITED.html","667","assets/B30_002__LSE_FOUND_B26_ABIOTIC_Tomato_FruitCracking_IrregularIrrigationCue_Fructibus_CC0.jpg","C:\Users\dstor\Downloads\files (8)\assets\B30_002__LSE_FOUND_B26_ABIOTIC_Tomato_FruitCracking_IrregularIrrigationCue_Fructibus_CC0.jpg","broken-found-elsewhere","1","repo","C:\Users\dstor\lse-repo\assets\B30_002__LSE_FOUND_B26_ABIOTIC_Tomato_FruitCracking_IrregularIrrigationCue_Fructibus_CC0.jpg"
"C:\Users\dstor\Downloads\files (8)\LSE_VOLUME_3_CROPS_IPM_DIAGNOSTICS_EDITED.html","Downloads","LSE_VOLUME_3_CROPS_IPM_DIAGNOSTICS_EDITED.html","671","assets/B30_050__LSE_FOUND_B28_ABIOTIC_Tomato_FrostDamage_LeafFruitBurn_AmroBinKulthoum_CC-BY-SA-3.0.jpg","C:\Users\dstor\Downloads\files (8)\assets\B30_050__LSE_FOUND_B28_ABIOTIC_Tomato_FrostDamage_LeafFruitBurn_AmroBinKulthoum_CC-BY-SA-3.0.jpg","broken-found-elsewhere","1","repo","C:\Users\dstor\lse-repo\assets\B30_050__LSE_FOUND_B28_ABIOTIC_Tomato_FrostDamage_LeafFruitBurn_AmroBinKulthoum_CC-BY-SA-3.0.jpg"
"C:\Users\dstor\Downloads\files (8)\LSE_VOLUME_3_CROPS_IPM_DIAGNOSTICS_EDITED.html","Downloads","LSE_VOLUME_3_CROPS_IPM_DIAGNOSTICS_EDITED.html","672","assets/B30_003__LSE_FOUND_B26_ABIOTIC_Tomato_Catfacing_FruitDeformity_ParthasarathySeethapathy_CC-BY-SA-4.jpg","C:\Users\dstor\Downloads\files (8)\assets\B30_003__LSE_FOUND_B26_ABIOTIC_Tomato_Catfacing_FruitDeformity_ParthasarathySeethapathy_CC-BY-SA-4.jpg","broken-found-elsewhere","1","repo","C:\Users\dstor\lse-repo\assets\B30_003__LSE_FOUND_B26_ABIOTIC_Tomato_Catfacing_FruitDeformity_ParthasarathySeethapathy_CC-BY-SA-4.jpg"
"C:\Users\dstor\Downloads\files (8)\LSE_VOLUME_3_CROPS_IPM_DIAGNOSTICS_EDITED.html","Downloads","LSE_VOLUME_3_CROPS_IPM_DIAGNOSTICS_EDITED.html","674","assets/lse_figures/LSE_D03_Damping_Off_Lookalike_Plate_Ch42_49.png","C:\Users\dstor\Downloads\files (8)\assets\lse_figures\LSE_D03_Damping_Off_Lookalike_Plate_Ch42_49.png","broken-nomatch","0","",""
"C:\Users\dstor\Downloads\files (8)\LSE_VOLUME_3_CROPS_IPM_DIAGNOSTICS_EDITED.html","Downloads","LSE_VOLUME_3_CROPS_IPM_DIAGNOSTICS_EDITED.html","681","assets/lse_figures/LSE_D15_Tomato_Leaf_Spot_Lookalikes_Ch42.png","C:\Users\dstor\Downloads\files (8)\assets\lse_figures\LSE_D15_Tomato_Leaf_Spot_Lookalikes_Ch42.png","broken-nomatch","0","",""
"C:\Users\dstor\Downloads\files (8)\LSE_VOLUME_3_CROPS_IPM_DIAGNOSTICS_EDITED.html","Downloads","LSE_VOLUME_3_CROPS_IPM_DIAGNOSTICS_EDITED.html","681","assets/lse_figures/LSE_D19_Powdery_Mildew_vs_Downy_Mildew_Ch42.png","C:\Users\dstor\Downloads\files (8)\assets\lse_figures\LSE_D19_Powdery_Mildew_vs_Downy_Mildew_Ch42.png","broken-nomatch","0","",""
"C:\Users\dstor\Downloads\files (8)\LSE_VOLUME_3_CROPS_IPM_DIAGNOSTICS_EDITED.html","Downloads","LSE_VOLUME_3_CROPS_IPM_DIAGNOSTICS_EDITED.html","687","assets/lse_figures/LSE_D01_Wilt_Triage_Decision_Tree_Ch42.png","C:\Users\dstor\Downloads\files (8)\assets\lse_figures\LSE_D01_Wilt_Triage_Decision_Tree_Ch42.png","broken-found-elsewhere","1","repo","C:\Users\dstor\lse-repo\assets\lse_figures\LSE_D01_Wilt_Triage_Decision_Tree_Ch42.png"
"C:\Users\dstor\Downloads\files (8)\LSE_VOLUME_3_CROPS_IPM_DIAGNOSTICS_EDITED.html","Downloads","LSE_VOLUME_3_CROPS_IPM_DIAGNOSTICS_EDITED.html","687","assets/lse_figures/LSE_D02_Southern_Blight_vs_White_Mold_Ch42.png","C:\Users\dstor\Downloads\files (8)\assets\lse_figures\LSE_D02_Southern_Blight_vs_White_Mold_Ch42.png","broken-nomatch","0","",""
"C:\Users\dstor\Downloads\files (8)\LSE_VOLUME_3_CROPS_IPM_DIAGNOSTICS_EDITED.html","Downloads","LSE_VOLUME_3_CROPS_IPM_DIAGNOSTICS_EDITED.html","692","assets/lse_figures/LSE_D05_Herbicide_Drift_Growth_Regulator_Lookalike_Plate_Ch42.png","C:\Users\dstor\Downloads\files (8)\assets\lse_figures\LSE_D05_Herbicide_Drift_Growth_Regulator_Lookalike_Plate_Ch42.png","broken-nomatch","0","",""
"C:\Users\dstor\Downloads\files (8)\LSE_VOLUME_3_CROPS_IPM_DIAGNOSTICS_EDITED.html","Downloads","LSE_VOLUME_3_CROPS_IPM_DIAGNOSTICS_EDITED.html","692","assets/user_created_web/UCI_029_Troubleshooting_Decision_Tree_Yellowing_Leaves.png","C:\Users\dstor\Downloads\files (8)\assets\user_created_web\UCI_029_Troubleshooting_Decision_Tree_Yellowing_Leaves.png","broken-found-elsewhere","1","repo","C:\Users\dstor\lse-repo\assets\user_created_web\UCI_029_Troubleshooting_Decision_Tree_Yellowing_Leaves.png"
"C:\Users\dstor\Downloads\files (8)\LSE_VOLUME_3_CROPS_IPM_DIAGNOSTICS_EDITED.html","Downloads","LSE_VOLUME_3_CROPS_IPM_DIAGNOSTICS_EDITED.html","696","assets/lse_figures/LSE_D16_Pepper_Abiotic_Disorders_Herbicide_Lookalikes_Ch42.png","C:\Users\dstor\Downloads\files (8)\assets\lse_figures\LSE_D16_Pepper_Abiotic_Disorders_Herbicide_Lookalikes_Ch42.png","broken-nomatch","0","",""
"C:\Users\dstor\Downloads\files (8)\LSE_VOLUME_3_CROPS_IPM_DIAGNOSTICS_EDITED.html","Downloads","LSE_VOLUME_3_CROPS_IPM_DIAGNOSTICS_EDITED.html","710","assets/B30_046__LSE_FOUND_B28_ROOTS_Tomato_BacterialWilt_StemCrossSection_ClemsonUSDA_CC-BY-3.0.jpg","C:\Users\dstor\Downloads\files (8)\assets\B30_046__LSE_FOUND_B28_ROOTS_Tomato_BacterialWilt_StemCrossSection_ClemsonUSDA_CC-BY-3.0.jpg","broken-found-elsewhere","1","repo","C:\Users\dstor\lse-repo\assets\B30_046__LSE_FOUND_B28_ROOTS_Tomato_BacterialWilt_StemCrossSection_ClemsonUSDA_CC-BY-3.0.jpg"
"C:\Users\dstor\Downloads\files (8)\LSE_VOLUME_3_CROPS_IPM_DIAGNOSTICS_EDITED.html","Downloads","LSE_VOLUME_3_CROPS_IPM_DIAGNOSTICS_EDITED.html","710","assets/B30_051__LSE_FOUND_B28_DISEASE_Tomato_SouthernBlight_SclerotiaAtCrown_PersleyCooke_CC-BY-SA-3.0_LOWRES.jpg","C:\Users\dstor\Downloads\files (8)\assets\B30_051__LSE_FOUND_B28_DISEASE_Tomato_SouthernBlight_SclerotiaAtCrown_PersleyCooke_CC-BY-SA-3.0_LOWRES.jpg","broken-found-elsewhere","1","repo","C:\Users\dstor\lse-repo\assets\B30_051__LSE_FOUND_B28_DISEASE_Tomato_SouthernBlight_SclerotiaAtCrown_PersleyCooke_CC-BY-SA-3.0_LOWRES.jpg"
"C:\Users\dstor\Downloads\files (8)\LSE_VOLUME_3_CROPS_IPM_DIAGNOSTICS_EDITED.html","Downloads","LSE_VOLUME_3_CROPS_IPM_DIAGNOSTICS_EDITED.html","710","assets/B30_025__LSE_FOUND_B27_ROOTS_Tomato_FusariumWilt_VascularBrowningStemSplit_NCSU-IngaMeadows_VERIFY.jpg","C:\Users\dstor\Downloads\files (8)\assets\B30_025__LSE_FOUND_B27_ROOTS_Tomato_FusariumWilt_VascularBrowningStemSplit_NCSU-IngaMeadows_VERIFY.jpg","broken-found-elsewhere","1","repo","C:\Users\dstor\lse-repo\assets\B30_025__LSE_FOUND_B27_ROOTS_Tomato_FusariumWilt_VascularBrowningStemSplit_NCSU-IngaMeadows_VERIFY.jpg"
"C:\Users\dstor\Downloads\files (8)\LSE_VOLUME_3_CROPS_IPM_DIAGNOSTICS_EDITED.html","Downloads","LSE_VOLUME_3_CROPS_IPM_DIAGNOSTICS_EDITED.html","710","assets/B30_082__LSE_FOUND_B29_HOLD_DISEASE_Tomato_BacterialWilt_StreamingTest_UAEX_PERMISSION.jpg","C:\Users\dstor\Downloads\files (8)\assets\B30_082__LSE_FOUND_B29_HOLD_DISEASE_Tomato_BacterialWilt_StreamingTest_UAEX_PERMISSION.jpg","broken-found-elsewhere","1","repo","C:\Users\dstor\lse-repo\assets\B30_082__LSE_FOUND_B29_HOLD_DISEASE_Tomato_BacterialWilt_StreamingTest_UAEX_PERMISSION.jpg"
"C:\Users\dstor\Downloads\files (8)\LSE_VOLUME_3_CROPS_IPM_DIAGNOSTICS_EDITED.html","Downloads","LSE_VOLUME_3_CROPS_IPM_DIAGNOSTICS_EDITED.html","710","assets/B30_026__LSE_FOUND_B27_ROOTS_Pepper_DampingOff_StemCankerSoilLine_UMass-TSmith_VERIFY.jpg","C:\Users\dstor\Downloads\files (8)\assets\B30_026__LSE_FOUND_B27_ROOTS_Pepper_DampingOff_StemCankerSoilLine_UMass-TSmith_VERIFY.jpg","broken-found-elsewhere","1","repo","C:\Users\dstor\lse-repo\assets\B30_026__LSE_FOUND_B27_ROOTS_Pepper_DampingOff_StemCankerSoilLine_UMass-TSmith_VERIFY.jpg"
"C:\Users\dstor\Downloads\files (8)\LSE_VOLUME_3_CROPS_IPM_DIAGNOSTICS_EDITED.html","Downloads","LSE_VOLUME_3_CROPS_IPM_DIAGNOSTICS_EDITED.html","710","assets/B30_047__LSE_FOUND_B28_DISEASE_Tomato_RhizoctoniaSolani_FruitRotBlackLesions_JGK_hn_CC-BY-3.0.jpg","C:\Users\dstor\Downloads\files (8)\assets\B30_047__LSE_FOUND_B28_DISEASE_Tomato_RhizoctoniaSolani_FruitRotBlackLesions_JGK_hn_CC-BY-3.0.jpg","broken-found-elsewhere","1","repo","C:\Users\dstor\lse-repo\assets\B30_047__LSE_FOUND_B28_DISEASE_Tomato_RhizoctoniaSolani_FruitRotBlackLesions_JGK_hn_CC-BY-3.0.jpg"
"C:\Users\dstor\Downloads\files (8)\LSE_VOLUME_3_CROPS_IPM_DIAGNOSTICS_EDITED.html","Downloads","LSE_VOLUME_3_CROPS_IPM_DIAGNOSTICS_EDITED.html","710","assets/B30_076__LSE_FOUND_B29_ROOTS_ContainerRootbound_GirdledRoots_BrendanLandis_CC-BY-SA-2.0.jpg","C:\Users\dstor\Downloads\files (8)\assets\B30_076__LSE_FOUND_B29_ROOTS_ContainerRootbound_GirdledRoots_BrendanLandis_CC-BY-SA-2.0.jpg","broken-found-elsewhere","1","repo","C:\Users\dstor\lse-repo\assets\B30_076__LSE_FOUND_B29_ROOTS_ContainerRootbound_GirdledRoots_BrendanLandis_CC-BY-SA-2.0.jpg"
"C:\Users\dstor\Downloads\files (8)\LSE_VOLUME_3_CROPS_IPM_DIAGNOSTICS_EDITED.html","Downloads","LSE_VOLUME_3_CROPS_IPM_DIAGNOSTICS_EDITED.html","710","assets/B30_070__LSE_FOUND_B29_ABIOTIC_Tomato_HerbicideResidue_CuppedNewGrowth_VCE_PublicUse.jpg","C:\Users\dstor\Downloads\files (8)\assets\B30_070__LSE_FOUND_B29_ABIOTIC_Tomato_HerbicideResidue_CuppedNewGrowth_VCE_PublicUse.jpg","broken-found-elsewhere","1","repo","C:\Users\dstor\lse-repo\assets\B30_070__LSE_FOUND_B29_ABIOTIC_Tomato_HerbicideResidue_CuppedNewGrowth_VCE_PublicUse.jpg"
"C:\Users\dstor\Downloads\files (8)\LSE_VOLUME_3_CROPS_IPM_DIAGNOSTICS_EDITED.html","Downloads","LSE_VOLUME_3_CROPS_IPM_DIAGNOSTICS_EDITED.html","710","assets/B30_022__LSE_FOUND_B27_ABIOTIC_Tomato_2-4DDrift_CuppedNewGrowth_MaryAnnHansen-Bugwood_CONDITIONAL.jpg","C:\Users\dstor\Downloads\files (8)\assets\B30_022__LSE_FOUND_B27_ABIOTIC_Tomato_2-4DDrift_CuppedNewGrowth_MaryAnnHansen-Bugwood_CONDITIONAL.jpg","broken-found-elsewhere","1","repo","C:\Users\dstor\lse-repo\assets\B30_022__LSE_FOUND_B27_ABIOTIC_Tomato_2-4DDrift_CuppedNewGrowth_MaryAnnHansen-Bugwood_CONDITIONAL.jpg"
"C:\Users\dstor\Downloads\files (8)\LSE_VOLUME_3_CROPS_IPM_DIAGNOSTICS_EDITED.html","Downloads","LSE_VOLUME_3_CROPS_IPM_DIAGNOSTICS_EDITED.html","710","assets/B30_023__LSE_FOUND_B27_ABIOTIC_Tomato_GlyphosateInjury_YellowDistortedNewGrowth_NathanHoward-Bugwood_VERIFY.jpg","C:\Users\dstor\Downloads\files (8)\assets\B30_023__LSE_FOUND_B27_ABIOTIC_Tomato_GlyphosateInjury_YellowDistortedNewGrowth_NathanHoward-Bugwood_VERIFY.jpg","broken-found-elsewhere","1","repo","C:\Users\dstor\lse-repo\assets\B30_023__LSE_FOUND_B27_ABIOTIC_Tomato_GlyphosateInjury_YellowDistortedNewGrowth_NathanHoward-Bugwood_VERIFY.jpg"
"C:\Users\dstor\Downloads\files (8)\LSE_VOLUME_3_CROPS_IPM_DIAGNOSTICS_EDITED.html","Downloads","LSE_VOLUME_3_CROPS_IPM_DIAGNOSTICS_EDITED.html","710","assets/B30_024__LSE_FOUND_B27_ABIOTIC_Tomato_2-4DInjury_TwistedCurlingShoot_PBacchi-Bugwood_VERIFY.png","C:\Users\dstor\Downloads\files (8)\assets\B30_024__LSE_FOUND_B27_ABIOTIC_Tomato_2-4DInjury_TwistedCurlingShoot_PBacchi-Bugwood_VERIFY.png","broken-nomatch","0","",""
"C:\Users\dstor\Downloads\files (8)\LSE_VOLUME_3_CROPS_IPM_DIAGNOSTICS_EDITED.html","Downloads","LSE_VOLUME_3_CROPS_IPM_DIAGNOSTICS_EDITED.html","710","assets/B30_039__LSE_FOUND_B27_ABIOTIC_Tomato_FlumioxazinDrift_FruitNecrosis_NCSU-CC-BY-NC-SA_REJECT.png","C:\Users\dstor\Downloads\files (8)\assets\B30_039__LSE_FOUND_B27_ABIOTIC_Tomato_FlumioxazinDrift_FruitNecrosis_NCSU-CC-BY-NC-SA_REJECT.png","broken-nomatch","0","",""
"C:\Users\dstor\Downloads\files (8)\LSE_VOLUME_3_CROPS_IPM_DIAGNOSTICS_EDITED.html","Downloads","LSE_VOLUME_3_CROPS_IPM_DIAGNOSTICS_EDITED.html","710","assets/B30_040__LSE_FOUND_B27_ABIOTIC_Tomato_FlumioxazinDrift_FoliageStemNecrosis_NCSU-CC-BY-NC-SA_REJECT.png","C:\Users\dstor\Downloads\files (8)\assets\B30_040__LSE_FOUND_B27_ABIOTIC_Tomato_FlumioxazinDrift_FoliageStemNecrosis_NCSU-CC-BY-NC-SA_REJECT.png","broken-nomatch","0","",""
"C:\Users\dstor\Downloads\files (8)\LSE_VOLUME_3_CROPS_IPM_DIAGNOSTICS_EDITED.html","Downloads","LSE_VOLUME_3_CROPS_IPM_DIAGNOSTICS_EDITED.html","765","assets/lse_figures/LSE_A20_Soil_Microscopy_Workflow_Ch44.png","C:\Users\dstor\Downloads\files (8)\assets\lse_figures\LSE_A20_Soil_Microscopy_Workflow_Ch44.png","broken-found-elsewhere","1","repo","C:\Users\dstor\lse-repo\assets\lse_figures\LSE_A20_Soil_Microscopy_Workflow_Ch44.png"
"C:\Users\dstor\Downloads\files (8)\LSE_VOLUME_3_CROPS_IPM_DIAGNOSTICS_EDITED.html","Downloads","LSE_VOLUME_3_CROPS_IPM_DIAGNOSTICS_EDITED.html","810","assets/user_created_web/UCI_023_Soil_Test_Results_How_to_Read_Them.png","C:\Users\dstor\Downloads\files (8)\assets\user_created_web\UCI_023_Soil_Test_Results_How_to_Read_Them.png","broken-nomatch","0","",""
"C:\Users\dstor\Downloads\files (8)\LSE_VOLUME_3_CROPS_IPM_DIAGNOSTICS_EDITED.html","Downloads","LSE_VOLUME_3_CROPS_IPM_DIAGNOSTICS_EDITED.html","833","assets/lse_figures/LSE_C12_Soil_Test_Report_Decoder_Ch45.png","C:\Users\dstor\Downloads\files (8)\assets\lse_figures\LSE_C12_Soil_Test_Report_Decoder_Ch45.png","broken-found-elsewhere","1","repo","C:\Users\dstor\lse-repo\assets\lse_figures\LSE_C12_Soil_Test_Report_Decoder_Ch45.png"
"C:\Users\dstor\Downloads\files (8)\LSE_VOLUME_3_CROPS_IPM_DIAGNOSTICS_EDITED.html","Downloads","LSE_VOLUME_3_CROPS_IPM_DIAGNOSTICS_EDITED.html","857","assets/lse_figures/LSE_C13_Mobile_vs_Immobile_Nutrient_Symptom_Map_Ch46.png","C:\Users\dstor\Downloads\files (8)\assets\lse_figures\LSE_C13_Mobile_vs_Immobile_Nutrient_Symptom_Map_Ch46.png","broken-found-elsewhere","1","repo","C:\Users\dstor\lse-repo\assets\lse_figures\LSE_C13_Mobile_vs_Immobile_Nutrient_Symptom_Map_Ch46.png"
"C:\Users\dstor\Downloads\files (8)\LSE_VOLUME_3_CROPS_IPM_DIAGNOSTICS_EDITED.html","Downloads","LSE_VOLUME_3_CROPS_IPM_DIAGNOSTICS_EDITED.html","903","assets/lse_figures/LSE_C10_Refractometer_Protocol_Card_Ch47.png","C:\Users\dstor\Downloads\files (8)\assets\lse_figures\LSE_C10_Refractometer_Protocol_Card_Ch47.png","broken-found-elsewhere","1","repo","C:\Users\dstor\lse-repo\assets\lse_figures\LSE_C10_Refractometer_Protocol_Card_Ch47.png"
"C:\Users\dstor\Downloads\files (8)\LSE_VOLUME_3_CROPS_IPM_DIAGNOSTICS_EDITED.html","Downloads","LSE_VOLUME_3_CROPS_IPM_DIAGNOSTICS_EDITED.html","1044","assets/user_created_web/UCI_025_Brix_Monitoring_Chart.png","C:\Users\dstor\Downloads\files (8)\assets\user_created_web\UCI_025_Brix_Monitoring_Chart.png","broken-found-elsewhere","1","repo","C:\Users\dstor\lse-repo\assets\user_created_web\UCI_025_Brix_Monitoring_Chart.png"
"C:\Users\dstor\Downloads\files (8)\LSE_VOLUME_3_CROPS_IPM_DIAGNOSTICS_EDITED.html","Downloads","LSE_VOLUME_3_CROPS_IPM_DIAGNOSTICS_EDITED.html","1148","assets/lse_figures/LSE_C14_Electroculture_Self_Experiment_Layout_Ch48.png","C:\Users\dstor\Downloads\files (8)\assets\lse_figures\LSE_C14_Electroculture_Self_Experiment_Layout_Ch48.png","broken-nomatch","0","",""
"C:\Users\dstor\Downloads\files (8)\LSE_VOLUME_3_CROPS_IPM_DIAGNOSTICS_EDITED.html","Downloads","LSE_VOLUME_3_CROPS_IPM_DIAGNOSTICS_EDITED.html","1412","assets/user_created_web/UCI_026_Electroculture_Experimental_Protocol_Layout.png","C:\Users\dstor\Downloads\files (8)\assets\user_created_web\UCI_026_Electroculture_Experimental_Protocol_Layout.png","broken-found-elsewhere","1","repo","C:\Users\dstor\lse-repo\assets\user_created_web\UCI_026_Electroculture_Experimental_Protocol_Layout.png"
"C:\Users\dstor\Downloads\files (8)\LSE_VOLUME_3_CROPS_IPM_DIAGNOSTICS_EDITED.html","Downloads","LSE_VOLUME_3_CROPS_IPM_DIAGNOSTICS_EDITED.html","1879","assets/user_created_web/UCI_027_Plant_Electrophysiology_Electrical_Signaling_Pathways.png","C:\Users\dstor\Downloads\files (8)\assets\user_created_web\UCI_027_Plant_Electrophysiology_Electrical_Signaling_Pathways.png","broken-nomatch","0","",""
